Model_Info,Epoch,Guest_Loss,Host_Losses_List,Global_Avg_Loss,Best_Loss,Patience_Counter
ISTGNN_PeMS04_flow,1,0.1557311862707138,"[0.12547369301319122, 0.14105184376239777]",0.14075224101543427,0.14075224101543427,0
ISTGNN_PeMS04_flow,2,0.14382483065128326,"[0.12442626804113388, 0.1371956318616867]",0.1351489101847013,0.1351489101847013,0
ISTGNN_PeMS04_flow,3,0.142744243144989,"[0.120033398270607, 0.13573867082595825]",0.13283877074718475,0.13283877074718475,0
ISTGNN_PeMS04_flow,4,0.1423717439174652,"[0.1241178959608078, 0.13646599650382996]",0.134318545460701,0.13283877074718475,1
ISTGNN_PeMS04_flow,5,0.1430053561925888,"[0.11983192712068558, 0.13577359914779663]",0.13287029415369034,0.13283877074718475,2
ISTGNN_PeMS04_flow,6,0.1417248398065567,"[0.11887190490961075, 0.13432125747203827]",0.13163933406273523,0.13163933406273523,0
ISTGNN_PeMS04_flow,7,0.1476573646068573,"[0.12328793853521347, 0.13414055109024048]",0.13502861807743707,0.13163933406273523,1
ISTGNN_PeMS04_flow,8,0.14120426774024963,"[0.11887985467910767, 0.13540421426296234]",0.13182944556077322,0.13163933406273523,2
ISTGNN_PeMS04_flow,9,0.14329706132411957,"[0.11864865571260452, 0.13421234488487244]",0.13205268730719885,0.13163933406273523,3
ISTGNN_PeMS04_flow,10,0.141592338681221,"[0.11854316294193268, 0.1362730860710144]",0.13213619589805603,0.13163933406273523,4
ISTGNN_PeMS04_flow,11,0.1409858763217926,"[0.11784559488296509, 0.1337830126285553]",0.13087149461110434,0.13087149461110434,0
ISTGNN_PeMS04_flow,12,0.14247888326644897,"[0.11810344457626343, 0.13469913601875305]",0.1317604879538218,0.13087149461110434,1
ISTGNN_PeMS04_flow,13,0.14286474883556366,"[0.11966875195503235, 0.13661156594753265]",0.13304835557937622,0.13087149461110434,2
ISTGNN_PeMS04_flow,14,0.14213895797729492,"[0.11951402574777603, 0.1342620849609375]",0.1319716895620028,0.13087149461110434,3
ISTGNN_PeMS04_flow,15,0.14097589254379272,"[0.11780283600091934, 0.13454419374465942]",0.13110764076312384,0.13087149461110434,4
ISTGNN_PeMS04_flow,16,0.14235341548919678,"[0.117416612803936, 0.13473103940486908]",0.13150035589933395,0.13087149461110434,5
ISTGNN_PeMS04_flow,17,0.1404787302017212,"[0.11905954778194427, 0.13606832921504974]",0.1318688690662384,0.13087149461110434,6
ISTGNN_PeMS04_flow,18,0.14191552996635437,"[0.11730869114398956, 0.13432282209396362]",0.1311823477347692,0.13087149461110434,7
ISTGNN_PeMS04_flow,19,0.14059093594551086,"[0.1188133955001831, 0.13585148751735687]",0.13175193965435028,0.13087149461110434,8
ISTGNN_PeMS04_flow,20,0.14194172620773315,"[0.11822082102298737, 0.1358354389667511]",0.13199932873249054,0.13087149461110434,9
ISTGNN_PeMS04_flow,21,0.14190010726451874,"[0.11748721450567245, 0.13362403213977814]",0.13100378463665643,0.13087149461110434,10
ISTGNN_PeMS04_flow,22,0.14060866832733154,"[0.11823474615812302, 0.13465853035449982]",0.13116731494665146,0.13087149461110434,11
ISTGNN_PeMS04_flow,23,0.1410270631313324,"[0.11699556559324265, 0.1332029402256012]",0.1304085229833921,0.1304085229833921,0
ISTGNN_PeMS04_flow,24,0.14172741770744324,"[0.11757577955722809, 0.1342746764421463]",0.1311926245689392,0.1304085229833921,1
ISTGNN_PeMS04_flow,25,0.14027157425880432,"[0.11714404821395874, 0.13311868906021118]",0.13017810384432474,0.13017810384432474,0
ISTGNN_PeMS04_flow,26,0.1405603438615799,"[0.11832718551158905, 0.1340416818857193]",0.13097640375296274,0.13017810384432474,1
ISTGNN_PeMS04_flow,27,0.14144949615001678,"[0.116820327937603, 0.1326887458562851]",0.13031952331463495,0.13017810384432474,2
ISTGNN_PeMS04_flow,28,0.14033177495002747,"[0.11687307059764862, 0.13336218893527985]",0.13018901149431863,0.13017810384432474,3
ISTGNN_PeMS04_flow,29,0.14011511206626892,"[0.11881085485219955, 0.1343275010585785]",0.1310844893256823,0.13017810384432474,4
ISTGNN_PeMS04_flow,30,0.14098355174064636,"[0.11825719475746155, 0.13339027762413025]",0.13087700804074606,0.13017810384432474,5
ISTGNN_PeMS04_flow,31,0.1402323991060257,"[0.11689623445272446, 0.13913783431053162]",0.13208882262309393,0.13017810384432474,6
ISTGNN_PeMS04_flow,32,0.14010898768901825,"[0.11933492124080658, 0.13479413092136383]",0.1314126799503962,0.13017810384432474,7
ISTGNN_PeMS04_flow,33,0.140131413936615,"[0.11660456657409668, 0.13313545286655426]",0.12995714445908865,0.12995714445908865,0
ISTGNN_PeMS04_flow,34,0.14042167365550995,"[0.11761598289012909, 0.1345554143190384]",0.13086435695489249,0.12995714445908865,1
ISTGNN_PeMS04_flow,35,0.1400776356458664,"[0.11865086853504181, 0.13241086900234222]",0.13037979106108347,0.12995714445908865,2
ISTGNN_PeMS04_flow,36,0.13950355350971222,"[0.11734692007303238, 0.13383322954177856]",0.13022790104150772,0.12995714445908865,3
ISTGNN_PeMS04_flow,37,0.1403212994337082,"[0.1166757121682167, 0.1323065310716629]",0.1297678475578626,0.1297678475578626,0
ISTGNN_PeMS04_flow,38,0.1396017074584961,"[0.11664900183677673, 0.1323908418416977]",0.12954718371232352,0.12954718371232352,0
ISTGNN_PeMS04_flow,39,0.13920515775680542,"[0.11760277301073074, 0.13268135488033295]",0.12982976188262305,0.12954718371232352,1
ISTGNN_PeMS04_flow,40,0.14099496603012085,"[0.11663351953029633, 0.13264529407024384]",0.130091259876887,0.12954718371232352,2
ISTGNN_PeMS04_flow,41,0.1410209834575653,"[0.11828213185071945, 0.13528770208358765]",0.13153027246395746,0.12954718371232352,3
ISTGNN_PeMS04_flow,42,0.1409686952829361,"[0.11632674187421799, 0.13233350217342377]",0.12987631311019263,0.12954718371232352,4
ISTGNN_PeMS04_flow,43,0.14045611023902893,"[0.11782176792621613, 0.132391095161438]",0.13022299110889435,0.12954718371232352,5
ISTGNN_PeMS04_flow,44,0.1393434852361679,"[0.11656913161277771, 0.13311736285686493]",0.12967665990193686,0.12954718371232352,6
ISTGNN_PeMS04_flow,45,0.13966891169548035,"[0.11619865149259567, 0.13424259424209595]",0.13003671914339066,0.12954718371232352,7
ISTGNN_PeMS04_flow,46,0.1415814757347107,"[0.11637825518846512, 0.13206909596920013]",0.1300096089641253,0.12954718371232352,8
ISTGNN_PeMS04_flow,47,0.1393902599811554,"[0.11690910160541534, 0.13204117119312286]",0.12944684425989786,0.12944684425989786,0
ISTGNN_PeMS04_flow,48,0.13933320343494415,"[0.11623059213161469, 0.13336698710918427]",0.1296435942252477,0.12944684425989786,1
ISTGNN_PeMS04_flow,49,0.13883280754089355,"[0.11631198227405548, 0.13180124759674072]",0.12898201247056326,0.12898201247056326,0
ISTGNN_PeMS04_flow,50,0.13914157450199127,"[0.11678682267665863, 0.1354808807373047]",0.1304697593053182,0.12898201247056326,1
ISTGNN_PeMS04_flow,51,0.13973115384578705,"[0.11653714627027512, 0.13210056722164154]",0.1294562891125679,0.12898201247056326,2
ISTGNN_PeMS04_flow,52,0.13951779901981354,"[0.11639544367790222, 0.13233965635299683]",0.1294176330169042,0.12898201247056326,3
ISTGNN_PeMS04_flow,53,0.1392834335565567,"[0.1207699105143547, 0.1318550556898117]",0.13063613325357437,0.12898201247056326,4
ISTGNN_PeMS04_flow,54,0.14145897328853607,"[0.11634942144155502, 0.1334306001663208]",0.13041299829880396,0.12898201247056326,5
ISTGNN_PeMS04_flow,55,0.14019875228405,"[0.11980810761451721, 0.1317427009344101]",0.13058318694432577,0.12898201247056326,6
ISTGNN_PeMS04_flow,56,0.13887463510036469,"[0.11596722900867462, 0.13177897036075592]",0.12887361148993173,0.12887361148993173,0
ISTGNN_PeMS04_flow,57,0.13946722447872162,"[0.11576731503009796, 0.13253027200698853]",0.12925493717193604,0.12887361148993173,1
ISTGNN_PeMS04_flow,58,0.1392287015914917,"[0.11613818258047104, 0.13158409297466278]",0.12898365904887518,0.12887361148993173,2
ISTGNN_PeMS04_flow,59,0.1392849087715149,"[0.11650125682353973, 0.13213464617729187]",0.12930693725744882,0.12887361148993173,3
ISTGNN_PeMS04_flow,60,0.1388462781906128,"[0.11700596660375595, 0.13382574915885925]",0.129892664651076,0.12887361148993173,4
ISTGNN_PeMS04_flow,61,0.13878044486045837,"[0.11919531226158142, 0.13193261623382568]",0.12996945778528848,0.12887361148993173,5
ISTGNN_PeMS04_flow,62,0.13829848170280457,"[0.11603165417909622, 0.13150089979171753]",0.12861034522453943,0.12861034522453943,0
ISTGNN_PeMS04_flow,63,0.13975724577903748,"[0.11684737354516983, 0.1319309026002884]",0.12951184064149857,0.12861034522453943,1
ISTGNN_PeMS04_flow,64,0.13894623517990112,"[0.11603644490242004, 0.13388323783874512]",0.12962197264035544,0.12861034522453943,2
ISTGNN_PeMS04_flow,65,0.13896217942237854,"[0.11655934154987335, 0.13200418651103973]",0.12917523582776388,0.12861034522453943,3
ISTGNN_PeMS04_flow,66,0.1397380530834198,"[0.11606904864311218, 0.13195794820785522]",0.12925501664479574,0.12861034522453943,4
ISTGNN_PeMS04_flow,67,0.1382976472377777,"[0.11634356528520584, 0.1316128671169281]",0.12875135987997055,0.12861034522453943,5
ISTGNN_PeMS04_flow,68,0.1392102688550949,"[0.11635176092386246, 0.13202549517154694]",0.1291958416501681,0.12861034522453943,6
ISTGNN_PeMS04_flow,69,0.14011099934577942,"[0.11580370366573334, 0.13218052685260773]",0.1293650766213735,0.12861034522453943,7
ISTGNN_PeMS04_flow,70,0.13874028623104095,"[0.11685006320476532, 0.13171692192554474]",0.129102423787117,0.12861034522453943,8
ISTGNN_PeMS04_flow,71,0.13886718451976776,"[0.11735065281391144, 0.13150976598262787]",0.129242534438769,0.12861034522453943,9
ISTGNN_PeMS04_flow,72,0.14035199582576752,"[0.11609490215778351, 0.1319262832403183]",0.1294577270746231,0.12861034522453943,10
ISTGNN_PeMS04_flow,73,0.14049498736858368,"[0.11636583507061005, 0.13292521238327026]",0.12992867827415466,0.12861034522453943,11
ISTGNN_PeMS04_flow,74,0.13809829950332642,"[0.11746761202812195, 0.13139358162879944]",0.1289864977200826,0.12861034522453943,12
ISTGNN_PeMS04_flow,75,0.13862231373786926,"[0.1166105642914772, 0.13201743364334106]",0.12908343722422919,0.12861034522453943,13
ISTGNN_PeMS04_flow,76,0.13841205835342407,"[0.11586419492959976, 0.13144691288471222]",0.12857438872257868,0.12861034522453943,14
ISTGNN_PeMS04_flow,77,0.1385555863380432,"[0.11629235744476318, 0.1313827484846115]",0.1287435640891393,0.12861034522453943,15
ISTGNN_PeMS04_flow,78,0.1388307511806488,"[0.11587346345186234, 0.13267599046230316]",0.12912673503160477,0.12861034522453943,16
ISTGNN_PeMS04_flow,79,0.13851764798164368,"[0.11532923579216003, 0.13106504082679749]",0.12830397486686707,0.12830397486686707,0
ISTGNN_PeMS04_flow,80,0.1389331966638565,"[0.1162249743938446, 0.13155226409435272]",0.12890347838401794,0.12830397486686707,1
ISTGNN_PeMS04_flow,81,0.1385820060968399,"[0.11588410288095474, 0.13301149010658264]",0.12915919969479242,0.12830397486686707,2
ISTGNN_PeMS04_flow,82,0.13873159885406494,"[0.11534646898508072, 0.13346333801746368]",0.12918046861886978,0.12830397486686707,3
ISTGNN_PeMS04_flow,83,0.13844390213489532,"[0.11570698022842407, 0.1312093436717987]",0.1284534086783727,0.12830397486686707,4
ISTGNN_PeMS04_flow,84,0.14066971838474274,"[0.11569958180189133, 0.13150915503501892]",0.12929281840721765,0.12830397486686707,5
ISTGNN_PeMS04_flow,85,0.13830363750457764,"[0.11658883839845657, 0.13161629438400269]",0.12883625676234564,0.12830397486686707,6
ISTGNN_PeMS04_flow,86,0.13795927166938782,"[0.1156390830874443, 0.13155832886695862]",0.12838556120793024,0.12830397486686707,7
ISTGNN_PeMS04_flow,87,0.13985835015773773,"[0.11736138164997101, 0.1317378729581833]",0.12965253492196402,0.12830397486686707,8
ISTGNN_PeMS04_flow,88,0.1388007402420044,"[0.11549770087003708, 0.13252735137939453]",0.12894193083047867,0.12830397486686707,9
ISTGNN_PeMS04_flow,89,0.13890522718429565,"[0.11574822664260864, 0.1317102313041687]",0.128787895043691,0.12830397486686707,10
ISTGNN_PeMS04_flow,90,0.1385260969400406,"[0.11598534137010574, 0.13222426176071167]",0.12891190002361932,0.12830397486686707,11
ISTGNN_PeMS04_flow,91,0.1388821005821228,"[0.11579406261444092, 0.13228338956832886]",0.12898651758829752,0.12830397486686707,12
ISTGNN_PeMS04_flow,92,0.13803577423095703,"[0.11598874628543854, 0.1321590542793274]",0.128727858265241,0.12830397486686707,13
ISTGNN_PeMS04_flow,93,0.13811108469963074,"[0.1158473938703537, 0.1323481649160385]",0.12876888116200766,0.12830397486686707,14
ISTGNN_PeMS04_flow,94,0.13915829360485077,"[0.115687295794487, 0.13137786090373993]",0.1287411501010259,0.12830397486686707,15
ISTGNN_PeMS04_flow,95,0.13844071328639984,"[0.11788170039653778, 0.1332310289144516]",0.12985114753246307,0.12830397486686707,16
ISTGNN_PeMS04_flow,96,0.13735094666481018,"[0.11759456992149353, 0.1310410499572754]",0.1286621888478597,0.12830397486686707,17
ISTGNN_PeMS04_flow,97,0.1386263370513916,"[0.11565354466438293, 0.13091616332530975]",0.12839868168036142,0.12830397486686707,18
ISTGNN_PeMS04_flow,98,0.13762539625167847,"[0.11586076021194458, 0.13270770013332367]",0.12873128553231558,0.12830397486686707,19
ISTGNN_PeMS04_flow,99,0.13750465214252472,"[0.1150767132639885, 0.1310453563928604]",0.12787557393312454,0.12787557393312454,0
ISTGNN_PeMS04_flow,100,0.13787433505058289,"[0.11688710749149323, 0.13098081946372986]",0.12858075400193533,0.12787557393312454,1
ISTGNN_PeMS04_flow,101,0.13752159476280212,"[0.11532558500766754, 0.1307796686887741]",0.12787561615308127,0.12787557393312454,2
ISTGNN_PeMS04_flow,102,0.13817057013511658,"[0.11551549285650253, 0.13127467036247253]",0.1283202444513639,0.12787557393312454,3
ISTGNN_PeMS04_flow,103,0.13899202644824982,"[0.1150733008980751, 0.13085854053497314]",0.12830795596043268,0.12787557393312454,4
ISTGNN_PeMS04_flow,104,0.13746260106563568,"[0.1159186065196991, 0.13193783164024353]",0.12843967974185944,0.12787557393312454,5
ISTGNN_PeMS04_flow,105,0.1374339759349823,"[0.11521313339471817, 0.13109415769577026]",0.12791375567515692,0.12787557393312454,6
ISTGNN_PeMS04_flow,106,0.138286754488945,"[0.11516556888818741, 0.13176031410694122]",0.12840421249469122,0.12787557393312454,7
ISTGNN_PeMS04_flow,107,0.1391317993402481,"[0.11589743942022324, 0.13103419542312622]",0.12868781139453253,0.12787557393312454,8
ISTGNN_PeMS04_flow,108,0.13937507569789886,"[0.11471060663461685, 0.13241735100746155]",0.1288343444466591,0.12787557393312454,9
ISTGNN_PeMS04_flow,109,0.14030693471431732,"[0.11474379897117615, 0.1306271106004715]",0.128559281428655,0.12787557393312454,10
ISTGNN_PeMS04_flow,110,0.13850927352905273,"[0.11468185484409332, 0.13322684168815613]",0.12880599002043405,0.12787557393312454,11
ISTGNN_PeMS04_flow,111,0.13784265518188477,"[0.11547812074422836, 0.13076573610305786]",0.128028837343057,0.12787557393312454,12
ISTGNN_PeMS04_flow,112,0.13726738095283508,"[0.11560958623886108, 0.13245037198066711]",0.12844244639078775,0.12787557393312454,13
ISTGNN_PeMS04_flow,113,0.13752052187919617,"[0.11557801812887192, 0.1322806030511856]",0.12845971435308456,0.12787557393312454,14
ISTGNN_PeMS04_flow,114,0.13850413262844086,"[0.11573769897222519, 0.13186971843242645]",0.12870385001103082,0.12787557393312454,15
ISTGNN_PeMS04_flow,115,0.1387253701686859,"[0.11590898782014847, 0.13207104802131653]",0.12890180200338364,0.12787557393312454,16
ISTGNN_PeMS04_flow,116,0.137433260679245,"[0.11486097425222397, 0.13154438138008118]",0.12794620543718338,0.12787557393312454,17
ISTGNN_PeMS04_flow,117,0.13735005259513855,"[0.11653362214565277, 0.1303943544626236]",0.1280926764011383,0.12787557393312454,18
ISTGNN_PeMS04_flow,118,0.13766103982925415,"[0.11585711687803268, 0.13103780150413513]",0.1281853194038073,0.12787557393312454,19
ISTGNN_PeMS04_flow,119,0.13812261819839478,"[0.11453884840011597, 0.13220340013504028]",0.12828828891118368,0.12787557393312454,20
ISTGNN_PeMS04_flow,120,0.13785997033119202,"[0.11496130377054214, 0.13111639022827148]",0.1279792214433352,0.12787557393312454,21
ISTGNN_PeMS04_flow,121,0.13739928603172302,"[0.11611510068178177, 0.13080812990665436]",0.12810750554005304,0.12787557393312454,22
ISTGNN_PeMS04_flow,122,0.1370762288570404,"[0.11486724019050598, 0.131085604429245]",0.12767635782559714,0.12767635782559714,0
ISTGNN_PeMS04_flow,123,0.13735006749629974,"[0.11548200994729996, 0.13044342398643494]",0.12775850047667822,0.12767635782559714,1
ISTGNN_PeMS04_flow,124,0.13751529157161713,"[0.11555878818035126, 0.13058272004127502]",0.12788559993108115,0.12767635782559714,2
ISTGNN_PeMS04_flow,125,0.13807114958763123,"[0.11590628325939178, 0.13042941689491272]",0.12813561658064523,0.12767635782559714,3
ISTGNN_PeMS04_flow,126,0.13905003666877747,"[0.11512037366628647, 0.13071811199188232]",0.1282961741089821,0.12767635782559714,4
ISTGNN_PeMS04_flow,127,0.1376669853925705,"[0.11544396728277206, 0.13031348586082458]",0.12780814617872238,0.12767635782559714,5
ISTGNN_PeMS04_flow,128,0.1376408338546753,"[0.11457765847444534, 0.1308324635028839]",0.12768365194400152,0.12767635782559714,6
ISTGNN_PeMS04_flow,129,0.1382569521665573,"[0.11482617259025574, 0.13183534145355225]",0.1283061554034551,0.12767635782559714,7
ISTGNN_PeMS04_flow,130,0.13707146048545837,"[0.11492927372455597, 0.1305573433637619]",0.12751935919125876,0.12751935919125876,0
ISTGNN_PeMS04_flow,131,0.13855871558189392,"[0.11619120091199875, 0.13206402957439423]",0.1289379820227623,0.12751935919125876,1
ISTGNN_PeMS04_flow,132,0.13816682994365692,"[0.1162550300359726, 0.13075222074985504]",0.12839136024316153,0.12751935919125876,2
ISTGNN_PeMS04_flow,133,0.1382841318845749,"[0.11470165103673935, 0.13323628902435303]",0.12874069064855576,0.12751935919125876,3
ISTGNN_PeMS04_flow,134,0.13832153379917145,"[0.11439014971256256, 0.13075818121433258]",0.1278232882420222,0.12751935919125876,4
ISTGNN_PeMS04_flow,135,0.13821423053741455,"[0.11521711945533752, 0.13032425940036774]",0.12791853646437326,0.12751935919125876,5
ISTGNN_PeMS04_flow,136,0.13700100779533386,"[0.11672176420688629, 0.13164573907852173]",0.12845617036024728,0.12751935919125876,6
ISTGNN_PeMS04_flow,137,0.137550950050354,"[0.11542089283466339, 0.13046793639659882]",0.12781325976053873,0.12751935919125876,7
ISTGNN_PeMS04_flow,138,0.13685256242752075,"[0.11473128199577332, 0.13173463940620422]",0.1277728279431661,0.12751935919125876,8
ISTGNN_PeMS04_flow,139,0.13723933696746826,"[0.11490541696548462, 0.13065633177757263]",0.1276003619035085,0.12751935919125876,9
ISTGNN_PeMS04_flow,140,0.13765814900398254,"[0.11482743173837662, 0.13082563877105713]",0.1277704065044721,0.12751935919125876,10
ISTGNN_PeMS04_flow,141,0.1376606673002243,"[0.11444560438394547, 0.13041600584983826]",0.12750742584466934,0.12751935919125876,11
ISTGNN_PeMS04_flow,142,0.13690611720085144,"[0.11518077552318573, 0.13077016174793243]",0.1276190181573232,0.12751935919125876,12
ISTGNN_PeMS04_flow,143,0.1370857059955597,"[0.1149493157863617, 0.13089855015277863]",0.12764452397823334,0.12751935919125876,13
ISTGNN_PeMS04_flow,144,0.13731685280799866,"[0.11560558527708054, 0.13102515041828156]",0.12798252950112024,0.12751935919125876,14
ISTGNN_PeMS04_flow,145,0.13696147501468658,"[0.11464568227529526, 0.13039946556091309]",0.1273355409502983,0.1273355409502983,0
ISTGNN_PeMS04_flow,146,0.14056585729122162,"[0.11642107367515564, 0.13026213645935059]",0.12908302247524261,0.1273355409502983,1
ISTGNN_PeMS04_flow,147,0.13722947239875793,"[0.11552364379167557, 0.13110026717185974]",0.1279511277874311,0.1273355409502983,2
ISTGNN_PeMS04_flow,148,0.13678303360939026,"[0.11485999077558517, 0.1321193277835846]",0.12792078405618668,0.1273355409502983,3
ISTGNN_PeMS04_flow,149,0.1374060958623886,"[0.11588040739297867, 0.13153569400310516]",0.12827406575282416,0.1273355409502983,4
ISTGNN_PeMS04_flow,150,0.1371476650238037,"[0.11580773442983627, 0.13047631084918976]",0.12781057010094324,0.1273355409502983,5
ISTGNN_PeMS04_flow,151,0.13737760484218597,"[0.11485961079597473, 0.13040003180503845]",0.12754574914773306,0.1273355409502983,6
ISTGNN_PeMS04_flow,152,0.13687805831432343,"[0.11574501544237137, 0.13106971979141235]",0.12789759784936905,0.1273355409502983,7
ISTGNN_PeMS04_flow,153,0.13674408197402954,"[0.1141919419169426, 0.13040360808372498]",0.12711321065823236,0.12711321065823236,0
ISTGNN_PeMS04_flow,154,0.13707803189754486,"[0.11430475115776062, 0.13046391308307648]",0.12728223204612732,0.12711321065823236,1
ISTGNN_PeMS04_flow,155,0.13739094138145447,"[0.11433674395084381, 0.1310630440711975]",0.12759690980116525,0.12711321065823236,2
ISTGNN_PeMS04_flow,156,0.13739889860153198,"[0.11485756188631058, 0.1310180425643921]",0.12775816768407822,0.12711321065823236,3
ISTGNN_PeMS04_flow,157,0.13725760579109192,"[0.11434973776340485, 0.13021695613861084]",0.1272747665643692,0.12711321065823236,4
ISTGNN_PeMS04_flow,158,0.1370634138584137,"[0.1166943684220314, 0.1302468180656433]",0.12800153344869614,0.12711321065823236,5
ISTGNN_PeMS04_flow,159,0.1367974430322647,"[0.1169777661561966, 0.13035371899604797]",0.12804297606150308,0.12711321065823236,6
ISTGNN_PeMS04_flow,160,0.13741813600063324,"[0.11435561627149582, 0.1306607723236084]",0.12747817486524582,0.12711321065823236,7
ISTGNN_PeMS04_flow,161,0.13703587651252747,"[0.11489363014698029, 0.1302167773246765]",0.12738209466139475,0.12711321065823236,8
ISTGNN_PeMS04_flow,162,0.13691581785678864,"[0.11475837975740433, 0.13053889572620392]",0.12740436444679895,0.12711321065823236,9
ISTGNN_PeMS04_flow,163,0.13686689734458923,"[0.11435206979513168, 0.13196797668933868]",0.1277289812763532,0.12711321065823236,10
ISTGNN_PeMS04_flow,164,0.13688480854034424,"[0.11426250636577606, 0.13175421953201294]",0.1276338448127111,0.12711321065823236,11
ISTGNN_PeMS04_flow,165,0.1374753713607788,"[0.11432230472564697, 0.13048601150512695]",0.12742789586385092,0.12711321065823236,12
ISTGNN_PeMS04_flow,166,0.13752128183841705,"[0.11538086831569672, 0.13007020950317383]",0.12765745321909586,0.12711321065823236,13
ISTGNN_PeMS04_flow,167,0.14065708220005035,"[0.11393897235393524, 0.13046763837337494]",0.12835456430912018,0.12711321065823236,14
ISTGNN_PeMS04_flow,168,0.13746501505374908,"[0.11691080033779144, 0.13084310293197632]",0.12840630610783896,0.12711321065823236,15
ISTGNN_PeMS04_flow,169,0.1372983455657959,"[0.11517121642827988, 0.13034476339817047]",0.12760477513074875,0.12711321065823236,16
ISTGNN_PeMS04_flow,170,0.13780328631401062,"[0.11644461005926132, 0.13065914809703827]",0.12830234815677008,0.12711321065823236,17
ISTGNN_PeMS04_flow,171,0.13690246641635895,"[0.1151905283331871, 0.13065855205059052]",0.12758384893337885,0.12711321065823236,18
ISTGNN_PeMS04_flow,172,0.13696755468845367,"[0.11510816961526871, 0.1302497684955597]",0.12744183093309402,0.12711321065823236,19
ISTGNN_PeMS04_flow,173,0.13820302486419678,"[0.11397334933280945, 0.13026519119739532]",0.12748052179813385,0.12711321065823236,20
ISTGNN_PeMS04_flow,174,0.1376136988401413,"[0.11401046067476273, 0.1300487369298935]",0.1272242988149325,0.12711321065823236,21
ISTGNN_PeMS04_flow,175,0.13766032457351685,"[0.11483017355203629, 0.13272781670093536]",0.12840610494216284,0.12711321065823236,22
ISTGNN_PeMS04_flow,176,0.13678115606307983,"[0.11452341079711914, 0.1310516744852066]",0.12745208044846854,0.12711321065823236,23
ISTGNN_PeMS04_flow,177,0.13692651689052582,"[0.11414968222379684, 0.13013985753059387]",0.12707201888163885,0.12711321065823236,24
ISTGNN_PeMS04_flow,178,0.137209951877594,"[0.1144101694226265, 0.13006165623664856]",0.12722725917895636,0.12711321065823236,25
ISTGNN_PeMS04_flow,179,0.13728998601436615,"[0.11385264247655869, 0.13106441497802734]",0.12740234782298407,0.12711321065823236,26
ISTGNN_PeMS04_flow,180,0.1375650316476822,"[0.11419180780649185, 0.13027051091194153]",0.12734245012203851,0.12711321065823236,27
ISTGNN_PeMS04_flow,181,0.13731083273887634,"[0.11432322859764099, 0.1296834796667099]",0.12710584700107574,0.12711321065823236,28
ISTGNN_PeMS04_flow,182,0.1369730830192566,"[0.11397970467805862, 0.12995052337646484]",0.1269677703579267,0.1269677703579267,0
ISTGNN_PeMS04_flow,183,0.13679763674736023,"[0.11404847353696823, 0.13044096529483795]",0.12709569185972214,0.1269677703579267,1
ISTGNN_PeMS04_flow,184,0.13663877546787262,"[0.113977812230587, 0.12987343966960907]",0.12683000912268957,0.12683000912268957,0
ISTGNN_PeMS04_flow,185,0.13756249845027924,"[0.11483286321163177, 0.13038158416748047]",0.12759231527646384,0.12683000912268957,1
ISTGNN_PeMS04_flow,186,0.13660381734371185,"[0.11420538276433945, 0.1301567107439041]",0.1269886369506518,0.12683000912268957,2
ISTGNN_PeMS04_flow,187,0.13745087385177612,"[0.11615922302007675, 0.1299978345632553]",0.12786931047836939,0.12683000912268957,3
ISTGNN_PeMS04_flow,188,0.13873013854026794,"[0.11479756981134415, 0.13006751239299774]",0.12786507358153662,0.12683000912268957,4
ISTGNN_PeMS04_flow,189,0.1376822292804718,"[0.11407093703746796, 0.13028369843959808]",0.12734562158584595,0.12683000912268957,5
ISTGNN_PeMS04_flow,190,0.13764512538909912,"[0.11431063711643219, 0.12966609001159668]",0.127207284172376,0.12683000912268957,6
ISTGNN_PeMS04_flow,191,0.13723967969417572,"[0.1138049066066742, 0.1301429122686386]",0.12706249952316284,0.12683000912268957,7
ISTGNN_PeMS04_flow,192,0.13672585785388947,"[0.11524800956249237, 0.130483016371727]",0.1274856279293696,0.12683000912268957,8
ISTGNN_PeMS04_flow,193,0.14007556438446045,"[0.11410559713840485, 0.13029368221759796]",0.12815828124682108,0.12683000912268957,9
ISTGNN_PeMS04_flow,194,0.13716961443424225,"[0.11415739357471466, 0.13023029267787933]",0.1271857668956121,0.12683000912268957,10
ISTGNN_PeMS04_flow,195,0.13824142515659332,"[0.11408892273902893, 0.1305895447731018]",0.12763996422290802,0.12683000912268957,11
ISTGNN_PeMS04_flow,196,0.13734698295593262,"[0.11398783326148987, 0.13012845814228058]",0.1271544247865677,0.12683000912268957,12
ISTGNN_PeMS04_flow,197,0.13694991171360016,"[0.11438685655593872, 0.13004419207572937]",0.12712698678175607,0.12683000912268957,13
ISTGNN_PeMS04_flow,198,0.1369343250989914,"[0.1138492077589035, 0.13123027980327606]",0.12733793755372366,0.12683000912268957,14
ISTGNN_PeMS04_flow,199,0.13671717047691345,"[0.11426547914743423, 0.13029982149600983]",0.12709415704011917,0.12683000912268957,15
ISTGNN_PeMS04_flow,200,0.13726802170276642,"[0.11414363980293274, 0.1304071694612503]",0.1272729436556498,0.12683000912268957,16
ISTGNN_PeMS04_flow,201,0.1370059847831726,"[0.11461766064167023, 0.13210833072662354]",0.12791065871715546,0.12683000912268957,17
ISTGNN_PeMS04_flow,202,0.13758869469165802,"[0.11512688547372818, 0.13053357601165771]",0.1277497187256813,0.12683000912268957,18
ISTGNN_PeMS04_flow,203,0.13688775897026062,"[0.11443733423948288, 0.1304944008588791]",0.12727316468954086,0.12683000912268957,19
ISTGNN_PeMS04_flow,204,0.13844038546085358,"[0.114121213555336, 0.13069505989551544]",0.12775221963723501,0.12683000912268957,20
ISTGNN_PeMS04_flow,205,0.13674993813037872,"[0.11511264741420746, 0.1308971643447876]",0.12758658329645792,0.12683000912268957,21
ISTGNN_PeMS04_flow,206,0.13819225132465363,"[0.11407740414142609, 0.13045866787433624]",0.12757610778013864,0.12683000912268957,22
ISTGNN_PeMS04_flow,207,0.13761521875858307,"[0.11400358378887177, 0.13041940331459045]",0.12734606862068176,0.12683000912268957,23
ISTGNN_PeMS04_flow,208,0.13676346838474274,"[0.11456993967294693, 0.13115444779396057]",0.12749595195055008,0.12683000912268957,24
ISTGNN_PeMS04_flow,209,0.13664379715919495,"[0.11439742892980576, 0.12990036606788635]",0.12698053071896234,0.12683000912268957,25
ISTGNN_PeMS04_flow,210,0.1377974897623062,"[0.11519794911146164, 0.12994877994060516]",0.12764807293812433,0.12683000912268957,26
ISTGNN_PeMS04_flow,211,0.1369406282901764,"[0.11577639728784561, 0.13070358335971832]",0.12780686964591345,0.12683000912268957,27
ISTGNN_PeMS04_flow,212,0.13764120638370514,"[0.11614078283309937, 0.13051500916481018]",0.12809899946053824,0.12683000912268957,28
ISTGNN_PeMS04_flow,213,0.13687720894813538,"[0.11427867412567139, 0.130102276802063]",0.12708605329195657,0.12683000912268957,29
ISTGNN_PeMS04_flow,214,0.1369456648826599,"[0.11432823538780212, 0.1297462284564972]",0.12700670957565308,0.12683000912268957,30
ISTGNN_PeMS04_flow,215,0.13676545023918152,"[0.11359952390193939, 0.12992244958877563]",0.12676247457663217,0.12683000912268957,31
ISTGNN_PeMS04_flow,216,0.13666172325611115,"[0.11384434252977371, 0.13154354691505432]",0.12734987090031305,0.12683000912268957,32
ISTGNN_PeMS04_flow,217,0.13634300231933594,"[0.1142188012599945, 0.13008837401866913]",0.12688339253266653,0.12683000912268957,33
ISTGNN_PeMS04_flow,218,0.13951121270656586,"[0.113531194627285, 0.13081155717372894]",0.1279513215025266,0.12683000912268957,34
ISTGNN_PeMS04_flow,219,0.13698774576187134,"[0.11440571397542953, 0.13073952496051788]",0.12737766156593958,0.12683000912268957,35
ISTGNN_PeMS04_flow,220,0.13701023161411285,"[0.11381933093070984, 0.13078612089157104]",0.12720522781213126,0.12683000912268957,36
ISTGNN_PeMS04_flow,221,0.1366940289735794,"[0.1141938641667366, 0.13151834905147552]",0.12746874739726385,0.12683000912268957,37
ISTGNN_PeMS04_flow,222,0.13738536834716797,"[0.11350171267986298, 0.12978848814964294]",0.12689185639222464,0.12683000912268957,38
ISTGNN_PeMS04_flow,223,0.13679955899715424,"[0.11401230841875076, 0.12962687015533447]",0.1268129125237465,0.12683000912268957,39
ISTGNN_PeMS04_flow,224,0.1363992691040039,"[0.1140279471874237, 0.13049964606761932]",0.12697562078634897,0.12683000912268957,40
ISTGNN_PeMS04_flow,225,0.13652203977108002,"[0.1137986034154892, 0.12999872863292694]",0.12677312393983206,0.12683000912268957,41
ISTGNN_PeMS04_flow,226,0.13684527575969696,"[0.11397254467010498, 0.1305617392063141]",0.12712651987870535,0.12683000912268957,42
ISTGNN_PeMS04_flow,227,0.13673275709152222,"[0.11372657120227814, 0.13023804128170013]",0.1268991231918335,0.12683000912268957,43
ISTGNN_PeMS04_flow,228,0.1365126520395279,"[0.11354245245456696, 0.12960104644298553]",0.12655205031236014,0.12655205031236014,0
ISTGNN_PeMS04_flow,229,0.13688024878501892,"[0.11581532657146454, 0.12970992922782898]",0.12746850152810416,0.12655205031236014,1
ISTGNN_PeMS04_flow,230,0.13745297491550446,"[0.11356518417596817, 0.13005498051643372]",0.12702437986930212,0.12655205031236014,2
ISTGNN_PeMS04_flow,231,0.13635820150375366,"[0.11457588523626328, 0.1296210139989853]",0.12685170024633408,0.12655205031236014,3
ISTGNN_PeMS04_flow,232,0.13683393597602844,"[0.1135827824473381, 0.13037703931331635]",0.1269312525788943,0.12655205031236014,4
ISTGNN_PeMS04_flow,233,0.13640978932380676,"[0.11372996866703033, 0.12992729246616364]",0.12668901681900024,0.12655205031236014,5
ISTGNN_PeMS04_flow,234,0.13765612244606018,"[0.11382273584604263, 0.13042378425598145]",0.12730088084936142,0.12655205031236014,6
ISTGNN_PeMS04_flow,235,0.13743095099925995,"[0.11382989585399628, 0.12987901270389557]",0.12704661985238394,0.12655205031236014,7
ISTGNN_PeMS04_flow,236,0.13738326728343964,"[0.11513246595859528, 0.12965981662273407]",0.127391849954923,0.12655205031236014,8
ISTGNN_PeMS04_flow,237,0.13694752752780914,"[0.1134018525481224, 0.13030660152435303]",0.12688532720009485,0.12655205031236014,9
ISTGNN_PeMS04_flow,238,0.13680286705493927,"[0.1135600209236145, 0.13174359500408173]",0.1273688276608785,0.12655205031236014,10
ISTGNN_PeMS04_flow,239,0.137145534157753,"[0.11433406919240952, 0.1297859102487564]",0.12708850453297296,0.12655205031236014,11
ISTGNN_PeMS04_flow,240,0.13620014488697052,"[0.11511028558015823, 0.1301465630531311]",0.12715233117341995,0.12655205031236014,12
ISTGNN_PeMS04_flow,241,0.13638897240161896,"[0.11393195390701294, 0.1299346387386322]",0.1267518550157547,0.12655205031236014,13
ISTGNN_PeMS04_flow,242,0.1364881545305252,"[0.11612791568040848, 0.13095098733901978]",0.1278556858499845,0.12655205031236014,14
ISTGNN_PeMS04_flow,243,0.13618309795856476,"[0.11367572844028473, 0.12998507916927338]",0.1266146351893743,0.12655205031236014,15
ISTGNN_PeMS04_flow,244,0.1366073191165924,"[0.11427684128284454, 0.13135786354541779]",0.12741400798161825,0.12655205031236014,16
ISTGNN_PeMS04_flow,245,0.1363673210144043,"[0.11432510614395142, 0.1306028962135315]",0.1270984411239624,0.12655205031236014,17
ISTGNN_PeMS04_flow,246,0.13664838671684265,"[0.11445345729589462, 0.12971487641334534]",0.1269389068086942,0.12655205031236014,18
ISTGNN_PeMS04_flow,247,0.13732247054576874,"[0.1139654740691185, 0.13038361072540283]",0.12722385178009668,0.12655205031236014,19
ISTGNN_PeMS04_flow,248,0.13637785613536835,"[0.11378192901611328, 0.12994413077831268]",0.12670130530993143,0.12655205031236014,20
ISTGNN_PeMS04_flow,249,0.13665905594825745,"[0.11397144198417664, 0.130171999335289]",0.12693416575590769,0.12655205031236014,21
ISTGNN_PeMS04_flow,250,0.13703005015850067,"[0.11318916082382202, 0.12973973155021667]",0.12665298084417978,0.12655205031236014,22
ISTGNN_PeMS04_flow,251,0.13740530610084534,"[0.11313287913799286, 0.13002927601337433]",0.12685582041740417,0.12655205031236014,23
ISTGNN_PeMS04_flow,252,0.13685300946235657,"[0.11412323266267776, 0.1299491971731186]",0.12697514643271765,0.12655205031236014,24
ISTGNN_PeMS04_flow,253,0.13668911159038544,"[0.113961361348629, 0.13027286529541016]",0.12697444607814154,0.12655205031236014,25
ISTGNN_PeMS04_flow,254,0.13657084107398987,"[0.11362317949533463, 0.13003598153591156]",0.12674333403507868,0.12655205031236014,26
ISTGNN_PeMS04_flow,255,0.1364130973815918,"[0.11370721459388733, 0.13039188086986542]",0.12683739761511484,0.12655205031236014,27
ISTGNN_PeMS04_flow,256,0.13707974553108215,"[0.11428182572126389, 0.13110388815402985]",0.12748848646879196,0.12655205031236014,28
ISTGNN_PeMS04_flow,257,0.13703785836696625,"[0.11548443138599396, 0.1300954520702362]",0.1275392472743988,0.12655205031236014,29
ISTGNN_PeMS04_flow,258,0.13713544607162476,"[0.11351896077394485, 0.13060548901557922]",0.12708663195371628,0.12655205031236014,30
ISTGNN_PeMS04_flow,259,0.13795039057731628,"[0.11563777923583984, 0.13070063292980194]",0.12809626758098602,0.12655205031236014,31
ISTGNN_PeMS04_flow,260,0.13701321184635162,"[0.11389874666929245, 0.1296461820602417]",0.12685271352529526,0.12655205031236014,32
ISTGNN_PeMS04_flow,261,0.13635586202144623,"[0.11379837244749069, 0.13038767874240875]",0.1268473044037819,0.12655205031236014,33
ISTGNN_PeMS04_flow,262,0.13722947239875793,"[0.11415094137191772, 0.12981171905994415]",0.12706404427687326,0.12655205031236014,34
ISTGNN_PeMS04_flow,263,0.13667717576026917,"[0.11392990499734879, 0.12981387972831726]",0.12680698682864508,0.12655205031236014,35
ISTGNN_PeMS04_flow,264,0.13665889203548431,"[0.11329823732376099, 0.13009285926818848]",0.12668332954247793,0.12655205031236014,36
ISTGNN_PeMS04_flow,265,0.1363760381937027,"[0.11350160837173462, 0.12976671755313873]",0.12654812137285867,0.12655205031236014,37
ISTGNN_PeMS04_flow,266,0.13646695017814636,"[0.11432284116744995, 0.12957444787025452]",0.12678807973861694,0.12655205031236014,38
ISTGNN_PeMS04_flow,267,0.1367402970790863,"[0.1132282093167305, 0.1297464668750763]",0.12657165775696436,0.12655205031236014,39
ISTGNN_PeMS04_flow,268,0.13645735383033752,"[0.11465668678283691, 0.1296294778585434]",0.1269145061572393,0.12655205031236014,40
ISTGNN_PeMS04_flow,269,0.1374470740556717,"[0.1142597571015358, 0.13153213262557983]",0.1277463212609291,0.12655205031236014,41
ISTGNN_PeMS04_flow,270,0.1366291642189026,"[0.11389454454183578, 0.1303299367427826]",0.12695121516784033,0.12655205031236014,42
ISTGNN_PeMS04_flow,271,0.13678106665611267,"[0.11393129825592041, 0.13102862238883972]",0.1272469957669576,0.12655205031236014,43
ISTGNN_PeMS04_flow,272,0.13785427808761597,"[0.113719642162323, 0.12975813448429108]",0.12711068491141,0.12655205031236014,44
ISTGNN_PeMS04_flow,273,0.13690122961997986,"[0.1136772632598877, 0.1307941973209381]",0.1271242300669352,0.12655205031236014,45
ISTGNN_PeMS04_flow,274,0.1366424858570099,"[0.11369308829307556, 0.13016851246356964]",0.12683469553788504,0.12655205031236014,46
ISTGNN_PeMS04_flow,275,0.1361963003873825,"[0.11488185077905655, 0.1296500414609909]",0.12690939754247665,0.12655205031236014,47
ISTGNN_PeMS04_flow,276,0.13612577319145203,"[0.1135786920785904, 0.12987233698368073]",0.12652560075124106,0.12655205031236014,48
ISTGNN_PeMS04_flow,277,0.13614816963672638,"[0.11326958984136581, 0.12957599759101868]",0.1263312523563703,0.1263312523563703,0
ISTGNN_PeMS04_flow,278,0.13606037199497223,"[0.1130564957857132, 0.12964610755443573]",0.12625432511170706,0.1263312523563703,1
ISTGNN_PeMS04_flow,279,0.13708363473415375,"[0.11339253932237625, 0.13045400381088257]",0.1269767259558042,0.1263312523563703,2
ISTGNN_PeMS04_flow,280,0.13641154766082764,"[0.1142178401350975, 0.12967617809772491]",0.12676852196455002,0.1263312523563703,3
ISTGNN_PeMS04_flow,281,0.13716164231300354,"[0.11400450021028519, 0.130010724067688]",0.12705895553032556,0.1263312523563703,4
ISTGNN_PeMS04_flow,282,0.136589914560318,"[0.11343885213136673, 0.12947751581668854]",0.12650209416945776,0.1263312523563703,5
ISTGNN_PeMS04_flow,283,0.13674123585224152,"[0.11318995803594589, 0.12946343421936035]",0.12646487603584924,0.1263312523563703,6
ISTGNN_PeMS04_flow,284,0.1368943601846695,"[0.11432351917028427, 0.13068324327468872]",0.12730037420988083,0.1263312523563703,7
ISTGNN_PeMS04_flow,285,0.13657806813716888,"[0.11316251754760742, 0.12965571880340576]",0.126465434829394,0.1263312523563703,8
ISTGNN_PeMS04_flow,286,0.13622428476810455,"[0.11356283724308014, 0.12955811619758606]",0.12644841273625693,0.1263312523563703,9
ISTGNN_PeMS04_flow,287,0.13624340295791626,"[0.11336294561624527, 0.13023151457309723]",0.12661262104908624,0.1263312523563703,10
ISTGNN_PeMS04_flow,288,0.13614828884601593,"[0.11466412991285324, 0.13041308522224426]",0.12707516799370447,0.1263312523563703,11
ISTGNN_PeMS04_flow,289,0.13636422157287598,"[0.11345989257097244, 0.12947241961956024]",0.12643217792113623,0.1263312523563703,12
ISTGNN_PeMS04_flow,290,0.13615067303180695,"[0.11406563967466354, 0.1297873556613922]",0.12666788945595422,0.1263312523563703,13
ISTGNN_PeMS04_flow,291,0.13654044270515442,"[0.11340199410915375, 0.12956126034259796]",0.12650123238563538,0.1263312523563703,14
ISTGNN_PeMS04_flow,292,0.1365344226360321,"[0.11449246108531952, 0.12970268726348877]",0.1269098569949468,0.1263312523563703,15
ISTGNN_PeMS04_flow,293,0.13628624379634857,"[0.11352638900279999, 0.13003672659397125]",0.12661645313103995,0.1263312523563703,16
ISTGNN_PeMS04_flow,294,0.13727495074272156,"[0.11311576515436172, 0.130235955119133]",0.12687555700540543,0.1263312523563703,17
ISTGNN_PeMS04_flow,295,0.13731297850608826,"[0.11376073211431503, 0.12963464856147766]",0.12690278639396033,0.1263312523563703,18
ISTGNN_PeMS04_flow,296,0.13625261187553406,"[0.11395704001188278, 0.12972670793533325]",0.12664545327425003,0.1263312523563703,19
ISTGNN_PeMS04_flow,297,0.1376499980688095,"[0.11348387598991394, 0.1298763006925583]",0.1270033915837606,0.1263312523563703,20
ISTGNN_PeMS04_flow,298,0.13664750754833221,"[0.11615830659866333, 0.12995973229408264]",0.1275885154803594,0.1263312523563703,21
ISTGNN_PeMS04_flow,299,0.13743583858013153,"[0.11477619409561157, 0.1297978013753891]",0.1273366113503774,0.1263312523563703,22
ISTGNN_PeMS04_flow,300,0.1367449313402176,"[0.11338093131780624, 0.12947604060173035]",0.1265339677532514,0.1263312523563703,23
ISTGNN_PeMS04_flow,301,0.13684238493442535,"[0.11315131932497025, 0.12973135709762573]",0.12657502045234045,0.1263312523563703,24
ISTGNN_PeMS04_flow,302,0.13731376826763153,"[0.11358150839805603, 0.1301446110010147]",0.12701329588890076,0.1263312523563703,25
ISTGNN_PeMS04_flow,303,0.1363932341337204,"[0.11495400965213776, 0.13015194237232208]",0.1271663953860601,0.1263312523563703,26
ISTGNN_PeMS04_flow,304,0.13656224310398102,"[0.11319020390510559, 0.1294483244419098]",0.12640025715033212,0.1263312523563703,27
ISTGNN_PeMS04_flow,305,0.13692976534366608,"[0.11398851871490479, 0.1293797343969345]",0.12676600615183511,0.1263312523563703,28
ISTGNN_PeMS04_flow,306,0.13600558042526245,"[0.11449334770441055, 0.12948419153690338]",0.1266610398888588,0.1263312523563703,29
ISTGNN_PeMS04_flow,307,0.1376211792230606,"[0.11386897414922714, 0.1296720802783966]",0.12705407788356146,0.1263312523563703,30
ISTGNN_PeMS04_flow,308,0.13731539249420166,"[0.1142108291387558, 0.13068795204162598]",0.1274047245581945,0.1263312523563703,31
ISTGNN_PeMS04_flow,309,0.13782986998558044,"[0.11320026218891144, 0.13015411794185638]",0.12706141670544943,0.1263312523563703,32
ISTGNN_PeMS04_flow,310,0.13685673475265503,"[0.11324764788150787, 0.1296035796403885]",0.1265693207581838,0.1263312523563703,33
ISTGNN_PeMS04_flow,311,0.1366022378206253,"[0.113629050552845, 0.12950508296489716]",0.1265787904461225,0.1263312523563703,34
ISTGNN_PeMS04_flow,312,0.13626815378665924,"[0.11389418691396713, 0.13009189069271088]",0.12675141046444574,0.1263312523563703,35
ISTGNN_PeMS04_flow,313,0.13678786158561707,"[0.11415743082761765, 0.13017940521240234]",0.12704156587521234,0.1263312523563703,36
ISTGNN_PeMS04_flow,314,0.13655011355876923,"[0.114483542740345, 0.1299578696489334]",0.12699717531601587,0.1263312523563703,37
ISTGNN_PeMS04_flow,315,0.13775190711021423,"[0.11328466236591339, 0.12949024140834808]",0.12684227029482523,0.1263312523563703,38
ISTGNN_PeMS04_flow,316,0.13698740303516388,"[0.11418449133634567, 0.12949857115745544]",0.12689015517632166,0.1263312523563703,39
ISTGNN_PeMS04_flow,317,0.13628484308719635,"[0.11349355429410934, 0.12983804941177368]",0.12653881559769312,0.1263312523563703,40
ISTGNN_PeMS04_flow,318,0.13608793914318085,"[0.11308275908231735, 0.13038323819637299]",0.1265179788072904,0.1263312523563703,41
ISTGNN_PeMS04_flow,319,0.13619709014892578,"[0.1137055978178978, 0.13006512820720673]",0.12665593872467676,0.1263312523563703,42
ISTGNN_PeMS04_flow,320,0.13647083938121796,"[0.11341363191604614, 0.13003019988536835]",0.12663822372754416,0.1263312523563703,43
ISTGNN_PeMS04_flow,321,0.13717319071292877,"[0.11288467794656754, 0.12970265746116638]",0.1265868420402209,0.1263312523563703,44
ISTGNN_PeMS04_flow,322,0.13725429773330688,"[0.11350178718566895, 0.12958228588104248]",0.12677945693333945,0.1263312523563703,45
ISTGNN_PeMS04_flow,323,0.13666009902954102,"[0.11312048137187958, 0.12954069674015045]",0.12644042571385702,0.1263312523563703,46
ISTGNN_PeMS04_flow,324,0.13625101745128632,"[0.11362016201019287, 0.12947343289852142]",0.1264482041200002,0.1263312523563703,47
ISTGNN_PeMS04_flow,325,0.137226402759552,"[0.11315596848726273, 0.12947119772434235]",0.12661785632371902,0.1263312523563703,48
ISTGNN_PeMS04_flow,326,0.1365380436182022,"[0.11314257234334946, 0.13056474924087524]",0.12674845506747565,0.1263312523563703,49
ISTGNN_PeMS04_flow,327,0.1371864527463913,"[0.1133003905415535, 0.1298981010913849]",0.12679498145977655,0.1263312523563703,50
ISTGNN_PeMS04_flow,1,0.1466,0.1234;0.1368,0.1356,0.1356,0
ISTGNN_PeMS04_flow,2,0.1439,0.1200;0.1361,0.1333,0.1333,0
ISTGNN_PeMS04_flow,3,0.1424,0.1205;0.1362,0.1331,0.1331,0
ISTGNN_PeMS04_flow,4,0.1418,0.1209;0.1353,0.1327,0.1327,0
ISTGNN_PeMS04_flow,5,0.1423,0.1201;0.1349,0.1325,0.1325,0
ISTGNN_PeMS04_flow,6,0.1435,0.1189;0.1372,0.1332,0.1325,1
ISTGNN_PeMS04_flow,7,0.1416,0.1217;0.1352,0.1328,0.1325,2
ISTGNN_PeMS04_flow,8,0.1414,0.1182;0.1342,0.1313,0.1313,0
ISTGNN_PeMS04_flow,9,0.1415,0.1204;0.1349,0.1323,0.1313,1
ISTGNN_PeMS04_flow,10,0.1414,0.1194;0.1354,0.1321,0.1313,2
ISTGNN_PeMS04_flow,11,0.1412,0.1175;0.1351,0.1313,0.1313,3
ISTGNN_PeMS04_flow,12,0.1408,0.1192;0.1339,0.1313,0.1313,4
ISTGNN_PeMS04_flow,13,0.1410,0.1174;0.1335,0.1306,0.1306,0
ISTGNN_PeMS04_flow,14,0.1419,0.1175;0.1341,0.1312,0.1306,1
ISTGNN_PeMS04_flow,15,0.1403,0.1193;0.1350,0.1315,0.1306,2
ISTGNN_PeMS04_flow,16,0.1407,0.1172;0.1334,0.1304,0.1304,0
ISTGNN_PeMS04_flow,17,0.1403,0.1173;0.1340,0.1305,0.1304,1
ISTGNN_PeMS04_flow,18,0.1402,0.1185;0.1354,0.1314,0.1304,2
ISTGNN_PeMS04_flow,19,0.1399,0.1175;0.1353,0.1309,0.1304,3
ISTGNN_PeMS04_flow,20,0.1410,0.1170;0.1350,0.1310,0.1304,4
ISTGNN_PeMS04_flow,21,0.1421,0.1169;0.1349,0.1313,0.1304,5
ISTGNN_PeMS04_flow,22,0.1403,0.1176;0.1330,0.1303,0.1303,0
ISTGNN_PeMS04_flow,23,0.1410,0.1178;0.1368,0.1319,0.1303,1
ISTGNN_PeMS04_flow,24,0.1413,0.1180;0.1334,0.1309,0.1303,2
ISTGNN_PeMS04_flow,25,0.1402,0.1194;0.1332,0.1309,0.1303,3
ISTGNN_PeMS04_flow,26,0.1406,0.1170;0.1326,0.1301,0.1301,0
ISTGNN_PeMS04_flow,27,0.1400,0.1166;0.1330,0.1298,0.1298,0
ISTGNN_PeMS04_flow,28,0.1426,0.1189;0.1335,0.1317,0.1298,1
ISTGNN_PeMS04_flow,29,0.1394,0.1169;0.1327,0.1297,0.1297,0
ISTGNN_PeMS04_flow,30,0.1395,0.1176;0.1332,0.1301,0.1297,1
ISTGNN_PeMS04_flow,31,0.1403,0.1201;0.1331,0.1312,0.1297,2
ISTGNN_PeMS04_flow,32,0.1401,0.1169;0.1323,0.1298,0.1297,3
ISTGNN_PeMS04_flow,33,0.1395,0.1162;0.1331,0.1296,0.1297,4
ISTGNN_PeMS04_flow,34,0.1402,0.1196;0.1332,0.1310,0.1297,5
ISTGNN_PeMS04_flow,35,0.1399,0.1162;0.1333,0.1298,0.1297,6
ISTGNN_PeMS04_flow,36,0.1397,0.1177;0.1326,0.1300,0.1297,7
ISTGNN_PeMS04_flow,37,0.1403,0.1182;0.1336,0.1307,0.1297,8
ISTGNN_PeMS04_flow,38,0.1394,0.1163;0.1337,0.1298,0.1297,9
ISTGNN_PeMS04_flow,39,0.1398,0.1161;0.1327,0.1295,0.1295,0
ISTGNN_PeMS04_flow,40,0.1399,0.1171;0.1336,0.1302,0.1295,1
ISTGNN_PeMS04_flow,41,0.1392,0.1164;0.1346,0.1301,0.1295,2
ISTGNN_PeMS04_flow,42,0.1397,0.1165;0.1331,0.1297,0.1295,3
ISTGNN_PeMS04_flow,43,0.1402,0.1162;0.1323,0.1296,0.1295,4
ISTGNN_PeMS04_flow,44,0.1393,0.1161;0.1323,0.1292,0.1292,0
ISTGNN_PeMS04_flow,45,0.1389,0.1160;0.1341,0.1297,0.1292,1
ISTGNN_PeMS04_flow,46,0.1397,0.1160;0.1328,0.1295,0.1292,2
ISTGNN_PeMS04_flow,47,0.1392,0.1164;0.1324,0.1293,0.1292,3
ISTGNN_PeMS04_flow,48,0.1397,0.1165;0.1331,0.1298,0.1292,4
ISTGNN_PeMS04_flow,49,0.1394,0.1162;0.1347,0.1301,0.1292,5
ISTGNN_PeMS04_flow,50,0.1394,0.1162;0.1318,0.1291,0.1292,6
ISTGNN_PeMS04_flow,51,0.1395,0.1162;0.1320,0.1292,0.1292,7
ISTGNN_PeMS04_flow,52,0.1389,0.1162;0.1319,0.1290,0.1290,0
ISTGNN_PeMS04_flow,53,0.1404,0.1155;0.1322,0.1294,0.1290,1
ISTGNN_PeMS04_flow,54,0.1409,0.1159;0.1319,0.1296,0.1290,2
ISTGNN_PeMS04_flow,55,0.1387,0.1186;0.1330,0.1301,0.1290,3
ISTGNN_PeMS04_flow,56,0.1388,0.1156;0.1323,0.1289,0.1289,0
ISTGNN_PeMS04_flow,57,0.1407,0.1158;0.1329,0.1298,0.1289,1
ISTGNN_PeMS04_flow,58,0.1385,0.1155;0.1334,0.1291,0.1289,2
ISTGNN_PeMS04_flow,59,0.1393,0.1155;0.1327,0.1292,0.1289,3
ISTGNN_PeMS04_flow,60,0.1405,0.1166;0.1325,0.1299,0.1289,4
ISTGNN_PeMS04_flow,61,0.1391,0.1168;0.1320,0.1293,0.1289,5
ISTGNN_PeMS04_flow,62,0.1401,0.1157;0.1336,0.1298,0.1289,6
ISTGNN_PeMS04_flow,63,0.1390,0.1155;0.1321,0.1289,0.1289,7
ISTGNN_PeMS04_flow,64,0.1389,0.1160;0.1316,0.1288,0.1289,8
ISTGNN_PeMS04_flow,65,0.1389,0.1150;0.1320,0.1286,0.1286,0
ISTGNN_PeMS04_flow,66,0.1392,0.1167;0.1325,0.1295,0.1286,1
ISTGNN_PeMS04_flow,67,0.1388,0.1163;0.1313,0.1288,0.1286,2
ISTGNN_PeMS04_flow,68,0.1396,0.1155;0.1321,0.1291,0.1286,3
ISTGNN_PeMS04_flow,69,0.1393,0.1154;0.1316,0.1288,0.1286,4
ISTGNN_PeMS04_flow,70,0.1386,0.1155;0.1316,0.1286,0.1286,5
ISTGNN_PeMS04_flow,71,0.1382,0.1154;0.1323,0.1286,0.1286,6
ISTGNN_PeMS04_flow,72,0.1385,0.1155;0.1315,0.1285,0.1285,0
ISTGNN_PeMS04_flow,73,0.1391,0.1167;0.1315,0.1291,0.1285,1
ISTGNN_PeMS04_flow,74,0.1410,0.1183;0.1324,0.1305,0.1285,2
ISTGNN_PeMS04_flow,75,0.1381,0.1164;0.1312,0.1286,0.1285,3
ISTGNN_PeMS04_flow,76,0.1395,0.1154;0.1317,0.1288,0.1285,4
ISTGNN_PeMS04_flow,77,0.1384,0.1158;0.1331,0.1291,0.1285,5
ISTGNN_PeMS04_flow,78,0.1385,0.1168;0.1318,0.1290,0.1285,6
ISTGNN_PeMS04_flow,79,0.1386,0.1154;0.1326,0.1289,0.1285,7
ISTGNN_PeMS04_flow,80,0.1394,0.1154;0.1316,0.1288,0.1285,8
ISTGNN_PeMS04_flow,81,0.1382,0.1148;0.1325,0.1285,0.1285,9
ISTGNN_PeMS04_flow,82,0.1381,0.1162;0.1321,0.1288,0.1285,10
ISTGNN_PeMS04_flow,83,0.1404,0.1152;0.1324,0.1293,0.1285,11
ISTGNN_PeMS04_flow,84,0.1392,0.1158;0.1314,0.1288,0.1285,12
ISTGNN_PeMS04_flow,85,0.1385,0.1154;0.1324,0.1287,0.1285,13
ISTGNN_PeMS04_flow,86,0.1382,0.1162;0.1313,0.1286,0.1285,14
ISTGNN_PeMS04_flow,87,0.1403,0.1147;0.1328,0.1293,0.1285,15
ISTGNN_PeMS04_flow,88,0.1387,0.1168;0.1324,0.1293,0.1285,16
ISTGNN_PeMS04_flow,89,0.1381,0.1158;0.1318,0.1286,0.1285,17
ISTGNN_PeMS04_flow,90,0.1383,0.1147;0.1313,0.1281,0.1281,0
ISTGNN_PeMS04_flow,91,0.1380,0.1149;0.1319,0.1282,0.1281,1
ISTGNN_PeMS04_flow,92,0.1385,0.1167;0.1319,0.1290,0.1281,2
ISTGNN_PeMS04_flow,93,0.1385,0.1156;0.1319,0.1287,0.1281,3
ISTGNN_PeMS04_flow,94,0.1382,0.1163;0.1311,0.1285,0.1281,4
ISTGNN_PeMS04_flow,95,0.1379,0.1164;0.1343,0.1295,0.1281,5
ISTGNN_PeMS04_flow,96,0.1380,0.1152;0.1338,0.1290,0.1281,6
ISTGNN_PeMS04_flow,97,0.1389,0.1163;0.1312,0.1288,0.1281,7
ISTGNN_PeMS04_flow,98,0.1379,0.1157;0.1311,0.1283,0.1281,8
ISTGNN_PeMS04_flow,99,0.1379,0.1159;0.1312,0.1283,0.1281,9
ISTGNN_PeMS04_flow,100,0.1389,0.1148;0.1326,0.1288,0.1281,10
ISTGNN_PeMS04_flow,101,0.1384,0.1146;0.1311,0.1280,0.1281,11
ISTGNN_PeMS04_flow,102,0.1381,0.1146;0.1312,0.1279,0.1279,0
ISTGNN_PeMS04_flow,103,0.1388,0.1157;0.1309,0.1284,0.1279,1
ISTGNN_PeMS04_flow,104,0.1391,0.1143;0.1311,0.1281,0.1279,2
ISTGNN_PeMS04_flow,105,0.1397,0.1144;0.1307,0.1283,0.1279,3
ISTGNN_PeMS04_flow,106,0.1380,0.1154;0.1317,0.1284,0.1279,4
ISTGNN_PeMS04_flow,107,0.1386,0.1145;0.1306,0.1279,0.1279,5
ISTGNN_PeMS04_flow,108,0.1380,0.1143;0.1310,0.1278,0.1278,0
ISTGNN_PeMS04_flow,109,0.1382,0.1145;0.1309,0.1279,0.1278,1
ISTGNN_PeMS04_flow,110,0.1380,0.1147;0.1326,0.1284,0.1278,2
ISTGNN_PeMS04_flow,111,0.1375,0.1148;0.1312,0.1278,0.1278,3
ISTGNN_PeMS04_flow,112,0.1376,0.1146;0.1313,0.1278,0.1278,4
ISTGNN_PeMS04_flow,113,0.1407,0.1171;0.1311,0.1296,0.1278,5
ISTGNN_PeMS04_flow,114,0.1380,0.1147;0.1310,0.1279,0.1278,6
ISTGNN_PeMS04_flow,115,0.1378,0.1149;0.1314,0.1280,0.1278,7
ISTGNN_PeMS04_flow,116,0.1381,0.1146;0.1309,0.1279,0.1278,8
ISTGNN_PeMS04_flow,117,0.1382,0.1161;0.1304,0.1282,0.1278,9
ISTGNN_PeMS04_flow,118,0.1377,0.1144;0.1310,0.1277,0.1277,0
ISTGNN_PeMS04_flow,119,0.1379,0.1150;0.1307,0.1279,0.1277,1
ISTGNN_PeMS04_flow,120,0.1377,0.1180;0.1314,0.1290,0.1277,2
ISTGNN_PeMS04_flow,121,0.1376,0.1149;0.1315,0.1280,0.1277,3
ISTGNN_PeMS04_flow,122,0.1374,0.1150;0.1308,0.1277,0.1277,4
ISTGNN_PeMS04_flow,123,0.1378,0.1142;0.1305,0.1275,0.1275,0
ISTGNN_PeMS04_flow,124,0.1373,0.1148;0.1307,0.1276,0.1275,1
ISTGNN_PeMS04_flow,125,0.1378,0.1145;0.1306,0.1276,0.1275,2
ISTGNN_PeMS04_flow,126,0.1382,0.1144;0.1306,0.1277,0.1275,3
ISTGNN_PeMS04_flow,127,0.1385,0.1146;0.1301,0.1277,0.1275,4
ISTGNN_PeMS04_flow,128,0.1381,0.1145;0.1311,0.1279,0.1275,5
ISTGNN_PeMS04_flow,129,0.1381,0.1144;0.1305,0.1277,0.1275,6
ISTGNN_PeMS04_flow,130,0.1380,0.1149;0.1318,0.1283,0.1275,7
ISTGNN_PeMS04_flow,131,0.1375,0.1151;0.1305,0.1277,0.1275,8
ISTGNN_PeMS04_flow,132,0.1375,0.1144;0.1307,0.1275,0.1275,9
ISTGNN_PeMS04_flow,133,0.1376,0.1151;0.1310,0.1279,0.1275,10
ISTGNN_PeMS04_flow,134,0.1378,0.1146;0.1302,0.1275,0.1275,11
ISTGNN_PeMS04_flow,135,0.1374,0.1145;0.1305,0.1274,0.1275,12
ISTGNN_PeMS04_flow,136,0.1374,0.1147;0.1311,0.1277,0.1275,13
ISTGNN_PeMS04_flow,137,0.1389,0.1140;0.1308,0.1279,0.1275,14
ISTGNN_PeMS04_flow,138,0.1387,0.1144;0.1302,0.1278,0.1275,15
ISTGNN_PeMS04_flow,139,0.1375,0.1144;0.1307,0.1275,0.1275,16
ISTGNN_PeMS04_flow,140,0.1377,0.1146;0.1317,0.1280,0.1275,17
ISTGNN_PeMS04_flow,141,0.1375,0.1143;0.1301,0.1273,0.1273,0
ISTGNN_PeMS04_flow,142,0.1376,0.1140;0.1300,0.1272,0.1273,1
ISTGNN_PeMS04_flow,143,0.1375,0.1141;0.1310,0.1276,0.1273,2
ISTGNN_PeMS04_flow,144,0.1374,0.1150;0.1302,0.1276,0.1273,3
ISTGNN_PeMS04_flow,145,0.1376,0.1143;0.1306,0.1275,0.1273,4
ISTGNN_PeMS04_flow,146,0.1371,0.1153;0.1311,0.1278,0.1273,5
ISTGNN_PeMS04_flow,147,0.1373,0.1142;0.1303,0.1272,0.1273,6
ISTGNN_PeMS04_flow,148,0.1376,0.1141;0.1310,0.1275,0.1273,7
ISTGNN_PeMS04_flow,149,0.1388,0.1141;0.1304,0.1277,0.1273,8
ISTGNN_PeMS04_flow,150,0.1378,0.1142;0.1310,0.1277,0.1273,9
ISTGNN_PeMS04_flow,151,0.1377,0.1144;0.1303,0.1275,0.1273,10
ISTGNN_PeMS04_flow,152,0.1381,0.1170;0.1304,0.1285,0.1273,11
ISTGNN_PeMS04_flow,153,0.1377,0.1142;0.1308,0.1275,0.1273,12
ISTGNN_PeMS04_flow,154,0.1369,0.1155;0.1306,0.1277,0.1273,13
ISTGNN_PeMS04_flow,155,0.1373,0.1144;0.1325,0.1280,0.1273,14
ISTGNN_PeMS04_flow,156,0.1369,0.1148;0.1301,0.1273,0.1273,15
ISTGNN_PeMS04_flow,157,0.1370,0.1145;0.1303,0.1273,0.1273,16
ISTGNN_PeMS04_flow,158,0.1387,0.1145;0.1302,0.1278,0.1273,17
ISTGNN_PeMS04_flow,159,0.1390,0.1140;0.1301,0.1277,0.1273,18
ISTGNN_PeMS04_flow,160,0.1380,0.1139;0.1311,0.1277,0.1273,19
ISTGNN_PeMS04_flow,161,0.1378,0.1141;0.1302,0.1274,0.1273,20
ISTGNN_PeMS04_flow,162,0.1379,0.1140;0.1309,0.1276,0.1273,21
ISTGNN_PeMS04_flow,163,0.1375,0.1138;0.1304,0.1272,0.1273,22
ISTGNN_PeMS04_flow,164,0.1376,0.1140;0.1304,0.1273,0.1273,23
ISTGNN_PeMS04_flow,165,0.1389,0.1139;0.1311,0.1280,0.1273,24
ISTGNN_PeMS04_flow,166,0.1378,0.1138;0.1304,0.1273,0.1273,25
ISTGNN_PeMS04_flow,167,0.1379,0.1141;0.1303,0.1274,0.1273,26
ISTGNN_PeMS04_flow,168,0.1376,0.1147;0.1310,0.1278,0.1273,27
ISTGNN_PeMS04_flow,169,0.1370,0.1139;0.1302,0.1270,0.1270,0
ISTGNN_PeMS04_flow,170,0.1373,0.1142;0.1305,0.1274,0.1270,1
ISTGNN_PeMS04_flow,171,0.1370,0.1138;0.1308,0.1272,0.1270,2
ISTGNN_PeMS04_flow,172,0.1374,0.1147;0.1307,0.1276,0.1270,3
ISTGNN_PeMS04_flow,173,0.1376,0.1141;0.1301,0.1273,0.1270,4
ISTGNN_PeMS04_flow,174,0.1386,0.1138;0.1318,0.1281,0.1270,5
ISTGNN_PeMS04_flow,175,0.1376,0.1136;0.1301,0.1271,0.1270,6
ISTGNN_PeMS04_flow,176,0.1371,0.1144;0.1307,0.1274,0.1270,7
ISTGNN_PeMS04_flow,177,0.1385,0.1142;0.1318,0.1282,0.1270,8
ISTGNN_PeMS04_flow,178,0.1372,0.1140;0.1299,0.1270,0.1270,9
ISTGNN_PeMS04_flow,179,0.1384,0.1142;0.1302,0.1276,0.1270,10
ISTGNN_PeMS04_flow,180,0.1370,0.1144;0.1313,0.1276,0.1270,11
ISTGNN_PeMS04_flow,181,0.1373,0.1146;0.1304,0.1275,0.1270,12
ISTGNN_PeMS04_flow,182,0.1373,0.1149;0.1300,0.1274,0.1270,13
ISTGNN_PeMS04_flow,183,0.1373,0.1134;0.1305,0.1271,0.1270,14
ISTGNN_PeMS04_flow,184,0.1384,0.1138;0.1313,0.1278,0.1270,15
ISTGNN_PeMS04_flow,185,0.1374,0.1140;0.1301,0.1272,0.1270,16
ISTGNN_PeMS04_flow,186,0.1373,0.1153;0.1303,0.1277,0.1270,17
ISTGNN_PeMS04_flow,187,0.1379,0.1141;0.1301,0.1273,0.1270,18
ISTGNN_PeMS04_flow,188,0.1381,0.1135;0.1303,0.1273,0.1270,19
ISTGNN_PeMS04_flow,189,0.1374,0.1142;0.1310,0.1275,0.1270,20
ISTGNN_PeMS04_flow,190,0.1369,0.1140;0.1305,0.1271,0.1270,21
ISTGNN_PeMS04_flow,191,0.1370,0.1136;0.1307,0.1271,0.1270,22
ISTGNN_PeMS04_flow,192,0.1373,0.1142;0.1301,0.1272,0.1270,23
ISTGNN_PeMS04_flow,193,0.1373,0.1146;0.1303,0.1274,0.1270,24
ISTGNN_PeMS04_flow,194,0.1373,0.1148;0.1302,0.1274,0.1270,25
ISTGNN_PeMS04_flow,195,0.1371,0.1140;0.1305,0.1272,0.1270,26
ISTGNN_PeMS04_flow,196,0.1370,0.1136;0.1299,0.1268,0.1268,0
ISTGNN_PeMS04_flow,197,0.1369,0.1136;0.1305,0.1270,0.1268,1
ISTGNN_PeMS04_flow,198,0.1372,0.1137;0.1298,0.1269,0.1268,2
ISTGNN_PeMS04_flow,199,0.1375,0.1137;0.1298,0.1270,0.1268,3
ISTGNN_PeMS04_flow,200,0.1369,0.1136;0.1302,0.1269,0.1268,4
ISTGNN_PeMS04_flow,201,0.1370,0.1138;0.1299,0.1269,0.1268,5
ISTGNN_PeMS04_flow,202,0.1371,0.1142;0.1305,0.1273,0.1268,6
ISTGNN_PeMS04_flow,203,0.1380,0.1135;0.1299,0.1271,0.1268,7
ISTGNN_PeMS04_flow,204,0.1386,0.1139;0.1303,0.1276,0.1268,8
ISTGNN_PeMS04_flow,205,0.1378,0.1137;0.1298,0.1271,0.1268,9
ISTGNN_PeMS04_flow,206,0.1394,0.1134;0.1312,0.1280,0.1268,10
ISTGNN_PeMS04_flow,207,0.1386,0.1136;0.1298,0.1274,0.1268,11
ISTGNN_PeMS04_flow,208,0.1367,0.1137;0.1300,0.1268,0.1268,12
ISTGNN_PeMS04_flow,209,0.1370,0.1136;0.1307,0.1271,0.1268,13
ISTGNN_PeMS04_flow,210,0.1371,0.1143;0.1306,0.1273,0.1268,14
ISTGNN_PeMS04_flow,211,0.1377,0.1147;0.1303,0.1276,0.1268,15
ISTGNN_PeMS04_flow,212,0.1366,0.1134;0.1305,0.1268,0.1268,16
ISTGNN_PeMS04_flow,213,0.1369,0.1136;0.1303,0.1269,0.1268,17
ISTGNN_PeMS04_flow,214,0.1383,0.1134;0.1297,0.1271,0.1268,18
ISTGNN_PeMS04_flow,215,0.1372,0.1133;0.1298,0.1268,0.1268,19
ISTGNN_PeMS04_flow,216,0.1372,0.1137;0.1299,0.1269,0.1268,20
ISTGNN_PeMS04_flow,217,0.1369,0.1139;0.1302,0.1270,0.1268,21
ISTGNN_PeMS04_flow,218,0.1375,0.1141;0.1299,0.1271,0.1268,22
ISTGNN_PeMS04_flow,219,0.1369,0.1138;0.1304,0.1270,0.1268,23
ISTGNN_PeMS04_flow,220,0.1368,0.1137;0.1296,0.1267,0.1267,0
ISTGNN_PeMS04_flow,221,0.1373,0.1147;0.1300,0.1273,0.1267,1
ISTGNN_PeMS04_flow,222,0.1371,0.1140;0.1299,0.1270,0.1267,2
ISTGNN_PeMS04_flow,223,0.1371,0.1138;0.1305,0.1271,0.1267,3
ISTGNN_PeMS04_flow,224,0.1376,0.1135;0.1316,0.1276,0.1267,4
ISTGNN_PeMS04_flow,225,0.1368,0.1145;0.1302,0.1271,0.1267,5
ISTGNN_PeMS04_flow,226,0.1378,0.1135;0.1296,0.1270,0.1267,6
ISTGNN_PeMS04_flow,227,0.1370,0.1137;0.1296,0.1267,0.1267,7
ISTGNN_PeMS04_flow,228,0.1372,0.1143;0.1307,0.1274,0.1267,8
ISTGNN_PeMS04_flow,229,0.1367,0.1140;0.1301,0.1269,0.1267,9
ISTGNN_PeMS04_flow,230,0.1377,0.1150;0.1303,0.1277,0.1267,10
ISTGNN_PeMS04_flow,231,0.1379,0.1150;0.1298,0.1275,0.1267,11
ISTGNN_PeMS04_flow,232,0.1369,0.1145;0.1296,0.1270,0.1267,12
ISTGNN_PeMS04_flow,233,0.1372,0.1140;0.1296,0.1269,0.1267,13
ISTGNN_PeMS04_flow,234,0.1366,0.1139;0.1304,0.1270,0.1267,14
ISTGNN_PeMS04_flow,235,0.1375,0.1142;0.1302,0.1273,0.1267,15
ISTGNN_PeMS04_flow,236,0.1369,0.1136;0.1305,0.1270,0.1267,16
ISTGNN_PeMS04_flow,237,0.1368,0.1132;0.1302,0.1267,0.1267,17
ISTGNN_PeMS04_flow,238,0.1371,0.1134;0.1300,0.1268,0.1267,18
ISTGNN_PeMS04_flow,239,0.1370,0.1132;0.1296,0.1266,0.1266,0
ISTGNN_PeMS04_flow,240,0.1379,0.1139;0.1299,0.1272,0.1266,1
ISTGNN_PeMS04_flow,241,0.1365,0.1133;0.1297,0.1265,0.1266,2
ISTGNN_PeMS04_flow,242,0.1372,0.1144;0.1303,0.1273,0.1266,3
ISTGNN_PeMS04_flow,243,0.1367,0.1133;0.1302,0.1267,0.1266,4
ISTGNN_PeMS04_flow,244,0.1379,0.1135;0.1314,0.1276,0.1266,5
ISTGNN_PeMS04_flow,245,0.1365,0.1133;0.1296,0.1264,0.1264,0
ISTGNN_PeMS04_flow,246,0.1364,0.1136;0.1297,0.1266,0.1264,1
ISTGNN_PeMS04_flow,247,0.1367,0.1136;0.1299,0.1267,0.1264,2
ISTGNN_PeMS04_flow,248,0.1370,0.1142;0.1299,0.1270,0.1264,3
ISTGNN_PeMS04_flow,249,0.1365,0.1137;0.1298,0.1267,0.1264,4
ISTGNN_PeMS04_flow,250,0.1366,0.1140;0.1311,0.1272,0.1264,5
ISTGNN_PeMS04_flow,251,0.1364,0.1133;0.1315,0.1271,0.1264,6
ISTGNN_PeMS04_flow,252,0.1368,0.1132;0.1298,0.1266,0.1264,7
ISTGNN_PeMS04_flow,253,0.1371,0.1133;0.1304,0.1269,0.1264,8
ISTGNN_PeMS04_flow,254,0.1365,0.1135;0.1295,0.1265,0.1264,9
ISTGNN_PeMS04_flow,255,0.1375,0.1148;0.1297,0.1273,0.1264,10
ISTGNN_PeMS04_flow,256,0.1383,0.1135;0.1304,0.1274,0.1264,11
ISTGNN_PeMS04_flow,257,0.1369,0.1139;0.1296,0.1268,0.1264,12
ISTGNN_PeMS04_flow,258,0.1368,0.1133;0.1303,0.1268,0.1264,13
ISTGNN_PeMS04_flow,259,0.1370,0.1136;0.1296,0.1267,0.1264,14
ISTGNN_PeMS04_flow,260,0.1364,0.1135;0.1295,0.1264,0.1264,15
ISTGNN_PeMS04_flow,261,0.1366,0.1139;0.1298,0.1268,0.1264,16
ISTGNN_PeMS04_flow,262,0.1373,0.1149;0.1303,0.1275,0.1264,17
ISTGNN_PeMS04_flow,263,0.1365,0.1140;0.1301,0.1269,0.1264,18
ISTGNN_PeMS04_flow,264,0.1367,0.1142;0.1305,0.1271,0.1264,19
ISTGNN_PeMS04_flow,265,0.1368,0.1144;0.1297,0.1269,0.1264,20
ISTGNN_PeMS04_flow,266,0.1367,0.1136;0.1295,0.1266,0.1264,21
ISTGNN_PeMS04_flow,267,0.1364,0.1130;0.1298,0.1264,0.1264,22
ISTGNN_PeMS04_flow,268,0.1371,0.1143;0.1302,0.1272,0.1264,23
ISTGNN_PeMS04_flow,269,0.1377,0.1134;0.1298,0.1270,0.1264,24
ISTGNN_PeMS04_flow,270,0.1371,0.1133;0.1300,0.1268,0.1264,25
ISTGNN_PeMS04_flow,271,0.1369,0.1133;0.1296,0.1266,0.1264,26
ISTGNN_PeMS04_flow,272,0.1371,0.1131;0.1299,0.1267,0.1264,27
ISTGNN_PeMS04_flow,273,0.1366,0.1131;0.1302,0.1266,0.1264,28
ISTGNN_PeMS04_flow,274,0.1369,0.1138;0.1298,0.1268,0.1264,29
ISTGNN_PeMS04_flow,275,0.1367,0.1130;0.1301,0.1266,0.1264,30
ISTGNN_PeMS04_flow,276,0.1365,0.1135;0.1298,0.1266,0.1264,31
ISTGNN_PeMS04_flow,277,0.1365,0.1133;0.1303,0.1267,0.1264,32
ISTGNN_PeMS04_flow,278,0.1368,0.1131;0.1307,0.1269,0.1264,33
ISTGNN_PeMS04_flow,279,0.1372,0.1135;0.1295,0.1267,0.1264,34
ISTGNN_PeMS04_flow,280,0.1368,0.1139;0.1299,0.1268,0.1264,35
ISTGNN_PeMS04_flow,281,0.1383,0.1151;0.1295,0.1277,0.1264,36
ISTGNN_PeMS04_flow,282,0.1364,0.1143;0.1298,0.1268,0.1264,37
ISTGNN_PeMS04_flow,283,0.1368,0.1139;0.1296,0.1267,0.1264,38
ISTGNN_PeMS04_flow,284,0.1370,0.1134;0.1301,0.1268,0.1264,39
ISTGNN_PeMS04_flow,285,0.1371,0.1134;0.1298,0.1268,0.1264,40
ISTGNN_PeMS04_flow,286,0.1367,0.1136;0.1299,0.1267,0.1264,41
ISTGNN_PeMS04_flow,287,0.1370,0.1132;0.1302,0.1268,0.1264,42
ISTGNN_PeMS04_flow,288,0.1365,0.1133;0.1303,0.1267,0.1264,43
ISTGNN_PeMS04_flow,289,0.1366,0.1142;0.1306,0.1271,0.1264,44
ISTGNN_PeMS04_flow,290,0.1364,0.1131;0.1296,0.1264,0.1264,45
ISTGNN_PeMS04_flow,291,0.1362,0.1137;0.1307,0.1269,0.1264,46
ISTGNN_PeMS04_flow,292,0.1375,0.1134;0.1294,0.1268,0.1264,47
ISTGNN_PeMS04_flow,293,0.1365,0.1143;0.1303,0.1270,0.1264,48
ISTGNN_PeMS04_flow,294,0.1380,0.1145;0.1294,0.1273,0.1264,49
ISTGNN_PeMS04_flow,295,0.1370,0.1134;0.1296,0.1267,0.1264,50
ISTGNN_PeMS04_flow,1,0.1454,0.1220;0.1391,0.1355,0.1355,0
ISTGNN_PeMS04_flow,2,0.1437,0.1215;0.1373,0.1342,0.1342,0
ISTGNN_PeMS04_flow,3,0.1428,0.1199;0.1365,0.1331,0.1331,0
ISTGNN_PeMS04_flow,4,0.1441,0.1192;0.1374,0.1336,0.1331,1
ISTGNN_PeMS04_flow,5,0.1420,0.1188;0.1369,0.1326,0.1326,0
ISTGNN_PeMS04_flow,6,0.1414,0.1250;0.1357,0.1341,0.1326,1
ISTGNN_PeMS04_flow,7,0.1434,0.1217;0.1369,0.1340,0.1326,2
ISTGNN_PeMS04_flow,8,0.1413,0.1187;0.1353,0.1318,0.1318,0
ISTGNN_PeMS04_flow,9,0.1426,0.1181;0.1349,0.1319,0.1318,1
ISTGNN_PeMS04_flow,10,0.1421,0.1180;0.1363,0.1321,0.1318,2
ISTGNN_PeMS04_flow,11,0.1410,0.1206;0.1342,0.1319,0.1318,3
ISTGNN_PeMS04_flow,12,0.1422,0.1193;0.1346,0.1320,0.1318,4
ISTGNN_PeMS04_flow,13,0.1409,0.1174;0.1344,0.1309,0.1309,0
ISTGNN_PeMS04_flow,14,0.1403,0.1175;0.1355,0.1311,0.1309,1
ISTGNN_PeMS04_flow,15,0.1439,0.1174;0.1337,0.1317,0.1309,2
ISTGNN_PeMS04_flow,16,0.1410,0.1178;0.1341,0.1310,0.1309,3
ISTGNN_PeMS04_flow,17,0.1403,0.1172;0.1340,0.1305,0.1305,0
ISTGNN_PeMS04_flow,18,0.1416,0.1194;0.1339,0.1317,0.1305,1
ISTGNN_PeMS04_flow,19,0.1421,0.1204;0.1334,0.1320,0.1305,2
ISTGNN_PeMS04_flow,20,0.1417,0.1176;0.1338,0.1310,0.1305,3
ISTGNN_PeMS04_flow,21,0.1423,0.1185;0.1333,0.1314,0.1305,4
ISTGNN_PeMS04_flow,22,0.1406,0.1168;0.1339,0.1304,0.1305,5
ISTGNN_PeMS04_flow,23,0.1415,0.1166;0.1329,0.1303,0.1303,0
ISTGNN_PeMS04_flow,24,0.1403,0.1196;0.1340,0.1313,0.1303,1
ISTGNN_PeMS04_flow,25,0.1403,0.1183;0.1333,0.1306,0.1303,2
ISTGNN_PeMS04_flow,26,0.1402,0.1174;0.1357,0.1311,0.1303,3
ISTGNN_PeMS04_flow,27,0.1403,0.1203;0.1327,0.1311,0.1303,4
ISTGNN_PeMS04_flow,28,0.1397,0.1173;0.1340,0.1303,0.1303,5
ISTGNN_PeMS04_flow,29,0.1397,0.1165;0.1328,0.1297,0.1297,0
ISTGNN_PeMS04_flow,30,0.1404,0.1175;0.1324,0.1301,0.1297,1
ISTGNN_PeMS04_flow,31,0.1401,0.1174;0.1337,0.1304,0.1297,2
ISTGNN_PeMS04_flow,32,0.1431,0.1166;0.1336,0.1311,0.1297,3
ISTGNN_PeMS04_flow,33,0.1413,0.1171;0.1324,0.1303,0.1297,4
ISTGNN_PeMS04_flow,34,0.1393,0.1167;0.1330,0.1297,0.1297,5
ISTGNN_PeMS04_flow,35,0.1395,0.1175;0.1327,0.1299,0.1297,6
ISTGNN_PeMS04_flow,36,0.1405,0.1196;0.1328,0.1310,0.1297,7
ISTGNN_PeMS04_flow,37,0.1399,0.1195;0.1324,0.1306,0.1297,8
ISTGNN_PeMS04_flow,38,0.1390,0.1162;0.1363,0.1305,0.1297,9
ISTGNN_PeMS04_flow,39,0.1403,0.1164;0.1327,0.1298,0.1297,10
ISTGNN_PeMS04_flow,40,0.1403,0.1169;0.1336,0.1303,0.1297,11
ISTGNN_PeMS04_flow,41,0.1404,0.1168;0.1324,0.1299,0.1297,12
ISTGNN_PeMS04_flow,42,0.1388,0.1161;0.1324,0.1291,0.1291,0
ISTGNN_PeMS04_flow,43,0.1393,0.1181;0.1338,0.1304,0.1291,1
ISTGNN_PeMS04_flow,44,0.1397,0.1164;0.1323,0.1295,0.1291,2
ISTGNN_PeMS04_flow,45,0.1396,0.1162;0.1328,0.1295,0.1291,3
ISTGNN_PeMS04_flow,46,0.1402,0.1158;0.1346,0.1302,0.1291,4
ISTGNN_PeMS04_flow,47,0.1398,0.1161;0.1324,0.1294,0.1291,5
ISTGNN_PeMS04_flow,48,0.1393,0.1158;0.1320,0.1290,0.1290,0
ISTGNN_PeMS04_flow,49,0.1393,0.1158;0.1328,0.1293,0.1290,1
ISTGNN_PeMS04_flow,50,0.1408,0.1170;0.1320,0.1299,0.1290,2
ISTGNN_PeMS04_flow,51,0.1389,0.1160;0.1327,0.1292,0.1290,3
ISTGNN_PeMS04_flow,52,0.1394,0.1156;0.1318,0.1289,0.1290,4
ISTGNN_PeMS04_flow,53,0.1394,0.1177;0.1317,0.1296,0.1290,5
ISTGNN_PeMS04_flow,54,0.1389,0.1154;0.1332,0.1292,0.1290,6
ISTGNN_PeMS04_flow,55,0.1400,0.1173;0.1340,0.1305,0.1290,7
ISTGNN_PeMS04_flow,56,0.1404,0.1169;0.1332,0.1302,0.1290,8
ISTGNN_PeMS04_flow,57,0.1387,0.1171;0.1330,0.1296,0.1290,9
ISTGNN_PeMS04_flow,58,0.1389,0.1193;0.1322,0.1301,0.1290,10
ISTGNN_PeMS04_flow,59,0.1392,0.1155;0.1315,0.1287,0.1287,0
ISTGNN_PeMS04_flow,60,0.1389,0.1168;0.1332,0.1296,0.1287,1
ISTGNN_PeMS04_flow,61,0.1385,0.1161;0.1317,0.1288,0.1287,2
ISTGNN_PeMS04_flow,62,0.1389,0.1161;0.1351,0.1300,0.1287,3
ISTGNN_PeMS04_flow,63,0.1387,0.1158;0.1318,0.1287,0.1287,4
ISTGNN_PeMS04_flow,64,0.1390,0.1169;0.1331,0.1297,0.1287,5
ISTGNN_PeMS04_flow,65,0.1393,0.1162;0.1317,0.1291,0.1287,6
ISTGNN_PeMS04_flow,66,0.1397,0.1168;0.1316,0.1294,0.1287,7
ISTGNN_PeMS04_flow,67,0.1388,0.1154;0.1315,0.1286,0.1286,0
ISTGNN_PeMS04_flow,68,0.1388,0.1158;0.1332,0.1292,0.1286,1
ISTGNN_PeMS04_flow,69,0.1387,0.1151;0.1316,0.1285,0.1285,0
ISTGNN_PeMS04_flow,70,0.1383,0.1157;0.1317,0.1286,0.1285,1
ISTGNN_PeMS04_flow,71,0.1383,0.1158;0.1328,0.1290,0.1285,2
ISTGNN_PeMS04_flow,72,0.1380,0.1169;0.1315,0.1288,0.1285,3
ISTGNN_PeMS04_flow,73,0.1395,0.1153;0.1325,0.1291,0.1285,4
ISTGNN_PeMS04_flow,74,0.1404,0.1162;0.1316,0.1294,0.1285,5
ISTGNN_PeMS04_flow,75,0.1390,0.1150;0.1314,0.1285,0.1285,6
ISTGNN_PeMS04_flow,76,0.1386,0.1158;0.1323,0.1289,0.1285,7
ISTGNN_PeMS04_flow,77,0.1395,0.1152;0.1313,0.1287,0.1285,8
ISTGNN_PeMS04_flow,78,0.1384,0.1152;0.1317,0.1284,0.1285,9
ISTGNN_PeMS04_flow,79,0.1394,0.1150;0.1328,0.1291,0.1285,10
ISTGNN_PeMS04_flow,80,0.1411,0.1151;0.1322,0.1295,0.1285,11
ISTGNN_PeMS04_flow,81,0.1382,0.1149;0.1343,0.1291,0.1285,12
ISTGNN_PeMS04_flow,82,0.1380,0.1155;0.1322,0.1286,0.1285,13
ISTGNN_PeMS04_flow,83,0.1390,0.1164;0.1314,0.1289,0.1285,14
ISTGNN_PeMS04_flow,84,0.1393,0.1148;0.1314,0.1285,0.1285,15
ISTGNN_PeMS04_flow,85,0.1384,0.1175;0.1314,0.1291,0.1285,16
ISTGNN_PeMS04_flow,86,0.1386,0.1182;0.1313,0.1294,0.1285,17
ISTGNN_PeMS04_flow,87,0.1383,0.1150;0.1321,0.1285,0.1285,18
ISTGNN_PeMS04_flow,88,0.1400,0.1160;0.1315,0.1292,0.1285,19
ISTGNN_PeMS04_flow,89,0.1392,0.1162;0.1322,0.1292,0.1285,20
ISTGNN_PeMS04_flow,90,0.1391,0.1159;0.1313,0.1287,0.1285,21
ISTGNN_PeMS04_flow,91,0.1381,0.1155;0.1315,0.1284,0.1285,22
ISTGNN_PeMS04_flow,92,0.1430,0.1148;0.1312,0.1297,0.1285,23
ISTGNN_PeMS04_flow,93,0.1396,0.1160;0.1314,0.1290,0.1285,24
ISTGNN_PeMS04_flow,94,0.1379,0.1173;0.1315,0.1289,0.1285,25
ISTGNN_PeMS04_flow,95,0.1382,0.1172;0.1315,0.1289,0.1285,26
ISTGNN_PeMS04_flow,96,0.1380,0.1151;0.1326,0.1286,0.1285,27
ISTGNN_PeMS04_flow,97,0.1394,0.1171;0.1318,0.1294,0.1285,28
ISTGNN_PeMS04_flow,98,0.1381,0.1158;0.1313,0.1284,0.1285,29
ISTGNN_PeMS04_flow,99,0.1380,0.1153;0.1311,0.1281,0.1281,0
ISTGNN_PeMS04_flow,100,0.1405,0.1158;0.1315,0.1292,0.1281,1
ISTGNN_PeMS04_flow,101,0.1389,0.1151;0.1398,0.1313,0.1281,2
ISTGNN_PeMS04_flow,102,0.1382,0.1161;0.1315,0.1286,0.1281,3
ISTGNN_PeMS04_flow,103,0.1377,0.1162;0.1319,0.1286,0.1281,4
ISTGNN_PeMS04_flow,104,0.1380,0.1149;0.1323,0.1284,0.1281,5
ISTGNN_PeMS04_flow,105,0.1380,0.1156;0.1313,0.1283,0.1281,6
ISTGNN_PeMS04_flow,106,0.1384,0.1146;0.1351,0.1294,0.1281,7
ISTGNN_PeMS04_flow,107,0.1385,0.1152;0.1317,0.1285,0.1281,8
ISTGNN_PeMS04_flow,108,0.1394,0.1155;0.1319,0.1290,0.1281,9
ISTGNN_PeMS04_flow,109,0.1383,0.1144;0.1314,0.1280,0.1280,0
ISTGNN_PeMS04_flow,110,0.1381,0.1145;0.1327,0.1284,0.1280,1
ISTGNN_PeMS04_flow,111,0.1380,0.1146;0.1318,0.1281,0.1280,2
ISTGNN_PeMS04_flow,112,0.1382,0.1166;0.1314,0.1287,0.1280,3
ISTGNN_PeMS04_flow,113,0.1379,0.1145;0.1324,0.1283,0.1280,4
ISTGNN_PeMS04_flow,114,0.1399,0.1150;0.1318,0.1289,0.1280,5
ISTGNN_PeMS04_flow,115,0.1378,0.1144;0.1313,0.1278,0.1278,0
ISTGNN_PeMS04_flow,116,0.1377,0.1154;0.1312,0.1281,0.1278,1
ISTGNN_PeMS04_flow,117,0.1387,0.1144;0.1319,0.1283,0.1278,2
ISTGNN_PeMS04_flow,118,0.1383,0.1146;0.1308,0.1279,0.1278,3
ISTGNN_PeMS04_flow,119,0.1380,0.1144;0.1310,0.1278,0.1278,4
ISTGNN_PeMS04_flow,120,0.1381,0.1151;0.1308,0.1280,0.1278,5
ISTGNN_PeMS04_flow,1,0.1454,0.1220;0.1396,0.1356,0.1356,0
ISTGNN_PeMS04_flow,2,0.1433,0.1207;0.1378,0.1339,0.1339,0
ISTGNN_PeMS04_flow,3,0.1430,0.1201;0.1363,0.1331,0.1331,0
ISTGNN_PeMS04_flow,4,0.1422,0.1207;0.1363,0.1330,0.1331,1
ISTGNN_PeMS04_flow,5,0.1419,0.1211;0.1359,0.1330,0.1330,0
ISTGNN_PeMS04_flow,6,0.1427,0.1195;0.1350,0.1324,0.1324,0
ISTGNN_PeMS04_flow,7,0.1470,0.1197;0.1351,0.1339,0.1324,1
ISTGNN_PeMS04_flow,8,0.1419,0.1218;0.1345,0.1327,0.1324,2
ISTGNN_PeMS04_flow,9,0.1436,0.1187;0.1353,0.1325,0.1324,3
ISTGNN_PeMS04_flow,10,0.1411,0.1199;0.1343,0.1317,0.1317,0
ISTGNN_PeMS04_flow,11,0.1418,0.1195;0.1339,0.1317,0.1317,1
ISTGNN_PeMS04_flow,12,0.1433,0.1217;0.1338,0.1329,0.1317,2
ISTGNN_PeMS04_flow,13,0.1417,0.1204;0.1341,0.1321,0.1317,3
ISTGNN_PeMS04_flow,14,0.1415,0.1186;0.1340,0.1313,0.1313,0
ISTGNN_PeMS04_flow,15,0.1409,0.1180;0.1342,0.1310,0.1310,0
ISTGNN_PeMS04_flow,16,0.1420,0.1255;0.1365,0.1347,0.1310,1
ISTGNN_PeMS04_flow,17,0.1413,0.1220;0.1340,0.1324,0.1310,2
ISTGNN_PeMS04_flow,18,0.1406,0.1179;0.1343,0.1309,0.1309,0
ISTGNN_PeMS04_flow,19,0.1406,0.1213;0.1359,0.1326,0.1309,1
ISTGNN_PeMS04_flow,20,0.1414,0.1226;0.1346,0.1329,0.1309,2
ISTGNN_PeMS04_flow,21,0.1411,0.1175;0.1350,0.1312,0.1309,3
ISTGNN_PeMS04_flow,22,0.1406,0.1176;0.1355,0.1312,0.1309,4
ISTGNN_PeMS04_flow,23,0.1408,0.1175;0.1339,0.1307,0.1307,0
ISTGNN_PeMS04_flow,24,0.1405,0.1179;0.1333,0.1306,0.1306,0
ISTGNN_PeMS04_flow,25,0.1417,0.1171;0.1340,0.1310,0.1306,1
ISTGNN_PeMS04_flow,26,0.1405,0.1186;0.1331,0.1307,0.1306,2
ISTGNN_PeMS04_flow,27,0.1416,0.1211;0.1336,0.1321,0.1306,3
ISTGNN_PeMS04_flow,28,0.1402,0.1182;0.1349,0.1311,0.1306,4
ISTGNN_PeMS04_flow,29,0.1404,0.1170;0.1352,0.1309,0.1306,5
ISTGNN_PeMS04_flow,30,0.1428,0.1177;0.1330,0.1311,0.1306,6
ISTGNN_PeMS04_flow,31,0.1402,0.1174;0.1342,0.1306,0.1306,7
ISTGNN_PeMS04_flow,32,0.1408,0.1170;0.1337,0.1305,0.1306,8
ISTGNN_PeMS04_flow,33,0.1404,0.1177;0.1333,0.1305,0.1306,9
ISTGNN_PeMS04_flow,34,0.1410,0.1172;0.1339,0.1307,0.1306,10
ISTGNN_PeMS04_flow,35,0.1403,0.1170;0.1328,0.1301,0.1301,0
ISTGNN_PeMS04_flow,36,0.1399,0.1166;0.1371,0.1312,0.1301,1
ISTGNN_PeMS04_flow,37,0.1399,0.1213;0.1330,0.1314,0.1301,2
ISTGNN_PeMS04_flow,38,0.1403,0.1174;0.1340,0.1305,0.1301,3
ISTGNN_PeMS04_flow,39,0.1451,0.1169;0.1350,0.1323,0.1301,4
ISTGNN_PeMS04_flow,40,0.1405,0.1177;0.1349,0.1310,0.1301,5
ISTGNN_PeMS04_flow,41,0.1398,0.1176;0.1360,0.1312,0.1301,6
ISTGNN_PeMS04_flow,42,0.1405,0.1166;0.1346,0.1306,0.1301,7
ISTGNN_PeMS04_flow,43,0.1418,0.1173;0.1339,0.1310,0.1301,8
ISTGNN_PeMS04_flow,44,0.1403,0.1172;0.1327,0.1301,0.1301,9
ISTGNN_PeMS04_flow,45,0.1411,0.1175;0.1328,0.1305,0.1301,10
ISTGNN_PeMS04_flow,46,0.1401,0.1170;0.1348,0.1306,0.1301,11
ISTGNN_PeMS04_flow,47,0.1396,0.1167;0.1326,0.1296,0.1296,0
ISTGNN_PeMS04_flow,48,0.1398,0.1165;0.1333,0.1299,0.1296,1
ISTGNN_PeMS04_flow,49,0.1407,0.1183;0.1340,0.1310,0.1296,2
ISTGNN_PeMS04_flow,50,0.1416,0.1185;0.1332,0.1311,0.1296,3
ISTGNN_PeMS04_flow,51,0.1396,0.1162;0.1329,0.1296,0.1296,4
ISTGNN_PeMS04_flow,52,0.1393,0.1182;0.1325,0.1300,0.1296,5
ISTGNN_PeMS04_flow,53,0.1396,0.1177;0.1332,0.1302,0.1296,6
ISTGNN_PeMS04_flow,54,0.1420,0.1163;0.1345,0.1309,0.1296,7
ISTGNN_PeMS04_flow,55,0.1406,0.1173;0.1323,0.1301,0.1296,8
ISTGNN_PeMS04_flow,56,0.1407,0.1168;0.1323,0.1300,0.1296,9
ISTGNN_PeMS04_flow,57,0.1389,0.1179;0.1327,0.1298,0.1296,10
ISTGNN_PeMS04_flow,58,0.1392,0.1172;0.1329,0.1298,0.1296,11
ISTGNN_PeMS04_flow,59,0.1396,0.1193;0.1327,0.1305,0.1296,12
ISTGNN_PeMS04_flow,60,0.1389,0.1173;0.1336,0.1299,0.1296,13
ISTGNN_PeMS04_flow,61,0.1393,0.1179;0.1329,0.1300,0.1296,14
ISTGNN_PeMS04_flow,62,0.1414,0.1167;0.1336,0.1306,0.1296,15
ISTGNN_PeMS04_flow,63,0.1401,0.1170;0.1321,0.1297,0.1296,16
ISTGNN_PeMS04_flow,64,0.1392,0.1159;0.1320,0.1291,0.1291,0
ISTGNN_PeMS04_flow,65,0.1403,0.1176;0.1330,0.1303,0.1291,1
ISTGNN_PeMS04_flow,66,0.1392,0.1173;0.1322,0.1296,0.1291,2
ISTGNN_PeMS04_flow,67,0.1405,0.1182;0.1322,0.1303,0.1291,3
ISTGNN_PeMS04_flow,68,0.1393,0.1170;0.1322,0.1295,0.1291,4
ISTGNN_PeMS04_flow,69,0.1397,0.1163;0.1325,0.1295,0.1291,5
ISTGNN_PeMS04_flow,70,0.1393,0.1161;0.1339,0.1298,0.1291,6
ISTGNN_PeMS04_flow,71,0.1392,0.1161;0.1344,0.1299,0.1291,7
ISTGNN_PeMS04_flow,72,0.1388,0.1180;0.1322,0.1297,0.1291,8
ISTGNN_PeMS04_flow,73,0.1388,0.1170;0.1322,0.1293,0.1291,9
ISTGNN_PeMS04_flow,74,0.1401,0.1157;0.1318,0.1292,0.1291,10
ISTGNN_PeMS04_flow,75,0.1390,0.1184;0.1331,0.1301,0.1291,11
ISTGNN_PeMS04_flow,76,0.1391,0.1159;0.1326,0.1292,0.1291,12
ISTGNN_PeMS04_flow,77,0.1386,0.1164;0.1321,0.1291,0.1291,13
ISTGNN_PeMS04_flow,78,0.1402,0.1156;0.1318,0.1292,0.1291,14
ISTGNN_PeMS04_flow,79,0.1385,0.1161;0.1319,0.1288,0.1288,0
ISTGNN_PeMS04_flow,80,0.1386,0.1167;0.1315,0.1290,0.1288,1
ISTGNN_PeMS04_flow,81,0.1397,0.1171;0.1317,0.1295,0.1288,2
ISTGNN_PeMS04_flow,82,0.1419,0.1172;0.1327,0.1306,0.1288,3
ISTGNN_PeMS04_flow,83,0.1383,0.1155;0.1316,0.1285,0.1285,0
ISTGNN_PeMS04_flow,84,0.1391,0.1155;0.1317,0.1288,0.1285,1
ISTGNN_PeMS04_flow,85,0.1405,0.1182;0.1325,0.1304,0.1285,2
ISTGNN_PeMS04_flow,86,0.1386,0.1179;0.1319,0.1295,0.1285,3
ISTGNN_PeMS04_flow,87,0.1394,0.1153;0.1319,0.1289,0.1285,4
ISTGNN_PeMS04_flow,88,0.1387,0.1160;0.1314,0.1287,0.1285,5
ISTGNN_PeMS04_flow,89,0.1399,0.1180;0.1319,0.1299,0.1285,6
ISTGNN_PeMS04_flow,90,0.1385,0.1160;0.1316,0.1287,0.1285,7
ISTGNN_PeMS04_flow,91,0.1385,0.1153;0.1319,0.1286,0.1285,8
ISTGNN_PeMS04_flow,92,0.1387,0.1155;0.1323,0.1288,0.1285,9
ISTGNN_PeMS04_flow,93,0.1381,0.1154;0.1318,0.1284,0.1285,10
ISTGNN_PeMS04_flow,94,0.1387,0.1157;0.1317,0.1287,0.1285,11
ISTGNN_PeMS04_flow,95,0.1382,0.1160;0.1316,0.1286,0.1285,12
ISTGNN_PeMS04_flow,96,0.1424,0.1156;0.1323,0.1301,0.1285,13
ISTGNN_PeMS04_flow,97,0.1386,0.1183;0.1315,0.1294,0.1285,14
ISTGNN_PeMS04_flow,98,0.1390,0.1167;0.1319,0.1292,0.1285,15
ISTGNN_PeMS04_flow,99,0.1388,0.1156;0.1319,0.1287,0.1285,16
ISTGNN_PeMS04_flow,100,0.1394,0.1158;0.1315,0.1289,0.1285,17
ISTGNN_PeMS04_flow,101,0.1388,0.1163;0.1324,0.1292,0.1285,18
ISTGNN_PeMS04_flow,102,0.1379,0.1152;0.1320,0.1284,0.1284,0
ISTGNN_PeMS04_flow,103,0.1384,0.1156;0.1314,0.1285,0.1284,1
ISTGNN_PeMS04_flow,104,0.1390,0.1152;0.1316,0.1286,0.1284,2
ISTGNN_PeMS04_flow,105,0.1378,0.1156;0.1314,0.1283,0.1284,3
ISTGNN_PeMS04_flow,106,0.1380,0.1151;0.1318,0.1283,0.1284,4
ISTGNN_PeMS04_flow,107,0.1382,0.1161;0.1334,0.1292,0.1284,5
ISTGNN_PeMS04_flow,108,0.1385,0.1153;0.1353,0.1297,0.1284,6
ISTGNN_PeMS04_flow,109,0.1380,0.1150;0.1315,0.1282,0.1282,0
ISTGNN_PeMS04_flow,110,0.1393,0.1156;0.1333,0.1294,0.1282,1
ISTGNN_PeMS04_flow,111,0.1381,0.1154;0.1322,0.1286,0.1282,2
ISTGNN_PeMS04_flow,112,0.1380,0.1149;0.1312,0.1280,0.1280,0
ISTGNN_PeMS04_flow,113,0.1381,0.1149;0.1322,0.1284,0.1280,1
ISTGNN_PeMS04_flow,114,0.1378,0.1152;0.1342,0.1291,0.1280,2
ISTGNN_PeMS04_flow,115,0.1385,0.1150;0.1312,0.1282,0.1280,3
ISTGNN_PeMS04_flow,116,0.1381,0.1154;0.1320,0.1285,0.1280,4
ISTGNN_PeMS04_flow,117,0.1378,0.1149;0.1315,0.1280,0.1280,5
ISTGNN_PeMS04_flow,118,0.1378,0.1150;0.1315,0.1281,0.1280,6
ISTGNN_PeMS04_flow,119,0.1395,0.1167;0.1310,0.1291,0.1280,7
ISTGNN_PeMS04_flow,120,0.1387,0.1153;0.1316,0.1285,0.1280,8
ISTGNN_PeMS04_flow,121,0.1379,0.1164;0.1324,0.1289,0.1280,9
ISTGNN_PeMS04_flow,122,0.1382,0.1152;0.1311,0.1281,0.1280,10
ISTGNN_PeMS04_flow,123,0.1387,0.1151;0.1321,0.1286,0.1280,11
ISTGNN_PeMS04_flow,124,0.1379,0.1186;0.1313,0.1293,0.1280,12
ISTGNN_PeMS04_flow,125,0.1381,0.1149;0.1316,0.1282,0.1280,13
ISTGNN_PeMS04_flow,126,0.1397,0.1147;0.1312,0.1285,0.1280,14
ISTGNN_PeMS04_flow,127,0.1382,0.1152;0.1315,0.1283,0.1280,15
ISTGNN_PeMS04_flow,128,0.1384,0.1157;0.1313,0.1285,0.1280,16
ISTGNN_PeMS04_flow,129,0.1380,0.1177;0.1311,0.1289,0.1280,17
ISTGNN_PeMS04_flow,130,0.1380,0.1149;0.1334,0.1288,0.1280,18
ISTGNN_PeMS04_flow,131,0.1376,0.1154;0.1315,0.1281,0.1280,19
ISTGNN_PeMS04_flow,132,0.1379,0.1146;0.1314,0.1280,0.1280,20
ISTGNN_PeMS04_flow,133,0.1380,0.1152;0.1307,0.1280,0.1280,21
ISTGNN_PeMS04_flow,134,0.1374,0.1151;0.1313,0.1279,0.1279,0
ISTGNN_PeMS04_flow,135,0.1378,0.1149;0.1315,0.1281,0.1279,1
ISTGNN_PeMS04_flow,136,0.1375,0.1158;0.1316,0.1283,0.1279,2
ISTGNN_PeMS04_flow,137,0.1385,0.1162;0.1320,0.1289,0.1279,3
ISTGNN_PeMS04_flow,138,0.1389,0.1148;0.1309,0.1282,0.1279,4
ISTGNN_PeMS04_flow,139,0.1386,0.1154;0.1312,0.1284,0.1279,5
ISTGNN_PeMS04_flow,140,0.1375,0.1160;0.1327,0.1287,0.1279,6
ISTGNN_PeMS04_flow,141,0.1380,0.1145;0.1308,0.1277,0.1277,0
ISTGNN_PeMS04_flow,142,0.1381,0.1146;0.1343,0.1290,0.1277,1
ISTGNN_PeMS04_flow,143,0.1376,0.1149;0.1312,0.1279,0.1277,2
ISTGNN_PeMS04_flow,144,0.1382,0.1145;0.1310,0.1279,0.1277,3
ISTGNN_PeMS04_flow,145,0.1384,0.1164;0.1316,0.1288,0.1277,4
ISTGNN_PeMS04_flow,146,0.1379,0.1153;0.1308,0.1280,0.1277,5
ISTGNN_PeMS04_flow,147,0.1388,0.1153;0.1310,0.1284,0.1277,6
ISTGNN_PeMS04_flow,148,0.1375,0.1150;0.1313,0.1279,0.1277,7
ISTGNN_PeMS04_flow,149,0.1375,0.1148;0.1316,0.1280,0.1277,8
ISTGNN_PeMS04_flow,150,0.1376,0.1150;0.1308,0.1278,0.1277,9
ISTGNN_PeMS04_flow,151,0.1377,0.1161;0.1309,0.1282,0.1277,10
ISTGNN_PeMS04_flow,152,0.1379,0.1159;0.1307,0.1281,0.1277,11
ISTGNN_PeMS04_flow,153,0.1382,0.1161;0.1305,0.1283,0.1277,12
ISTGNN_PeMS04_flow,154,0.1372,0.1143;0.1305,0.1273,0.1273,0
ISTGNN_PeMS04_flow,155,0.1375,0.1145;0.1316,0.1278,0.1273,1
ISTGNN_PeMS04_flow,156,0.1378,0.1146;0.1331,0.1285,0.1273,2
ISTGNN_PeMS04_flow,157,0.1376,0.1153;0.1315,0.1282,0.1273,3
ISTGNN_PeMS04_flow,158,0.1377,0.1146;0.1314,0.1279,0.1273,4
ISTGNN_PeMS04_flow,159,0.1392,0.1164;0.1316,0.1291,0.1273,5
ISTGNN_PeMS04_flow,160,0.1372,0.1146;0.1307,0.1275,0.1273,6
ISTGNN_PeMS04_flow,161,0.1380,0.1143;0.1311,0.1278,0.1273,7
ISTGNN_PeMS04_flow,162,0.1372,0.1142;0.1304,0.1273,0.1273,8
ISTGNN_PeMS04_flow,163,0.1376,0.1146;0.1308,0.1277,0.1273,9
ISTGNN_PeMS04_flow,164,0.1374,0.1141;0.1303,0.1273,0.1273,10
ISTGNN_PeMS04_flow,165,0.1388,0.1144;0.1310,0.1280,0.1273,11
ISTGNN_PeMS04_flow,166,0.1384,0.1144;0.1303,0.1277,0.1273,12
ISTGNN_PeMS04_flow,167,0.1372,0.1142;0.1302,0.1272,0.1272,0
ISTGNN_PeMS04_flow,168,0.1385,0.1145;0.1311,0.1280,0.1272,1
ISTGNN_PeMS04_flow,169,0.1373,0.1140;0.1308,0.1274,0.1272,2
ISTGNN_PeMS04_flow,170,0.1383,0.1144;0.1318,0.1282,0.1272,3
ISTGNN_PeMS04_flow,171,0.1377,0.1146;0.1320,0.1281,0.1272,4
ISTGNN_PeMS04_flow,172,0.1376,0.1143;0.1303,0.1274,0.1272,5
ISTGNN_PeMS04_flow,173,0.1391,0.1150;0.1303,0.1281,0.1272,6
ISTGNN_PeMS04_flow,174,0.1372,0.1144;0.1304,0.1273,0.1272,7
ISTGNN_PeMS04_flow,175,0.1394,0.1149;0.1301,0.1281,0.1272,8
ISTGNN_PeMS04_flow,176,0.1374,0.1149;0.1302,0.1275,0.1272,9
ISTGNN_PeMS04_flow,177,0.1373,0.1141;0.1304,0.1273,0.1272,10
ISTGNN_PeMS04_flow,178,0.1370,0.1145;0.1309,0.1275,0.1272,11
ISTGNN_PeMS04_flow,179,0.1395,0.1154;0.1309,0.1286,0.1272,12
ISTGNN_PeMS04_flow,180,0.1383,0.1143;0.1301,0.1276,0.1272,13
ISTGNN_PeMS04_flow,181,0.1391,0.1146;0.1301,0.1279,0.1272,14
ISTGNN_PeMS04_flow,182,0.1382,0.1145;0.1308,0.1278,0.1272,15
ISTGNN_PeMS04_flow,183,0.1373,0.1158;0.1304,0.1278,0.1272,16
ISTGNN_PeMS04_flow,184,0.1370,0.1143;0.1307,0.1273,0.1272,17
ISTGNN_PeMS04_flow,185,0.1388,0.1153;0.1320,0.1287,0.1272,18
ISTGNN_PeMS04_flow,186,0.1374,0.1156;0.1313,0.1281,0.1272,19
ISTGNN_PeMS04_flow,187,0.1372,0.1154;0.1342,0.1289,0.1272,20
ISTGNN_PeMS04_flow,188,0.1374,0.1142;0.1315,0.1277,0.1272,21
ISTGNN_PeMS04_flow,189,0.1371,0.1138;0.1313,0.1274,0.1272,22
ISTGNN_PeMS04_flow,190,0.1386,0.1141;0.1304,0.1277,0.1272,23
ISTGNN_PeMS04_flow,191,0.1382,0.1142;0.1303,0.1275,0.1272,24
ISTGNN_PeMS04_flow,192,0.1369,0.1140;0.1339,0.1283,0.1272,25
ISTGNN_PeMS04_flow,193,0.1374,0.1145;0.1305,0.1274,0.1272,26
ISTGNN_PeMS04_flow,194,0.1383,0.1143;0.1302,0.1276,0.1272,27
ISTGNN_PeMS04_flow,195,0.1369,0.1137;0.1310,0.1272,0.1272,28
ISTGNN_PeMS04_flow,196,0.1370,0.1142;0.1299,0.1270,0.1270,0
ISTGNN_PeMS04_flow,197,0.1374,0.1139;0.1301,0.1271,0.1270,1
ISTGNN_PeMS04_flow,198,0.1373,0.1139;0.1309,0.1274,0.1270,2
ISTGNN_PeMS04_flow,199,0.1389,0.1151;0.1303,0.1281,0.1270,3
ISTGNN_PeMS04_flow,200,0.1371,0.1143;0.1301,0.1272,0.1270,4
ISTGNN_PeMS04_flow,201,0.1371,0.1140;0.1307,0.1273,0.1270,5
ISTGNN_PeMS04_flow,202,0.1370,0.1138;0.1307,0.1272,0.1270,6
ISTGNN_PeMS04_flow,203,0.1370,0.1155;0.1303,0.1276,0.1270,7
ISTGNN_PeMS04_flow,204,0.1386,0.1147;0.1305,0.1279,0.1270,8
ISTGNN_PeMS04_flow,205,0.1373,0.1138;0.1303,0.1271,0.1270,9
ISTGNN_PeMS04_flow,206,0.1369,0.1156;0.1302,0.1276,0.1270,10
ISTGNN_PeMS04_flow,207,0.1377,0.1150;0.1301,0.1276,0.1270,11
ISTGNN_PeMS04_flow,208,0.1386,0.1140;0.1300,0.1276,0.1270,12
ISTGNN_PeMS04_flow,209,0.1375,0.1137;0.1301,0.1271,0.1270,13
ISTGNN_PeMS04_flow,210,0.1368,0.1139;0.1302,0.1269,0.1270,14
ISTGNN_PeMS04_flow,211,0.1370,0.1135;0.1308,0.1271,0.1270,15
ISTGNN_PeMS04_flow,212,0.1372,0.1144;0.1307,0.1275,0.1270,16
ISTGNN_PeMS04_flow,213,0.1375,0.1145;0.1303,0.1274,0.1270,17
ISTGNN_PeMS04_flow,214,0.1374,0.1137;0.1301,0.1270,0.1270,18
ISTGNN_PeMS04_flow,215,0.1370,0.1142;0.1324,0.1279,0.1270,19
ISTGNN_PeMS04_flow,216,0.1374,0.1141;0.1311,0.1275,0.1270,20
ISTGNN_PeMS04_flow,217,0.1366,0.1137;0.1322,0.1275,0.1270,21
ISTGNN_PeMS04_flow,218,0.1373,0.1140;0.1313,0.1275,0.1270,22
ISTGNN_PeMS04_flow,219,0.1374,0.1140;0.1316,0.1276,0.1270,23
ISTGNN_PeMS04_flow,220,0.1366,0.1142;0.1310,0.1273,0.1270,24
ISTGNN_PeMS04_flow,221,0.1370,0.1155;0.1308,0.1277,0.1270,25
ISTGNN_PeMS04_flow,222,0.1377,0.1143;0.1298,0.1273,0.1270,26
ISTGNN_PeMS04_flow,223,0.1388,0.1137;0.1302,0.1276,0.1270,27
ISTGNN_PeMS04_flow,224,0.1376,0.1141;0.1301,0.1273,0.1270,28
ISTGNN_PeMS04_flow,225,0.1373,0.1171;0.1299,0.1281,0.1270,29
ISTGNN_PeMS04_flow,226,0.1373,0.1140;0.1301,0.1271,0.1270,30
ISTGNN_PeMS04_flow,227,0.1372,0.1138;0.1302,0.1271,0.1270,31
ISTGNN_PeMS04_flow,228,0.1376,0.1134;0.1316,0.1275,0.1270,32
ISTGNN_PeMS04_flow,229,0.1374,0.1136;0.1303,0.1271,0.1270,33
ISTGNN_PeMS04_flow,230,0.1367,0.1135;0.1302,0.1268,0.1268,0
ISTGNN_PeMS04_flow,231,0.1370,0.1147;0.1304,0.1274,0.1268,1
ISTGNN_PeMS04_flow,232,0.1377,0.1137;0.1299,0.1271,0.1268,2
ISTGNN_PeMS04_flow,233,0.1375,0.1143;0.1304,0.1274,0.1268,3
ISTGNN_PeMS04_flow,234,0.1365,0.1134;0.1331,0.1276,0.1268,4
ISTGNN_PeMS04_flow,235,0.1374,0.1136;0.1301,0.1270,0.1268,5
ISTGNN_PeMS04_flow,236,0.1368,0.1146;0.1302,0.1272,0.1268,6
ISTGNN_PeMS04_flow,237,0.1372,0.1138;0.1299,0.1269,0.1268,7
ISTGNN_PeMS04_flow,238,0.1368,0.1138;0.1298,0.1268,0.1268,8
ISTGNN_PeMS04_flow,239,0.1370,0.1145;0.1307,0.1274,0.1268,9
ISTGNN_PeMS04_flow,240,0.1370,0.1163;0.1298,0.1277,0.1268,10
ISTGNN_PeMS04_flow,241,0.1371,0.1136;0.1302,0.1270,0.1268,11
ISTGNN_PeMS04_flow,242,0.1392,0.1131;0.1319,0.1281,0.1268,12
ISTGNN_PeMS04_flow,243,0.1364,0.1139;0.1299,0.1267,0.1268,13
ISTGNN_PeMS04_flow,244,0.1368,0.1133;0.1301,0.1267,0.1268,14
ISTGNN_PeMS04_flow,245,0.1367,0.1140;0.1302,0.1270,0.1268,15
ISTGNN_PeMS04_flow,246,0.1379,0.1141;0.1300,0.1273,0.1268,16
ISTGNN_PeMS04_flow,247,0.1366,0.1143;0.1303,0.1271,0.1268,17
ISTGNN_PeMS04_flow,248,0.1371,0.1142;0.1296,0.1269,0.1268,18
ISTGNN_PeMS04_flow,249,0.1380,0.1146;0.1319,0.1282,0.1268,19
ISTGNN_PeMS04_flow,250,0.1379,0.1142;0.1307,0.1276,0.1268,20
ISTGNN_PeMS04_flow,251,0.1382,0.1135;0.1307,0.1275,0.1268,21
ISTGNN_PeMS04_flow,252,0.1370,0.1143;0.1297,0.1270,0.1268,22
ISTGNN_PeMS04_flow,253,0.1370,0.1146;0.1295,0.1270,0.1268,23
ISTGNN_PeMS04_flow,254,0.1362,0.1132;0.1306,0.1267,0.1267,0
ISTGNN_PeMS04_flow,255,0.1371,0.1138;0.1297,0.1269,0.1267,1
ISTGNN_PeMS04_flow,256,0.1363,0.1135;0.1305,0.1268,0.1267,2
ISTGNN_PeMS04_flow,257,0.1366,0.1135;0.1307,0.1269,0.1267,3
ISTGNN_PeMS04_flow,258,0.1367,0.1143;0.1297,0.1269,0.1267,4
ISTGNN_PeMS04_flow,259,0.1363,0.1138;0.1301,0.1267,0.1267,5
ISTGNN_PeMS04_flow,260,0.1370,0.1134;0.1300,0.1268,0.1267,6
ISTGNN_PeMS04_flow,261,0.1365,0.1135;0.1315,0.1272,0.1267,7
ISTGNN_PeMS04_flow,262,0.1371,0.1131;0.1299,0.1267,0.1267,8
ISTGNN_PeMS04_flow,263,0.1369,0.1143;0.1303,0.1272,0.1267,9
ISTGNN_PeMS04_flow,264,0.1366,0.1141;0.1307,0.1271,0.1267,10
ISTGNN_PeMS04_flow,265,0.1367,0.1134;0.1301,0.1268,0.1267,11
ISTGNN_PeMS04_flow,266,0.1368,0.1137;0.1309,0.1271,0.1267,12
ISTGNN_PeMS04_flow,267,0.1376,0.1145;0.1303,0.1275,0.1267,13
ISTGNN_PeMS04_flow,268,0.1375,0.1135;0.1300,0.1270,0.1267,14
ISTGNN_PeMS04_flow,269,0.1367,0.1155;0.1301,0.1274,0.1267,15
ISTGNN_PeMS04_flow,270,0.1369,0.1135;0.1303,0.1269,0.1267,16
ISTGNN_PeMS04_flow,271,0.1368,0.1137;0.1295,0.1267,0.1267,17
ISTGNN_PeMS04_flow,272,0.1372,0.1140;0.1296,0.1269,0.1267,18
ISTGNN_PeMS04_flow,273,0.1371,0.1135;0.1295,0.1267,0.1267,19
ISTGNN_PeMS04_flow,274,0.1374,0.1151;0.1306,0.1277,0.1267,20
ISTGNN_PeMS04_flow,275,0.1368,0.1132;0.1298,0.1266,0.1267,21
ISTGNN_PeMS04_flow,276,0.1363,0.1130;0.1299,0.1264,0.1264,0
ISTGNN_PeMS04_flow,277,0.1364,0.1135;0.1296,0.1265,0.1264,1
ISTGNN_PeMS04_flow,278,0.1363,0.1140;0.1305,0.1269,0.1264,2
ISTGNN_PeMS04_flow,279,0.1371,0.1140;0.1302,0.1271,0.1264,3
ISTGNN_PeMS04_flow,280,0.1363,0.1133;0.1303,0.1266,0.1264,4
ISTGNN_PeMS04_flow,281,0.1367,0.1133;0.1299,0.1266,0.1264,5
ISTGNN_PeMS04_flow,282,0.1372,0.1140;0.1297,0.1270,0.1264,6
ISTGNN_PeMS04_flow,283,0.1379,0.1132;0.1309,0.1273,0.1264,7
ISTGNN_PeMS04_flow,284,0.1371,0.1135;0.1295,0.1267,0.1264,8
ISTGNN_PeMS04_flow,285,0.1373,0.1135;0.1300,0.1270,0.1264,9
ISTGNN_PeMS04_flow,286,0.1369,0.1138;0.1303,0.1270,0.1264,10
ISTGNN_PeMS04_flow,287,0.1367,0.1132;0.1316,0.1272,0.1264,11
ISTGNN_PeMS04_flow,288,0.1371,0.1131;0.1296,0.1266,0.1264,12
ISTGNN_PeMS04_flow,289,0.1365,0.1136;0.1302,0.1268,0.1264,13
ISTGNN_PeMS04_flow,290,0.1374,0.1133;0.1299,0.1269,0.1264,14
ISTGNN_PeMS04_flow,291,0.1365,0.1138;0.1304,0.1269,0.1264,15
ISTGNN_PeMS04_flow,292,0.1367,0.1132;0.1300,0.1266,0.1264,16
ISTGNN_PeMS04_flow,293,0.1380,0.1136;0.1294,0.1270,0.1264,17
ISTGNN_PeMS04_flow,294,0.1379,0.1141;0.1296,0.1272,0.1264,18
ISTGNN_PeMS04_flow,295,0.1372,0.1137;0.1296,0.1268,0.1264,19
ISTGNN_PeMS04_flow,296,0.1366,0.1143;0.1300,0.1270,0.1264,20
ISTGNN_PeMS04_flow,297,0.1365,0.1140;0.1308,0.1271,0.1264,21
ISTGNN_PeMS04_flow,298,0.1373,0.1131;0.1295,0.1266,0.1264,22
ISTGNN_PeMS04_flow,299,0.1366,0.1141;0.1296,0.1268,0.1264,23
ISTGNN_PeMS04_flow,300,0.1368,0.1136;0.1297,0.1267,0.1264,24
ISTGNN_PeMS04_flow,301,0.1368,0.1130;0.1298,0.1265,0.1264,25
ISTGNN_PeMS04_flow,302,0.1369,0.1132;0.1296,0.1266,0.1264,26
ISTGNN_PeMS04_flow,303,0.1364,0.1140;0.1295,0.1266,0.1264,27
ISTGNN_PeMS04_flow,304,0.1363,0.1138;0.1295,0.1265,0.1264,28
ISTGNN_PeMS04_flow,305,0.1371,0.1132;0.1292,0.1265,0.1264,29
ISTGNN_PeMS04_flow,306,0.1367,0.1136;0.1296,0.1266,0.1264,30
ISTGNN_PeMS04_flow,307,0.1367,0.1138;0.1294,0.1266,0.1264,31
ISTGNN_PeMS04_flow,308,0.1362,0.1136;0.1298,0.1265,0.1264,32
ISTGNN_PeMS04_flow,309,0.1372,0.1133;0.1296,0.1267,0.1264,33
ISTGNN_PeMS04_flow,310,0.1362,0.1130;0.1295,0.1262,0.1262,0
ISTGNN_PeMS04_flow,311,0.1374,0.1134;0.1299,0.1269,0.1262,1
ISTGNN_PeMS04_flow,312,0.1375,0.1137;0.1296,0.1269,0.1262,2
ISTGNN_PeMS04_flow,313,0.1369,0.1138;0.1294,0.1267,0.1262,3
ISTGNN_PeMS04_flow,314,0.1365,0.1148;0.1302,0.1272,0.1262,4
ISTGNN_PeMS04_flow,315,0.1364,0.1140;0.1300,0.1268,0.1262,5
ISTGNN_PeMS04_flow,316,0.1367,0.1135;0.1292,0.1265,0.1262,6
ISTGNN_PeMS04_flow,317,0.1383,0.1131;0.1303,0.1273,0.1262,7
ISTGNN_PeMS04_flow,318,0.1366,0.1130;0.1306,0.1267,0.1262,8
ISTGNN_PeMS04_flow,319,0.1367,0.1132;0.1295,0.1264,0.1262,9
ISTGNN_PeMS04_flow,320,0.1378,0.1131;0.1293,0.1267,0.1262,10
ISTGNN_PeMS04_flow,321,0.1363,0.1130;0.1291,0.1262,0.1262,11
ISTGNN_PeMS04_flow,322,0.1378,0.1137;0.1297,0.1271,0.1262,12
ISTGNN_PeMS04_flow,323,0.1369,0.1136;0.1305,0.1270,0.1262,13
ISTGNN_PeMS04_flow,324,0.1372,0.1132;0.1296,0.1266,0.1262,14
ISTGNN_PeMS04_flow,325,0.1363,0.1133;0.1309,0.1268,0.1262,15
ISTGNN_PeMS04_flow,326,0.1369,0.1136;0.1302,0.1269,0.1262,16
ISTGNN_PeMS04_flow,327,0.1364,0.1131;0.1292,0.1262,0.1262,17
ISTGNN_PeMS04_flow,328,0.1372,0.1131;0.1295,0.1266,0.1262,18
ISTGNN_PeMS04_flow,329,0.1378,0.1136;0.1295,0.1269,0.1262,19
ISTGNN_PeMS04_flow,330,0.1361,0.1130;0.1303,0.1265,0.1262,20
ISTGNN_PeMS04_flow,331,0.1362,0.1133;0.1294,0.1263,0.1262,21
ISTGNN_PeMS04_flow,332,0.1365,0.1134;0.1305,0.1268,0.1262,22
ISTGNN_PeMS04_flow,333,0.1368,0.1133;0.1301,0.1267,0.1262,23
ISTGNN_PeMS04_flow,334,0.1362,0.1150;0.1293,0.1268,0.1262,24
ISTGNN_PeMS04_flow,335,0.1367,0.1140;0.1294,0.1267,0.1262,25
ISTGNN_PeMS04_flow,336,0.1368,0.1132;0.1291,0.1263,0.1262,26
ISTGNN_PeMS04_flow,337,0.1365,0.1130;0.1295,0.1263,0.1262,27
ISTGNN_PeMS04_flow,338,0.1364,0.1130;0.1293,0.1262,0.1262,28
ISTGNN_PeMS04_flow,339,0.1364,0.1133;0.1292,0.1263,0.1262,29
ISTGNN_PeMS04_flow,340,0.1363,0.1129;0.1294,0.1262,0.1262,30
ISTGNN_PeMS04_flow,341,0.1378,0.1129;0.1293,0.1267,0.1262,31
ISTGNN_PeMS04_flow,342,0.1365,0.1133;0.1295,0.1264,0.1262,32
ISTGNN_PeMS04_flow,343,0.1379,0.1129;0.1298,0.1269,0.1262,33
ISTGNN_PeMS04_flow,344,0.1370,0.1131;0.1293,0.1265,0.1262,34
ISTGNN_PeMS04_flow,345,0.1368,0.1130;0.1292,0.1263,0.1262,35
ISTGNN_PeMS04_flow,346,0.1364,0.1138;0.1296,0.1266,0.1262,36
ISTGNN_PeMS04_flow,347,0.1366,0.1133;0.1296,0.1265,0.1262,37
ISTGNN_PeMS04_flow,348,0.1366,0.1128;0.1298,0.1264,0.1262,38
ISTGNN_PeMS04_flow,349,0.1363,0.1134;0.1301,0.1266,0.1262,39
ISTGNN_PeMS04_flow,350,0.1366,0.1135;0.1299,0.1267,0.1262,40
ISTGNN_PeMS04_flow,351,0.1364,0.1134;0.1306,0.1268,0.1262,41
ISTGNN_PeMS04_flow,352,0.1368,0.1145;0.1291,0.1268,0.1262,42
ISTGNN_PeMS04_flow,353,0.1362,0.1134;0.1292,0.1263,0.1262,43
ISTGNN_PeMS04_flow,354,0.1364,0.1128;0.1293,0.1262,0.1262,44
ISTGNN_PeMS04_flow,355,0.1376,0.1145;0.1302,0.1274,0.1262,45
ISTGNN_PeMS04_flow,356,0.1366,0.1131;0.1311,0.1269,0.1262,46
ISTGNN_PeMS04_flow,357,0.1362,0.1130;0.1317,0.1269,0.1262,47
ISTGNN_PeMS04_flow,358,0.1360,0.1127;0.1294,0.1260,0.1260,0
ISTGNN_PeMS04_flow,359,0.1373,0.1136;0.1305,0.1271,0.1260,1
ISTGNN_PeMS04_flow,360,0.1375,0.1129;0.1298,0.1268,0.1260,2
ISTGNN_PeMS04_flow,361,0.1363,0.1130;0.1299,0.1264,0.1260,3
ISTGNN_PeMS04_flow,362,0.1368,0.1145;0.1294,0.1269,0.1260,4
ISTGNN_PeMS04_flow,363,0.1366,0.1140;0.1293,0.1266,0.1260,5
ISTGNN_PeMS04_flow,364,0.1359,0.1129;0.1290,0.1259,0.1259,0
ISTGNN_PeMS04_flow,365,0.1365,0.1130;0.1297,0.1264,0.1259,1
ISTGNN_PeMS04_flow,366,0.1367,0.1133;0.1292,0.1264,0.1259,2
ISTGNN_PeMS04_flow,367,0.1369,0.1140;0.1291,0.1267,0.1259,3
ISTGNN_PeMS04_flow,368,0.1364,0.1130;0.1295,0.1263,0.1259,4
ISTGNN_PeMS04_flow,369,0.1371,0.1128;0.1292,0.1264,0.1259,5
ISTGNN_PeMS04_flow,370,0.1369,0.1131;0.1326,0.1275,0.1259,6
ISTGNN_PeMS04_flow,371,0.1366,0.1157;0.1300,0.1274,0.1259,7
ISTGNN_PeMS04_flow,372,0.1367,0.1143;0.1295,0.1268,0.1259,8
ISTGNN_PeMS04_flow,373,0.1365,0.1132;0.1291,0.1263,0.1259,9
ISTGNN_PeMS04_flow,374,0.1368,0.1135;0.1290,0.1264,0.1259,10
ISTGNN_PeMS04_flow,375,0.1361,0.1138;0.1297,0.1266,0.1259,11
ISTGNN_PeMS04_flow,376,0.1363,0.1129;0.1298,0.1263,0.1259,12
ISTGNN_PeMS04_flow,377,0.1389,0.1132;0.1295,0.1272,0.1259,13
ISTGNN_PeMS04_flow,378,0.1362,0.1134;0.1291,0.1262,0.1259,14
ISTGNN_PeMS04_flow,379,0.1363,0.1133;0.1294,0.1263,0.1259,15
ISTGNN_PeMS04_flow,380,0.1364,0.1130;0.1295,0.1263,0.1259,16
ISTGNN_PeMS04_flow,381,0.1365,0.1130;0.1307,0.1267,0.1259,17
ISTGNN_PeMS04_flow,382,0.1365,0.1127;0.1307,0.1266,0.1259,18
ISTGNN_PeMS04_flow,383,0.1361,0.1138;0.1293,0.1264,0.1259,19
ISTGNN_PeMS04_flow,384,0.1364,0.1142;0.1292,0.1266,0.1259,20
ISTGNN_PeMS04_flow,385,0.1360,0.1132;0.1296,0.1263,0.1259,21
ISTGNN_PeMS04_flow,386,0.1369,0.1130;0.1291,0.1263,0.1259,22
ISTGNN_PeMS04_flow,387,0.1376,0.1134;0.1295,0.1268,0.1259,23
ISTGNN_PeMS04_flow,388,0.1371,0.1134;0.1295,0.1267,0.1259,24
ISTGNN_PeMS04_flow,389,0.1368,0.1133;0.1292,0.1264,0.1259,25
ISTGNN_PeMS04_flow,390,0.1362,0.1134;0.1294,0.1263,0.1259,26
ISTGNN_PeMS04_flow,391,0.1366,0.1127;0.1304,0.1266,0.1259,27
ISTGNN_PeMS04_flow,392,0.1370,0.1127;0.1292,0.1263,0.1259,28
ISTGNN_PeMS04_flow,393,0.1366,0.1129;0.1303,0.1266,0.1259,29
ISTGNN_PeMS04_flow,394,0.1365,0.1141;0.1293,0.1267,0.1259,30
ISTGNN_PeMS04_flow,395,0.1370,0.1130;0.1293,0.1264,0.1259,31
ISTGNN_PeMS04_flow,396,0.1364,0.1129;0.1293,0.1262,0.1259,32
ISTGNN_PeMS04_flow,397,0.1364,0.1135;0.1293,0.1264,0.1259,33
ISTGNN_PeMS04_flow,398,0.1366,0.1133;0.1314,0.1271,0.1259,34
ISTGNN_PeMS04_flow,399,0.1362,0.1145;0.1298,0.1268,0.1259,35
ISTGNN_PeMS04_flow,400,0.1363,0.1131;0.1297,0.1264,0.1259,36
ISTGNN_PeMS04_flow,401,0.1373,0.1128;0.1291,0.1264,0.1259,37
ISTGNN_PeMS04_flow,402,0.1366,0.1130;0.1298,0.1264,0.1259,38
ISTGNN_PeMS04_flow,403,0.1366,0.1135;0.1297,0.1266,0.1259,39
ISTGNN_PeMS04_flow,404,0.1361,0.1130;0.1291,0.1261,0.1259,40
ISTGNN_PeMS04_flow,405,0.1361,0.1134;0.1296,0.1264,0.1259,41
ISTGNN_PeMS04_flow,406,0.1362,0.1130;0.1293,0.1261,0.1259,42
ISTGNN_PeMS04_flow,407,0.1369,0.1128;0.1296,0.1264,0.1259,43
ISTGNN_PeMS04_flow,408,0.1361,0.1125;0.1294,0.1260,0.1259,44
ISTGNN_PeMS04_flow,409,0.1367,0.1131;0.1298,0.1265,0.1259,45
ISTGNN_PeMS04_flow,410,0.1367,0.1132;0.1295,0.1265,0.1259,46
ISTGNN_PeMS04_flow,411,0.1378,0.1132;0.1295,0.1268,0.1259,47
ISTGNN_PeMS04_flow,412,0.1369,0.1130;0.1293,0.1264,0.1259,48
ISTGNN_PeMS04_flow,413,0.1367,0.1128;0.1293,0.1263,0.1259,49
ISTGNN_PeMS04_flow,414,0.1365,0.1133;0.1291,0.1263,0.1259,50
ISTGNN_PeMS04_flow,1,0.1443,0.1224;0.1386,0.1351,0.1351,0
ISTGNN_PeMS04_flow,2,0.1460,0.1208;0.1387,0.1352,0.1351,1
ISTGNN_PeMS04_flow,3,0.1423,0.1225;0.1361,0.1337,0.1337,0
ISTGNN_PeMS04_flow,4,0.1423,0.1194;0.1363,0.1327,0.1327,0
ISTGNN_PeMS04_flow,5,0.1415,0.1221;0.1355,0.1330,0.1327,1
ISTGNN_PeMS04_flow,6,0.1426,0.1203;0.1341,0.1323,0.1323,0
ISTGNN_PeMS04_flow,7,0.1450,0.1189;0.1344,0.1327,0.1323,1
ISTGNN_PeMS04_flow,8,0.1432,0.1198;0.1365,0.1332,0.1323,2
ISTGNN_PeMS04_flow,9,0.1407,0.1243;0.1351,0.1334,0.1323,3
ISTGNN_PeMS04_flow,10,0.1406,0.1202;0.1357,0.1322,0.1322,0
ISTGNN_PeMS04_flow,11,0.1420,0.1205;0.1351,0.1325,0.1322,1
ISTGNN_PeMS04_flow,12,0.1409,0.1218;0.1337,0.1321,0.1322,2
ISTGNN_PeMS04_flow,13,0.1409,0.1201;0.1338,0.1316,0.1316,0
ISTGNN_PeMS04_flow,14,0.1418,0.1181;0.1352,0.1317,0.1316,1
ISTGNN_PeMS04_flow,15,0.1423,0.1174;0.1335,0.1311,0.1311,0
ISTGNN_PeMS04_flow,16,0.1412,0.1184;0.1345,0.1314,0.1311,1
ISTGNN_PeMS04_flow,17,0.1406,0.1182;0.1345,0.1311,0.1311,2
ISTGNN_PeMS04_flow,18,0.1406,0.1179;0.1332,0.1306,0.1306,0
ISTGNN_PeMS04_flow,19,0.1419,0.1176;0.1336,0.1310,0.1306,1
ISTGNN_PeMS04_flow,20,0.1438,0.1175;0.1334,0.1316,0.1306,2
ISTGNN_PeMS04_flow,21,0.1406,0.1174;0.1341,0.1307,0.1306,3
ISTGNN_PeMS04_flow,22,0.1405,0.1184;0.1336,0.1309,0.1306,4
ISTGNN_PeMS04_flow,23,0.1403,0.1167;0.1331,0.1300,0.1300,0
ISTGNN_PeMS04_flow,24,0.1430,0.1175;0.1355,0.1320,0.1300,1
ISTGNN_PeMS04_flow,25,0.1404,0.1166;0.1331,0.1300,0.1300,2
ISTGNN_PeMS04_flow,26,0.1400,0.1184;0.1329,0.1304,0.1300,3
ISTGNN_PeMS04_flow,27,0.1418,0.1184;0.1338,0.1313,0.1300,4
ISTGNN_PeMS04_flow,28,0.1397,0.1170;0.1332,0.1299,0.1299,0
ISTGNN_PeMS04_flow,29,0.1418,0.1168;0.1335,0.1307,0.1299,1
ISTGNN_PeMS04_flow,30,0.1426,0.1175;0.1334,0.1312,0.1299,2
ISTGNN_PeMS04_flow,31,0.1447,0.1175;0.1328,0.1317,0.1299,3
ISTGNN_PeMS04_flow,32,0.1399,0.1174;0.1338,0.1304,0.1299,4
ISTGNN_PeMS04_flow,33,0.1398,0.1167;0.1358,0.1308,0.1299,5
ISTGNN_PeMS04_flow,34,0.1397,0.1167;0.1379,0.1314,0.1299,6
ISTGNN_PeMS04_flow,35,0.1396,0.1208;0.1324,0.1309,0.1299,7
ISTGNN_PeMS04_flow,36,0.1409,0.1165;0.1327,0.1300,0.1299,8
ISTGNN_PeMS04_flow,37,0.1408,0.1164;0.1339,0.1304,0.1299,9
ISTGNN_PeMS04_flow,38,0.1403,0.1164;0.1327,0.1298,0.1298,0
ISTGNN_PeMS04_flow,39,0.1394,0.1168;0.1348,0.1303,0.1298,1
ISTGNN_PeMS04_flow,40,0.1396,0.1165;0.1321,0.1294,0.1294,0
ISTGNN_PeMS04_flow,41,0.1398,0.1161;0.1358,0.1306,0.1294,1
ISTGNN_PeMS04_flow,42,0.1393,0.1162;0.1332,0.1296,0.1294,2
ISTGNN_PeMS04_flow,43,0.1396,0.1164;0.1331,0.1297,0.1294,3
ISTGNN_PeMS04_flow,44,0.1395,0.1163;0.1325,0.1294,0.1294,4
ISTGNN_PeMS04_flow,45,0.1396,0.1158;0.1329,0.1294,0.1294,5
ISTGNN_PeMS04_flow,46,0.1401,0.1166;0.1330,0.1299,0.1294,6
ISTGNN_PeMS04_flow,47,0.1392,0.1185;0.1331,0.1303,0.1294,7
ISTGNN_PeMS04_flow,48,0.1391,0.1169;0.1327,0.1296,0.1294,8
ISTGNN_PeMS04_flow,49,0.1394,0.1165;0.1316,0.1292,0.1292,0
ISTGNN_PeMS04_flow,50,0.1404,0.1174;0.1328,0.1302,0.1292,1
ISTGNN_PeMS04_flow,51,0.1425,0.1162;0.1339,0.1309,0.1292,2
ISTGNN_PeMS04_flow,52,0.1398,0.1162;0.1326,0.1295,0.1292,3
ISTGNN_PeMS04_flow,53,0.1400,0.1172;0.1318,0.1297,0.1292,4
ISTGNN_PeMS04_flow,54,0.1398,0.1168;0.1327,0.1298,0.1292,5
ISTGNN_PeMS04_flow,55,0.1397,0.1182;0.1323,0.1301,0.1292,6
ISTGNN_PeMS04_flow,56,0.1392,0.1160;0.1319,0.1290,0.1290,0
ISTGNN_PeMS04_flow,57,0.1403,0.1163;0.1325,0.1297,0.1290,1
ISTGNN_PeMS04_flow,58,0.1421,0.1183;0.1314,0.1306,0.1290,2
ISTGNN_PeMS04_flow,59,0.1401,0.1156;0.1348,0.1302,0.1290,3
ISTGNN_PeMS04_flow,60,0.1406,0.1160;0.1321,0.1296,0.1290,4
ISTGNN_PeMS04_flow,61,0.1395,0.1165;0.1339,0.1300,0.1290,5
ISTGNN_PeMS04_flow,62,0.1388,0.1160;0.1315,0.1288,0.1288,0
ISTGNN_PeMS04_flow,63,0.1385,0.1162;0.1330,0.1292,0.1288,1
ISTGNN_PeMS04_flow,64,0.1394,0.1157;0.1324,0.1292,0.1288,2
ISTGNN_PeMS04_flow,65,0.1390,0.1161;0.1314,0.1288,0.1288,3
ISTGNN_PeMS04_flow,66,0.1388,0.1158;0.1317,0.1288,0.1288,4
ISTGNN_PeMS04_flow,67,0.1402,0.1170;0.1333,0.1302,0.1288,5
ISTGNN_PeMS04_flow,68,0.1403,0.1166;0.1320,0.1296,0.1288,6
ISTGNN_PeMS04_flow,69,0.1382,0.1154;0.1322,0.1286,0.1286,0
ISTGNN_PeMS04_flow,70,0.1384,0.1156;0.1312,0.1284,0.1284,0
ISTGNN_PeMS04_flow,71,0.1388,0.1170;0.1330,0.1296,0.1284,1
ISTGNN_PeMS04_flow,72,0.1382,0.1157;0.1314,0.1285,0.1284,2
ISTGNN_PeMS04_flow,73,0.1381,0.1157;0.1327,0.1288,0.1284,3
ISTGNN_PeMS04_flow,74,0.1389,0.1154;0.1315,0.1286,0.1284,4
ISTGNN_PeMS04_flow,75,0.1417,0.1161;0.1324,0.1301,0.1284,5
ISTGNN_PeMS04_flow,76,0.1393,0.1151;0.1317,0.1287,0.1284,6
ISTGNN_PeMS04_flow,77,0.1381,0.1152;0.1314,0.1282,0.1282,0
ISTGNN_PeMS04_flow,78,0.1383,0.1154;0.1335,0.1291,0.1282,1
ISTGNN_PeMS04_flow,79,0.1390,0.1157;0.1318,0.1289,0.1282,2
ISTGNN_PeMS04_flow,80,0.1380,0.1167;0.1312,0.1287,0.1282,3
ISTGNN_PeMS04_flow,81,0.1384,0.1157;0.1312,0.1284,0.1282,4
ISTGNN_PeMS04_flow,82,0.1403,0.1155;0.1316,0.1291,0.1282,5
ISTGNN_PeMS04_flow,83,0.1386,0.1151;0.1316,0.1284,0.1282,6
ISTGNN_PeMS04_flow,84,0.1382,0.1187;0.1319,0.1296,0.1282,7
ISTGNN_PeMS04_flow,85,0.1383,0.1159;0.1320,0.1287,0.1282,8
ISTGNN_PeMS04_flow,86,0.1406,0.1186;0.1327,0.1307,0.1282,9
ISTGNN_PeMS04_flow,87,0.1383,0.1158;0.1311,0.1284,0.1282,10
ISTGNN_PeMS04_flow,88,0.1385,0.1151;0.1318,0.1285,0.1282,11
ISTGNN_PeMS04_flow,89,0.1387,0.1154;0.1314,0.1285,0.1282,12
ISTGNN_PeMS04_flow,90,0.1377,0.1155;0.1308,0.1280,0.1280,0
ISTGNN_PeMS04_flow,91,0.1382,0.1153;0.1321,0.1285,0.1280,1
ISTGNN_PeMS04_flow,92,0.1377,0.1156;0.1316,0.1283,0.1280,2
ISTGNN_PeMS04_flow,93,0.1382,0.1178;0.1307,0.1289,0.1280,3
ISTGNN_PeMS04_flow,94,0.1383,0.1153;0.1329,0.1288,0.1280,4
ISTGNN_PeMS04_flow,95,0.1376,0.1157;0.1330,0.1288,0.1280,5
ISTGNN_PeMS04_flow,96,0.1377,0.1153;0.1311,0.1281,0.1280,6
ISTGNN_PeMS04_flow,97,0.1381,0.1157;0.1328,0.1288,0.1280,7
ISTGNN_PeMS04_flow,98,0.1376,0.1166;0.1321,0.1288,0.1280,8
ISTGNN_PeMS04_flow,99,0.1391,0.1151;0.1309,0.1284,0.1280,9
ISTGNN_PeMS04_flow,100,0.1383,0.1157;0.1308,0.1283,0.1280,10
ISTGNN_PeMS04_flow,101,0.1377,0.1148;0.1311,0.1279,0.1279,0
ISTGNN_PeMS04_flow,102,0.1382,0.1154;0.1306,0.1280,0.1279,1
ISTGNN_PeMS04_flow,103,0.1377,0.1155;0.1307,0.1280,0.1279,2
ISTGNN_PeMS04_flow,104,0.1385,0.1150;0.1310,0.1282,0.1279,3
ISTGNN_PeMS04_flow,105,0.1380,0.1154;0.1309,0.1281,0.1279,4
ISTGNN_PeMS04_flow,106,0.1381,0.1146;0.1331,0.1286,0.1279,5
ISTGNN_PeMS04_flow,107,0.1379,0.1149;0.1313,0.1280,0.1279,6
ISTGNN_PeMS04_flow,108,0.1379,0.1155;0.1311,0.1282,0.1279,7
ISTGNN_PeMS04_flow,109,0.1378,0.1159;0.1304,0.1280,0.1279,8
ISTGNN_PeMS04_flow,110,0.1396,0.1146;0.1313,0.1285,0.1279,9
ISTGNN_PeMS04_flow,111,0.1383,0.1146;0.1306,0.1278,0.1279,10
ISTGNN_PeMS04_flow,112,0.1393,0.1156;0.1307,0.1285,0.1279,11
ISTGNN_PeMS04_flow,113,0.1384,0.1162;0.1307,0.1284,0.1279,12
ISTGNN_PeMS04_flow,114,0.1386,0.1151;0.1315,0.1284,0.1279,13
ISTGNN_PeMS04_flow,115,0.1379,0.1149;0.1311,0.1279,0.1279,14
ISTGNN_PeMS04_flow,116,0.1383,0.1145;0.1317,0.1282,0.1279,15
ISTGNN_PeMS04_flow,117,0.1379,0.1144;0.1311,0.1278,0.1279,16
ISTGNN_PeMS04_flow,118,0.1379,0.1155;0.1305,0.1280,0.1279,17
ISTGNN_PeMS04_flow,119,0.1389,0.1149;0.1321,0.1286,0.1279,18
ISTGNN_PeMS04_flow,120,0.1383,0.1153;0.1307,0.1281,0.1279,19
ISTGNN_PeMS04_flow,121,0.1381,0.1165;0.1305,0.1284,0.1279,20
ISTGNN_PeMS04_flow,122,0.1373,0.1145;0.1335,0.1284,0.1279,21
ISTGNN_PeMS04_flow,123,0.1373,0.1155;0.1305,0.1278,0.1279,22
ISTGNN_PeMS04_flow,124,0.1379,0.1156;0.1302,0.1279,0.1279,23
ISTGNN_PeMS04_flow,125,0.1373,0.1146;0.1318,0.1279,0.1279,24
ISTGNN_PeMS04_flow,126,0.1380,0.1152;0.1305,0.1279,0.1279,25
ISTGNN_PeMS04_flow,127,0.1374,0.1146;0.1305,0.1275,0.1275,0
ISTGNN_PeMS04_flow,128,0.1372,0.1145;0.1314,0.1277,0.1275,1
ISTGNN_PeMS04_flow,129,0.1372,0.1146;0.1309,0.1275,0.1275,2
ISTGNN_PeMS04_flow,130,0.1375,0.1142;0.1303,0.1273,0.1273,0
ISTGNN_PeMS04_flow,131,0.1372,0.1142;0.1301,0.1272,0.1272,0
ISTGNN_PeMS04_flow,132,0.1372,0.1148;0.1306,0.1275,0.1272,1
ISTGNN_PeMS04_flow,133,0.1396,0.1165;0.1311,0.1291,0.1272,2
ISTGNN_PeMS04_flow,134,0.1377,0.1146;0.1307,0.1277,0.1272,3
ISTGNN_PeMS04_flow,135,0.1375,0.1141;0.1308,0.1275,0.1272,4
ISTGNN_PeMS04_flow,136,0.1370,0.1146;0.1304,0.1273,0.1272,5
ISTGNN_PeMS04_flow,137,0.1372,0.1148;0.1311,0.1277,0.1272,6
ISTGNN_PeMS04_flow,138,0.1374,0.1146;0.1309,0.1276,0.1272,7
ISTGNN_PeMS04_flow,139,0.1373,0.1140;0.1312,0.1275,0.1272,8
ISTGNN_PeMS04_flow,140,0.1377,0.1149;0.1302,0.1276,0.1272,9
ISTGNN_PeMS04_flow,141,0.1370,0.1143;0.1301,0.1271,0.1272,10
ISTGNN_PeMS04_flow,142,0.1372,0.1146;0.1319,0.1279,0.1272,11
ISTGNN_PeMS04_flow,143,0.1376,0.1150;0.1306,0.1277,0.1272,12
ISTGNN_PeMS04_flow,144,0.1368,0.1143;0.1304,0.1272,0.1272,13
ISTGNN_PeMS04_flow,145,0.1377,0.1158;0.1320,0.1285,0.1272,14
ISTGNN_PeMS04_flow,146,0.1381,0.1138;0.1317,0.1279,0.1272,15
ISTGNN_PeMS04_flow,147,0.1377,0.1154;0.1299,0.1277,0.1272,16
ISTGNN_PeMS04_flow,148,0.1385,0.1158;0.1311,0.1285,0.1272,17
ISTGNN_PeMS04_flow,149,0.1381,0.1163;0.1316,0.1287,0.1272,18
ISTGNN_PeMS04_flow,150,0.1370,0.1138;0.1313,0.1274,0.1272,19
ISTGNN_PeMS04_flow,151,0.1374,0.1140;0.1305,0.1273,0.1272,20
ISTGNN_PeMS04_flow,152,0.1371,0.1142;0.1304,0.1272,0.1272,21
ISTGNN_PeMS04_flow,153,0.1369,0.1147;0.1309,0.1275,0.1272,22
ISTGNN_PeMS04_flow,154,0.1378,0.1139;0.1323,0.1280,0.1272,23
ISTGNN_PeMS04_flow,155,0.1376,0.1148;0.1311,0.1278,0.1272,24
ISTGNN_PeMS04_flow,156,0.1371,0.1143;0.1301,0.1272,0.1272,25
ISTGNN_PeMS04_flow,157,0.1375,0.1147;0.1316,0.1279,0.1272,26
ISTGNN_PeMS04_flow,158,0.1375,0.1147;0.1304,0.1275,0.1272,27
ISTGNN_PeMS04_flow,159,0.1371,0.1140;0.1307,0.1273,0.1272,28
ISTGNN_PeMS04_flow,160,0.1374,0.1154;0.1300,0.1276,0.1272,29
ISTGNN_PeMS04_flow,161,0.1368,0.1140;0.1301,0.1270,0.1270,0
ISTGNN_PeMS04_flow,162,0.1374,0.1150;0.1304,0.1276,0.1270,1
ISTGNN_PeMS04_flow,163,0.1380,0.1144;0.1300,0.1274,0.1270,2
ISTGNN_PeMS04_flow,164,0.1369,0.1145;0.1306,0.1273,0.1270,3
ISTGNN_PeMS04_flow,165,0.1370,0.1140;0.1329,0.1279,0.1270,4
ISTGNN_PeMS04_flow,166,0.1369,0.1151;0.1307,0.1276,0.1270,5
ISTGNN_PeMS04_flow,167,0.1370,0.1138;0.1300,0.1269,0.1270,6
ISTGNN_PeMS04_flow,168,0.1376,0.1144;0.1301,0.1274,0.1270,7
ISTGNN_PeMS04_flow,169,0.1368,0.1157;0.1306,0.1277,0.1270,8
ISTGNN_PeMS04_flow,170,0.1368,0.1139;0.1318,0.1275,0.1270,9
ISTGNN_PeMS04_flow,171,0.1375,0.1136;0.1298,0.1270,0.1270,10
ISTGNN_PeMS04_flow,172,0.1392,0.1137;0.1300,0.1276,0.1270,11
ISTGNN_PeMS04_flow,173,0.1377,0.1139;0.1300,0.1272,0.1270,12
ISTGNN_PeMS04_flow,174,0.1371,0.1160;0.1303,0.1278,0.1270,13
ISTGNN_PeMS04_flow,175,0.1369,0.1143;0.1317,0.1276,0.1270,14
ISTGNN_PeMS04_flow,176,0.1376,0.1139;0.1300,0.1272,0.1270,15
ISTGNN_PeMS04_flow,177,0.1366,0.1142;0.1299,0.1269,0.1270,16
ISTGNN_PeMS04_flow,178,0.1390,0.1142;0.1310,0.1281,0.1270,17
ISTGNN_PeMS04_flow,179,0.1370,0.1138;0.1311,0.1273,0.1270,18
ISTGNN_PeMS04_flow,180,0.1369,0.1147;0.1312,0.1276,0.1270,19
ISTGNN_PeMS04_flow,181,0.1375,0.1142;0.1304,0.1273,0.1270,20
ISTGNN_PeMS04_flow,182,0.1366,0.1140;0.1299,0.1268,0.1268,0
ISTGNN_PeMS04_flow,183,0.1368,0.1139;0.1307,0.1271,0.1268,1
ISTGNN_PeMS04_flow,184,0.1366,0.1136;0.1301,0.1268,0.1268,2
ISTGNN_PeMS04_flow,185,0.1368,0.1141;0.1303,0.1271,0.1268,3
ISTGNN_PeMS04_flow,186,0.1373,0.1155;0.1302,0.1277,0.1268,4
ISTGNN_PeMS04_flow,187,0.1389,0.1137;0.1301,0.1276,0.1268,5
ISTGNN_PeMS04_flow,188,0.1364,0.1138;0.1299,0.1267,0.1267,0
ISTGNN_PeMS04_flow,189,0.1369,0.1140;0.1309,0.1273,0.1267,1
ISTGNN_PeMS04_flow,190,0.1370,0.1135;0.1302,0.1269,0.1267,2
ISTGNN_PeMS04_flow,191,0.1375,0.1145;0.1303,0.1274,0.1267,3
ISTGNN_PeMS04_flow,192,0.1367,0.1146;0.1298,0.1270,0.1267,4
ISTGNN_PeMS04_flow,193,0.1370,0.1143;0.1301,0.1272,0.1267,5
ISTGNN_PeMS04_flow,194,0.1371,0.1146;0.1301,0.1273,0.1267,6
ISTGNN_PeMS04_flow,195,0.1372,0.1145;0.1300,0.1272,0.1267,7
ISTGNN_PeMS04_flow,196,0.1367,0.1158;0.1301,0.1276,0.1267,8
ISTGNN_PeMS04_flow,197,0.1369,0.1143;0.1299,0.1270,0.1267,9
ISTGNN_PeMS04_flow,198,0.1374,0.1156;0.1300,0.1277,0.1267,10
ISTGNN_PeMS04_flow,199,0.1371,0.1136;0.1310,0.1272,0.1267,11
ISTGNN_PeMS04_flow,200,0.1377,0.1139;0.1310,0.1275,0.1267,12
ISTGNN_PeMS04_flow,201,0.1383,0.1144;0.1297,0.1275,0.1267,13
ISTGNN_PeMS04_flow,202,0.1366,0.1138;0.1298,0.1268,0.1267,14
ISTGNN_PeMS04_flow,203,0.1364,0.1135;0.1311,0.1270,0.1267,15
ISTGNN_PeMS04_flow,204,0.1396,0.1140;0.1303,0.1279,0.1267,16
ISTGNN_PeMS04_flow,205,0.1365,0.1135;0.1307,0.1269,0.1267,17
ISTGNN_PeMS04_flow,206,0.1370,0.1138;0.1297,0.1268,0.1267,18
ISTGNN_PeMS04_flow,207,0.1372,0.1145;0.1298,0.1272,0.1267,19
ISTGNN_PeMS04_flow,208,0.1373,0.1144;0.1305,0.1274,0.1267,20
ISTGNN_PeMS04_flow,209,0.1367,0.1160;0.1298,0.1275,0.1267,21
ISTGNN_PeMS04_flow,210,0.1377,0.1135;0.1301,0.1271,0.1267,22
ISTGNN_PeMS04_flow,211,0.1378,0.1132;0.1296,0.1269,0.1267,23
ISTGNN_PeMS04_flow,212,0.1365,0.1142;0.1296,0.1267,0.1267,24
ISTGNN_PeMS04_flow,213,0.1364,0.1140;0.1298,0.1267,0.1267,25
ISTGNN_PeMS04_flow,214,0.1372,0.1142;0.1303,0.1272,0.1267,26
ISTGNN_PeMS04_flow,215,0.1376,0.1144;0.1311,0.1277,0.1267,27
ISTGNN_PeMS04_flow,216,0.1375,0.1136;0.1317,0.1276,0.1267,28
ISTGNN_PeMS04_flow,217,0.1368,0.1154;0.1300,0.1274,0.1267,29
ISTGNN_PeMS04_flow,218,0.1367,0.1136;0.1324,0.1276,0.1267,30
ISTGNN_PeMS04_flow,219,0.1371,0.1145;0.1298,0.1272,0.1267,31
ISTGNN_PeMS04_flow,220,0.1364,0.1137;0.1294,0.1265,0.1265,0
ISTGNN_PeMS04_flow,221,0.1365,0.1144;0.1301,0.1270,0.1265,1
ISTGNN_PeMS04_flow,222,0.1373,0.1138;0.1301,0.1271,0.1265,2
ISTGNN_PeMS04_flow,223,0.1378,0.1142;0.1306,0.1275,0.1265,3
ISTGNN_PeMS04_flow,224,0.1376,0.1136;0.1297,0.1270,0.1265,4
ISTGNN_PeMS04_flow,225,0.1364,0.1136;0.1317,0.1272,0.1265,5
ISTGNN_PeMS04_flow,226,0.1391,0.1135;0.1302,0.1276,0.1265,6
ISTGNN_PeMS04_flow,227,0.1367,0.1143;0.1299,0.1270,0.1265,7
ISTGNN_PeMS04_flow,228,0.1373,0.1147;0.1297,0.1272,0.1265,8
ISTGNN_PeMS04_flow,229,0.1369,0.1137;0.1311,0.1272,0.1265,9
ISTGNN_PeMS04_flow,230,0.1365,0.1156;0.1296,0.1272,0.1265,10
ISTGNN_PeMS04_flow,231,0.1361,0.1143;0.1300,0.1268,0.1265,11
ISTGNN_PeMS04_flow,232,0.1363,0.1136;0.1304,0.1268,0.1265,12
ISTGNN_PeMS04_flow,233,0.1380,0.1135;0.1313,0.1276,0.1265,13
ISTGNN_PeMS04_flow,234,0.1370,0.1136;0.1295,0.1267,0.1265,14
ISTGNN_PeMS04_flow,235,0.1365,0.1133;0.1296,0.1265,0.1265,15
ISTGNN_PeMS04_flow,236,0.1377,0.1144;0.1307,0.1276,0.1265,16
ISTGNN_PeMS04_flow,237,0.1370,0.1137;0.1299,0.1268,0.1265,17
ISTGNN_PeMS04_flow,238,0.1376,0.1150;0.1301,0.1275,0.1265,18
ISTGNN_PeMS04_flow,239,0.1364,0.1137;0.1298,0.1266,0.1265,19
ISTGNN_PeMS04_flow,240,0.1386,0.1136;0.1304,0.1275,0.1265,20
ISTGNN_PeMS04_flow,241,0.1363,0.1135;0.1296,0.1264,0.1265,21
ISTGNN_PeMS04_flow,242,0.1363,0.1142;0.1305,0.1270,0.1265,22
ISTGNN_PeMS04_flow,243,0.1366,0.1131;0.1300,0.1266,0.1265,23
ISTGNN_PeMS04_flow,244,0.1371,0.1144;0.1298,0.1271,0.1265,24
ISTGNN_PeMS04_flow,245,0.1366,0.1135;0.1294,0.1265,0.1265,25
ISTGNN_PeMS04_flow,246,0.1370,0.1136;0.1300,0.1269,0.1265,26
ISTGNN_PeMS04_flow,247,0.1367,0.1132;0.1296,0.1265,0.1265,27
ISTGNN_PeMS04_flow,248,0.1370,0.1132;0.1294,0.1266,0.1265,28
ISTGNN_PeMS04_flow,249,0.1364,0.1132;0.1299,0.1265,0.1265,29
ISTGNN_PeMS04_flow,250,0.1366,0.1143;0.1315,0.1275,0.1265,30
ISTGNN_PeMS04_flow,251,0.1376,0.1133;0.1294,0.1268,0.1265,31
ISTGNN_PeMS04_flow,252,0.1371,0.1134;0.1300,0.1268,0.1265,32
ISTGNN_PeMS04_flow,253,0.1361,0.1139;0.1300,0.1267,0.1265,33
ISTGNN_PeMS04_flow,254,0.1361,0.1136;0.1294,0.1264,0.1264,0
ISTGNN_PeMS04_flow,255,0.1369,0.1153;0.1302,0.1275,0.1264,1
ISTGNN_PeMS04_flow,256,0.1369,0.1134;0.1302,0.1268,0.1264,2
ISTGNN_PeMS04_flow,257,0.1363,0.1142;0.1299,0.1268,0.1264,3
ISTGNN_PeMS04_flow,258,0.1363,0.1136;0.1305,0.1268,0.1264,4
ISTGNN_PeMS04_flow,259,0.1365,0.1133;0.1309,0.1269,0.1264,5
ISTGNN_PeMS04_flow,260,0.1363,0.1131;0.1297,0.1264,0.1264,6
ISTGNN_PeMS04_flow,261,0.1374,0.1136;0.1292,0.1267,0.1264,7
ISTGNN_PeMS04_flow,262,0.1367,0.1133;0.1302,0.1267,0.1264,8
ISTGNN_PeMS04_flow,263,0.1377,0.1133;0.1312,0.1274,0.1264,9
ISTGNN_PeMS04_flow,264,0.1375,0.1131;0.1292,0.1266,0.1264,10
ISTGNN_PeMS04_flow,265,0.1361,0.1144;0.1293,0.1266,0.1264,11
ISTGNN_PeMS04_flow,266,0.1369,0.1136;0.1294,0.1266,0.1264,12
ISTGNN_PeMS04_flow,267,0.1362,0.1132;0.1293,0.1262,0.1262,0
ISTGNN_PeMS04_flow,268,0.1365,0.1132;0.1293,0.1263,0.1262,1
ISTGNN_PeMS04_flow,269,0.1375,0.1132;0.1293,0.1267,0.1262,2
ISTGNN_PeMS04_flow,270,0.1362,0.1147;0.1296,0.1268,0.1262,3
ISTGNN_PeMS04_flow,271,0.1360,0.1134;0.1293,0.1263,0.1262,4
ISTGNN_PeMS04_flow,272,0.1362,0.1157;0.1301,0.1273,0.1262,5
ISTGNN_PeMS04_flow,273,0.1369,0.1141;0.1295,0.1268,0.1262,6
ISTGNN_PeMS04_flow,274,0.1364,0.1131;0.1306,0.1267,0.1262,7
ISTGNN_PeMS04_flow,275,0.1366,0.1151;0.1309,0.1275,0.1262,8
ISTGNN_PeMS04_flow,276,0.1364,0.1156;0.1308,0.1276,0.1262,9
ISTGNN_PeMS04_flow,277,0.1359,0.1133;0.1295,0.1262,0.1262,10
ISTGNN_PeMS04_flow,278,0.1361,0.1154;0.1300,0.1272,0.1262,11
ISTGNN_PeMS04_flow,279,0.1367,0.1132;0.1300,0.1266,0.1262,12
ISTGNN_PeMS04_flow,280,0.1364,0.1143;0.1299,0.1268,0.1262,13
ISTGNN_PeMS04_flow,281,0.1363,0.1141;0.1294,0.1266,0.1262,14
ISTGNN_PeMS04_flow,282,0.1365,0.1132;0.1293,0.1263,0.1262,15
ISTGNN_PeMS04_flow,283,0.1363,0.1130;0.1305,0.1266,0.1262,16
ISTGNN_PeMS04_flow,284,0.1370,0.1140;0.1296,0.1268,0.1262,17
ISTGNN_PeMS04_flow,285,0.1367,0.1151;0.1296,0.1272,0.1262,18
ISTGNN_PeMS04_flow,286,0.1369,0.1128;0.1295,0.1264,0.1262,19
ISTGNN_PeMS04_flow,287,0.1369,0.1128;0.1303,0.1267,0.1262,20
ISTGNN_PeMS04_flow,288,0.1362,0.1130;0.1311,0.1268,0.1262,21
ISTGNN_PeMS04_flow,289,0.1384,0.1162;0.1296,0.1281,0.1262,22
ISTGNN_PeMS04_flow,290,0.1371,0.1132;0.1303,0.1269,0.1262,23
ISTGNN_PeMS04_flow,291,0.1365,0.1132;0.1297,0.1265,0.1262,24
ISTGNN_PeMS04_flow,292,0.1365,0.1135;0.1294,0.1265,0.1262,25
ISTGNN_PeMS04_flow,293,0.1360,0.1134;0.1306,0.1267,0.1262,26
ISTGNN_PeMS04_flow,294,0.1362,0.1131;0.1294,0.1263,0.1262,27
ISTGNN_PeMS04_flow,295,0.1364,0.1130;0.1296,0.1263,0.1262,28
ISTGNN_PeMS04_flow,296,0.1373,0.1138;0.1301,0.1271,0.1262,29
ISTGNN_PeMS04_flow,297,0.1363,0.1134;0.1294,0.1264,0.1262,30
ISTGNN_PeMS04_flow,298,0.1362,0.1130;0.1296,0.1263,0.1262,31
ISTGNN_PeMS04_flow,299,0.1363,0.1129;0.1293,0.1262,0.1262,32
ISTGNN_PeMS04_flow,300,0.1363,0.1129;0.1293,0.1261,0.1262,33
ISTGNN_PeMS04_flow,301,0.1373,0.1132;0.1301,0.1269,0.1262,34
ISTGNN_PeMS04_flow,302,0.1378,0.1134;0.1297,0.1270,0.1262,35
ISTGNN_PeMS04_flow,303,0.1369,0.1133;0.1292,0.1265,0.1262,36
ISTGNN_PeMS04_flow,304,0.1361,0.1140;0.1297,0.1266,0.1262,37
ISTGNN_PeMS04_flow,305,0.1368,0.1150;0.1298,0.1272,0.1262,38
ISTGNN_PeMS04_flow,306,0.1376,0.1137;0.1295,0.1269,0.1262,39
ISTGNN_PeMS04_flow,307,0.1365,0.1128;0.1294,0.1262,0.1262,40
ISTGNN_PeMS04_flow,308,0.1362,0.1143;0.1308,0.1271,0.1262,41
ISTGNN_PeMS04_flow,309,0.1380,0.1131;0.1299,0.1270,0.1262,42
ISTGNN_PeMS04_flow,310,0.1358,0.1132;0.1293,0.1261,0.1261,0
ISTGNN_PeMS04_flow,311,0.1368,0.1130;0.1298,0.1265,0.1261,1
ISTGNN_PeMS04_flow,312,0.1360,0.1129;0.1290,0.1260,0.1260,0
ISTGNN_PeMS04_flow,313,0.1362,0.1131;0.1333,0.1275,0.1260,1
ISTGNN_PeMS04_flow,314,0.1366,0.1130;0.1294,0.1264,0.1260,2
ISTGNN_PeMS04_flow,315,0.1366,0.1132;0.1290,0.1262,0.1260,3
ISTGNN_PeMS04_flow,316,0.1384,0.1126;0.1294,0.1268,0.1260,4
ISTGNN_PeMS04_flow,317,0.1371,0.1134;0.1298,0.1267,0.1260,5
ISTGNN_PeMS04_flow,318,0.1359,0.1136;0.1294,0.1263,0.1260,6
ISTGNN_PeMS04_flow,319,0.1360,0.1129;0.1302,0.1264,0.1260,7
ISTGNN_PeMS04_flow,320,0.1360,0.1135;0.1297,0.1264,0.1260,8
ISTGNN_PeMS04_flow,321,0.1359,0.1127;0.1299,0.1262,0.1260,9
ISTGNN_PeMS04_flow,322,0.1361,0.1131;0.1300,0.1264,0.1260,10
ISTGNN_PeMS04_flow,323,0.1368,0.1145;0.1294,0.1269,0.1260,11
ISTGNN_PeMS04_flow,324,0.1373,0.1129;0.1302,0.1268,0.1260,12
ISTGNN_PeMS04_flow,325,0.1366,0.1134;0.1294,0.1264,0.1260,13
ISTGNN_PeMS04_flow,326,0.1362,0.1132;0.1291,0.1261,0.1260,14
ISTGNN_PeMS04_flow,327,0.1363,0.1133;0.1299,0.1265,0.1260,15
ISTGNN_PeMS04_flow,328,0.1359,0.1127;0.1291,0.1259,0.1260,16
ISTGNN_PeMS04_flow,329,0.1360,0.1132;0.1308,0.1267,0.1260,17
ISTGNN_PeMS04_flow,330,0.1360,0.1130;0.1299,0.1263,0.1260,18
ISTGNN_PeMS04_flow,331,0.1362,0.1143;0.1306,0.1270,0.1260,19
ISTGNN_PeMS04_flow,332,0.1365,0.1129;0.1290,0.1261,0.1260,20
ISTGNN_PeMS04_flow,333,0.1364,0.1127;0.1290,0.1260,0.1260,21
ISTGNN_PeMS04_flow,334,0.1364,0.1131;0.1314,0.1270,0.1260,22
ISTGNN_PeMS04_flow,335,0.1360,0.1129;0.1299,0.1263,0.1260,23
ISTGNN_PeMS04_flow,336,0.1370,0.1127;0.1310,0.1269,0.1260,24
ISTGNN_PeMS04_flow,337,0.1371,0.1130;0.1304,0.1268,0.1260,25
ISTGNN_PeMS04_flow,338,0.1365,0.1139;0.1295,0.1266,0.1260,26
ISTGNN_PeMS04_flow,339,0.1389,0.1129;0.1296,0.1271,0.1260,27
ISTGNN_PeMS04_flow,340,0.1359,0.1131;0.1293,0.1261,0.1260,28
ISTGNN_PeMS04_flow,341,0.1374,0.1131;0.1296,0.1267,0.1260,29
ISTGNN_PeMS04_flow,342,0.1360,0.1126;0.1295,0.1260,0.1260,30
ISTGNN_PeMS04_flow,343,0.1369,0.1129;0.1295,0.1264,0.1260,31
ISTGNN_PeMS04_flow,344,0.1362,0.1141;0.1291,0.1265,0.1260,32
ISTGNN_PeMS04_flow,345,0.1363,0.1132;0.1318,0.1271,0.1260,33
ISTGNN_PeMS04_flow,346,0.1360,0.1129;0.1289,0.1259,0.1260,34
ISTGNN_PeMS04_flow,347,0.1363,0.1125;0.1293,0.1261,0.1260,35
ISTGNN_PeMS04_flow,348,0.1366,0.1136;0.1290,0.1264,0.1260,36
ISTGNN_PeMS04_flow,349,0.1371,0.1130;0.1290,0.1264,0.1260,37
ISTGNN_PeMS04_flow,350,0.1365,0.1142;0.1291,0.1266,0.1260,38
ISTGNN_PeMS04_flow,351,0.1365,0.1126;0.1295,0.1262,0.1260,39
ISTGNN_PeMS04_flow,352,0.1360,0.1127;0.1287,0.1258,0.1258,0
ISTGNN_PeMS04_flow,353,0.1371,0.1136;0.1291,0.1266,0.1258,1
ISTGNN_PeMS04_flow,354,0.1358,0.1132;0.1290,0.1260,0.1258,2
ISTGNN_PeMS04_flow,355,0.1369,0.1134;0.1292,0.1265,0.1258,3
ISTGNN_PeMS04_flow,356,0.1360,0.1136;0.1294,0.1263,0.1258,4
ISTGNN_PeMS04_flow,357,0.1399,0.1142;0.1298,0.1280,0.1258,5
ISTGNN_PeMS04_flow,358,0.1360,0.1144;0.1305,0.1270,0.1258,6
ISTGNN_PeMS04_flow,359,0.1366,0.1151;0.1293,0.1270,0.1258,7
ISTGNN_PeMS04_flow,360,0.1358,0.1127;0.1296,0.1261,0.1258,8
ISTGNN_PeMS04_flow,361,0.1372,0.1130;0.1309,0.1270,0.1258,9
ISTGNN_PeMS04_flow,362,0.1371,0.1126;0.1296,0.1264,0.1258,10
ISTGNN_PeMS04_flow,363,0.1363,0.1131;0.1295,0.1263,0.1258,11
ISTGNN_PeMS04_flow,364,0.1360,0.1133;0.1298,0.1264,0.1258,12
ISTGNN_PeMS04_flow,365,0.1368,0.1126;0.1299,0.1265,0.1258,13
ISTGNN_PeMS04_flow,366,0.1362,0.1153;0.1293,0.1269,0.1258,14
ISTGNN_PeMS04_flow,367,0.1360,0.1126;0.1302,0.1263,0.1258,15
ISTGNN_PeMS04_flow,368,0.1365,0.1141;0.1292,0.1266,0.1258,16
ISTGNN_PeMS04_flow,369,0.1360,0.1128;0.1301,0.1263,0.1258,17
ISTGNN_PeMS04_flow,370,0.1364,0.1133;0.1305,0.1267,0.1258,18
ISTGNN_PeMS04_flow,371,0.1369,0.1128;0.1307,0.1268,0.1258,19
ISTGNN_PeMS04_flow,372,0.1365,0.1134;0.1290,0.1263,0.1258,20
ISTGNN_PeMS04_flow,373,0.1363,0.1128;0.1296,0.1262,0.1258,21
ISTGNN_PeMS04_flow,374,0.1360,0.1125;0.1297,0.1261,0.1258,22
ISTGNN_PeMS04_flow,375,0.1367,0.1128;0.1300,0.1265,0.1258,23
ISTGNN_PeMS04_flow,376,0.1361,0.1133;0.1287,0.1261,0.1258,24
ISTGNN_PeMS04_flow,377,0.1363,0.1138;0.1295,0.1265,0.1258,25
ISTGNN_PeMS04_flow,378,0.1358,0.1136;0.1304,0.1266,0.1258,26
ISTGNN_PeMS04_flow,379,0.1361,0.1136;0.1295,0.1264,0.1258,27
ISTGNN_PeMS04_flow,380,0.1367,0.1128;0.1309,0.1268,0.1258,28
ISTGNN_PeMS04_flow,381,0.1357,0.1128;0.1293,0.1260,0.1258,29
ISTGNN_PeMS04_flow,382,0.1364,0.1133;0.1290,0.1262,0.1258,30
ISTGNN_PeMS04_flow,383,0.1368,0.1130;0.1288,0.1262,0.1258,31
ISTGNN_PeMS04_flow,384,0.1358,0.1152;0.1290,0.1267,0.1258,32
ISTGNN_PeMS04_flow,385,0.1359,0.1130;0.1291,0.1260,0.1258,33
ISTGNN_PeMS04_flow,386,0.1366,0.1132;0.1294,0.1264,0.1258,34
ISTGNN_PeMS04_flow,387,0.1363,0.1127;0.1291,0.1260,0.1258,35
ISTGNN_PeMS04_flow,388,0.1366,0.1127;0.1302,0.1265,0.1258,36
ISTGNN_PeMS04_flow,389,0.1365,0.1132;0.1294,0.1264,0.1258,37
ISTGNN_PeMS04_flow,390,0.1360,0.1127;0.1292,0.1260,0.1258,38
ISTGNN_PeMS04_flow,391,0.1358,0.1142;0.1295,0.1265,0.1258,39
ISTGNN_PeMS04_flow,392,0.1364,0.1127;0.1291,0.1261,0.1258,40
ISTGNN_PeMS04_flow,393,0.1369,0.1134;0.1292,0.1265,0.1258,41
ISTGNN_PeMS04_flow,394,0.1360,0.1139;0.1294,0.1264,0.1258,42
ISTGNN_PeMS04_flow,395,0.1370,0.1126;0.1297,0.1265,0.1258,43
ISTGNN_PeMS04_flow,396,0.1362,0.1133;0.1292,0.1262,0.1258,44
ISTGNN_PeMS04_flow,397,0.1357,0.1131;0.1292,0.1260,0.1258,45
ISTGNN_PeMS04_flow,398,0.1376,0.1124;0.1290,0.1263,0.1258,46
ISTGNN_PeMS04_flow,399,0.1371,0.1131;0.1291,0.1264,0.1258,47
ISTGNN_PeMS04_flow,400,0.1362,0.1127;0.1301,0.1264,0.1258,48
ISTGNN_PeMS04_flow,401,0.1360,0.1135;0.1293,0.1263,0.1258,49
ISTGNN_PeMS04_flow,402,0.1361,0.1130;0.1298,0.1263,0.1258,50
ISTGNN_PeMS04_flow,1,0.1496,0.1313;0.1427,0.1412,0.1412,0
ISTGNN_PeMS04_flow,2,0.1439,0.1218;0.1418,0.1359,0.1359,0
ISTGNN_PeMS04_flow,3,0.1437,0.1220;0.1375,0.1344,0.1344,0
ISTGNN_PeMS04_flow,4,0.1433,0.1208;0.1350,0.1330,0.1330,0
ISTGNN_PeMS04_flow,5,0.1435,0.1211;0.1354,0.1333,0.1330,1
ISTGNN_PeMS04_flow,6,0.1432,0.1235;0.1357,0.1341,0.1330,2
ISTGNN_PeMS04_flow,7,0.1422,0.1192;0.1361,0.1325,0.1325,0
ISTGNN_PeMS04_flow,8,0.1428,0.1194;0.1344,0.1322,0.1322,0
ISTGNN_PeMS04_flow,9,0.1435,0.1184;0.1369,0.1329,0.1322,1
ISTGNN_PeMS04_flow,10,0.1428,0.1185;0.1342,0.1318,0.1318,0
ISTGNN_PeMS04_flow,11,0.1417,0.1182;0.1338,0.1312,0.1312,0
ISTGNN_PeMS04_flow,12,0.1411,0.1208;0.1345,0.1321,0.1312,1
ISTGNN_PeMS04_flow,13,0.1407,0.1184;0.1344,0.1312,0.1312,2
ISTGNN_PeMS04_flow,14,0.1415,0.1180;0.1350,0.1315,0.1312,3
ISTGNN_PeMS04_flow,15,0.1406,0.1199;0.1341,0.1315,0.1312,4
ISTGNN_PeMS04_flow,16,0.1405,0.1179;0.1336,0.1307,0.1307,0
ISTGNN_PeMS04_flow,17,0.1405,0.1187;0.1351,0.1314,0.1307,1
ISTGNN_PeMS04_flow,18,0.1415,0.1178;0.1334,0.1309,0.1307,2
ISTGNN_PeMS04_flow,19,0.1408,0.1176;0.1360,0.1315,0.1307,3
ISTGNN_PeMS04_flow,20,0.1422,0.1174;0.1338,0.1311,0.1307,4
ISTGNN_PeMS04_flow,21,0.1409,0.1174;0.1343,0.1309,0.1307,5
ISTGNN_PeMS04_flow,22,0.1411,0.1177;0.1338,0.1309,0.1307,6
ISTGNN_PeMS04_flow,23,0.1402,0.1177;0.1342,0.1307,0.1307,7
ISTGNN_PeMS04_flow,24,0.1410,0.1177;0.1334,0.1307,0.1307,8
ISTGNN_PeMS04_flow,25,0.1413,0.1172;0.1340,0.1308,0.1307,9
ISTGNN_PeMS04_flow,26,0.1412,0.1176;0.1335,0.1307,0.1307,10
ISTGNN_PeMS04_flow,27,0.1403,0.1172;0.1354,0.1309,0.1307,11
ISTGNN_PeMS04_flow,28,0.1404,0.1180;0.1338,0.1307,0.1307,12
ISTGNN_PeMS04_flow,29,0.1409,0.1174;0.1337,0.1307,0.1307,13
ISTGNN_PeMS04_flow,30,0.1400,0.1192;0.1332,0.1308,0.1307,14
ISTGNN_PeMS04_flow,31,0.1402,0.1185;0.1336,0.1308,0.1307,15
ISTGNN_PeMS04_flow,32,0.1399,0.1174;0.1342,0.1305,0.1305,0
ISTGNN_PeMS04_flow,33,0.1400,0.1198;0.1339,0.1312,0.1305,1
ISTGNN_PeMS04_flow,34,0.1400,0.1222;0.1334,0.1319,0.1305,2
ISTGNN_PeMS04_flow,35,0.1399,0.1182;0.1346,0.1309,0.1305,3
ISTGNN_PeMS04_flow,36,0.1448,0.1173;0.1331,0.1318,0.1305,4
ISTGNN_PeMS04_flow,37,0.1410,0.1169;0.1331,0.1303,0.1303,0
ISTGNN_PeMS04_flow,38,0.1406,0.1173;0.1346,0.1308,0.1303,1
ISTGNN_PeMS04_flow,39,0.1401,0.1175;0.1329,0.1302,0.1302,0
ISTGNN_PeMS04_flow,40,0.1399,0.1180;0.1329,0.1303,0.1302,1
ISTGNN_PeMS04_flow,41,0.1412,0.1170;0.1352,0.1311,0.1302,2
ISTGNN_PeMS04_flow,42,0.1404,0.1168;0.1327,0.1300,0.1300,0
ISTGNN_PeMS04_flow,43,0.1405,0.1176;0.1364,0.1315,0.1300,1
ISTGNN_PeMS04_flow,44,0.1399,0.1204;0.1333,0.1312,0.1300,2
ISTGNN_PeMS04_flow,45,0.1406,0.1171;0.1378,0.1318,0.1300,3
ISTGNN_PeMS04_flow,46,0.1398,0.1174;0.1335,0.1302,0.1300,4
ISTGNN_PeMS04_flow,47,0.1401,0.1171;0.1328,0.1300,0.1300,5
ISTGNN_PeMS04_flow,48,0.1398,0.1198;0.1332,0.1309,0.1300,6
ISTGNN_PeMS04_flow,49,0.1395,0.1197;0.1341,0.1311,0.1300,7
ISTGNN_PeMS04_flow,50,0.1405,0.1177;0.1330,0.1304,0.1300,8
ISTGNN_PeMS04_flow,51,0.1399,0.1168;0.1330,0.1299,0.1299,0
ISTGNN_PeMS04_flow,52,0.1415,0.1163;0.1326,0.1301,0.1299,1
ISTGNN_PeMS04_flow,53,0.1392,0.1183;0.1330,0.1302,0.1299,2
ISTGNN_PeMS04_flow,54,0.1393,0.1167;0.1330,0.1297,0.1297,0
ISTGNN_PeMS04_flow,55,0.1391,0.1178;0.1333,0.1301,0.1297,1
ISTGNN_PeMS04_flow,56,0.1397,0.1165;0.1333,0.1299,0.1297,2
ISTGNN_PeMS04_flow,57,0.1397,0.1183;0.1323,0.1301,0.1297,3
ISTGNN_PeMS04_flow,58,0.1395,0.1172;0.1332,0.1300,0.1297,4
ISTGNN_PeMS04_flow,59,0.1394,0.1176;0.1348,0.1306,0.1297,5
ISTGNN_PeMS04_flow,60,0.1415,0.1165;0.1335,0.1305,0.1297,6
ISTGNN_PeMS04_flow,61,0.1395,0.1185;0.1322,0.1301,0.1297,7
ISTGNN_PeMS04_flow,62,0.1395,0.1178;0.1334,0.1302,0.1297,8
ISTGNN_PeMS04_flow,63,0.1395,0.1165;0.1325,0.1295,0.1295,0
ISTGNN_PeMS04_flow,64,0.1392,0.1175;0.1335,0.1301,0.1295,1
ISTGNN_PeMS04_flow,65,0.1404,0.1170;0.1323,0.1299,0.1295,2
ISTGNN_PeMS04_flow,66,0.1391,0.1170;0.1320,0.1294,0.1294,0
ISTGNN_PeMS04_flow,67,0.1390,0.1161;0.1323,0.1291,0.1291,0
ISTGNN_PeMS04_flow,68,0.1392,0.1171;0.1324,0.1296,0.1291,1
ISTGNN_PeMS04_flow,69,0.1389,0.1166;0.1334,0.1296,0.1291,2
ISTGNN_PeMS04_flow,70,0.1401,0.1187;0.1327,0.1305,0.1291,3
ISTGNN_PeMS04_flow,71,0.1393,0.1168;0.1323,0.1295,0.1291,4
ISTGNN_PeMS04_flow,72,0.1408,0.1168;0.1327,0.1301,0.1291,5
ISTGNN_PeMS04_flow,73,0.1405,0.1172;0.1319,0.1299,0.1291,6
ISTGNN_PeMS04_flow,74,0.1401,0.1164;0.1323,0.1296,0.1291,7
ISTGNN_PeMS04_flow,75,0.1393,0.1169;0.1335,0.1299,0.1291,8
ISTGNN_PeMS04_flow,76,0.1388,0.1159;0.1320,0.1289,0.1289,0
ISTGNN_PeMS04_flow,77,0.1387,0.1169;0.1327,0.1294,0.1289,1
ISTGNN_PeMS04_flow,78,0.1400,0.1180;0.1318,0.1299,0.1289,2
ISTGNN_PeMS04_flow,79,0.1393,0.1161;0.1319,0.1291,0.1289,3
ISTGNN_PeMS04_flow,80,0.1404,0.1167;0.1337,0.1302,0.1289,4
ISTGNN_PeMS04_flow,81,0.1393,0.1162;0.1326,0.1294,0.1289,5
ISTGNN_PeMS04_flow,82,0.1388,0.1160;0.1322,0.1290,0.1289,6
ISTGNN_PeMS04_flow,83,0.1391,0.1166;0.1323,0.1293,0.1289,7
ISTGNN_PeMS04_flow,84,0.1389,0.1170;0.1326,0.1295,0.1289,8
ISTGNN_PeMS04_flow,85,0.1396,0.1171;0.1326,0.1298,0.1289,9
ISTGNN_PeMS04_flow,86,0.1395,0.1158;0.1321,0.1291,0.1289,10
ISTGNN_PeMS04_flow,87,0.1387,0.1159;0.1318,0.1288,0.1289,11
ISTGNN_PeMS04_flow,88,0.1393,0.1167;0.1328,0.1296,0.1289,12
ISTGNN_PeMS04_flow,89,0.1391,0.1162;0.1319,0.1291,0.1289,13
ISTGNN_PeMS04_flow,90,0.1391,0.1162;0.1320,0.1291,0.1289,14
ISTGNN_PeMS04_flow,91,0.1391,0.1170;0.1326,0.1296,0.1289,15
ISTGNN_PeMS04_flow,92,0.1389,0.1163;0.1323,0.1292,0.1289,16
ISTGNN_PeMS04_flow,93,0.1385,0.1169;0.1320,0.1292,0.1289,17
ISTGNN_PeMS04_flow,94,0.1388,0.1159;0.1328,0.1292,0.1289,18
ISTGNN_PeMS04_flow,95,0.1392,0.1161;0.1319,0.1291,0.1289,19
ISTGNN_PeMS04_flow,96,0.1386,0.1170;0.1317,0.1291,0.1289,20
ISTGNN_PeMS04_flow,97,0.1389,0.1160;0.1346,0.1298,0.1289,21
ISTGNN_PeMS04_flow,98,0.1383,0.1166;0.1345,0.1298,0.1289,22
ISTGNN_PeMS04_flow,99,0.1389,0.1158;0.1317,0.1288,0.1288,0
ISTGNN_PeMS04_flow,100,0.1400,0.1172;0.1327,0.1300,0.1288,1
ISTGNN_PeMS04_flow,101,0.1386,0.1159;0.1335,0.1293,0.1288,2
ISTGNN_PeMS04_flow,102,0.1383,0.1161;0.1340,0.1295,0.1288,3
ISTGNN_PeMS04_flow,103,0.1390,0.1160;0.1324,0.1291,0.1288,4
ISTGNN_PeMS04_flow,104,0.1410,0.1165;0.1328,0.1301,0.1288,5
ISTGNN_PeMS04_flow,105,0.1399,0.1163;0.1320,0.1294,0.1288,6
ISTGNN_PeMS04_flow,106,0.1398,0.1164;0.1330,0.1297,0.1288,7
ISTGNN_PeMS04_flow,107,0.1392,0.1167;0.1323,0.1294,0.1288,8
ISTGNN_PeMS04_flow,108,0.1386,0.1161;0.1342,0.1296,0.1288,9
ISTGNN_PeMS04_flow,109,0.1401,0.1168;0.1315,0.1294,0.1288,10
ISTGNN_PeMS04_flow,110,0.1409,0.1160;0.1340,0.1303,0.1288,11
ISTGNN_PeMS04_flow,111,0.1384,0.1157;0.1323,0.1288,0.1288,12
ISTGNN_PeMS04_flow,112,0.1399,0.1161;0.1316,0.1292,0.1288,13
ISTGNN_PeMS04_flow,113,0.1394,0.1169;0.1314,0.1292,0.1288,14
ISTGNN_PeMS04_flow,114,0.1385,0.1168;0.1316,0.1290,0.1288,15
ISTGNN_PeMS04_flow,115,0.1386,0.1156;0.1312,0.1285,0.1285,0
ISTGNN_PeMS04_flow,116,0.1390,0.1163;0.1331,0.1295,0.1285,1
ISTGNN_PeMS04_flow,117,0.1390,0.1168;0.1316,0.1291,0.1285,2
ISTGNN_PeMS04_flow,118,0.1388,0.1156;0.1318,0.1287,0.1285,3
ISTGNN_PeMS04_flow,119,0.1386,0.1162;0.1313,0.1287,0.1285,4
ISTGNN_PeMS04_flow,120,0.1393,0.1156;0.1314,0.1287,0.1285,5
ISTGNN_PeMS04_flow,121,0.1385,0.1163;0.1318,0.1288,0.1285,6
ISTGNN_PeMS04_flow,122,0.1400,0.1158;0.1327,0.1295,0.1285,7
ISTGNN_PeMS04_flow,123,0.1382,0.1169;0.1318,0.1290,0.1285,8
ISTGNN_PeMS04_flow,124,0.1382,0.1169;0.1317,0.1289,0.1285,9
ISTGNN_PeMS04_flow,125,0.1390,0.1155;0.1312,0.1285,0.1285,10
ISTGNN_PeMS04_flow,126,0.1401,0.1155;0.1313,0.1290,0.1285,11
ISTGNN_PeMS04_flow,127,0.1392,0.1152;0.1324,0.1289,0.1285,12
ISTGNN_PeMS04_flow,128,0.1388,0.1151;0.1343,0.1294,0.1285,13
ISTGNN_PeMS04_flow,129,0.1385,0.1169;0.1331,0.1295,0.1285,14
ISTGNN_PeMS04_flow,130,0.1383,0.1182;0.1311,0.1292,0.1285,15
ISTGNN_PeMS04_flow,131,0.1388,0.1155;0.1311,0.1285,0.1285,16
ISTGNN_PeMS04_flow,132,0.1394,0.1155;0.1311,0.1287,0.1285,17
ISTGNN_PeMS04_flow,133,0.1389,0.1159;0.1314,0.1287,0.1285,18
ISTGNN_PeMS04_flow,134,0.1382,0.1163;0.1320,0.1288,0.1285,19
ISTGNN_PeMS04_flow,135,0.1387,0.1157;0.1315,0.1287,0.1285,20
ISTGNN_PeMS04_flow,136,0.1393,0.1156;0.1311,0.1287,0.1285,21
ISTGNN_PeMS04_flow,137,0.1389,0.1155;0.1320,0.1288,0.1285,22
ISTGNN_PeMS04_flow,138,0.1388,0.1151;0.1309,0.1283,0.1283,0
ISTGNN_PeMS04_flow,139,0.1385,0.1175;0.1326,0.1295,0.1283,1
ISTGNN_PeMS04_flow,140,0.1387,0.1158;0.1313,0.1286,0.1283,2
ISTGNN_PeMS04_flow,141,0.1400,0.1162;0.1308,0.1290,0.1283,3
ISTGNN_PeMS04_flow,142,0.1405,0.1160;0.1311,0.1292,0.1283,4
ISTGNN_PeMS04_flow,143,0.1390,0.1154;0.1317,0.1287,0.1283,5
ISTGNN_PeMS04_flow,144,0.1386,0.1152;0.1311,0.1283,0.1283,6
ISTGNN_PeMS04_flow,145,0.1378,0.1155;0.1308,0.1280,0.1280,0
ISTGNN_PeMS04_flow,146,0.1380,0.1159;0.1337,0.1292,0.1280,1
ISTGNN_PeMS04_flow,147,0.1388,0.1162;0.1308,0.1286,0.1280,2
ISTGNN_PeMS04_flow,148,0.1379,0.1159;0.1325,0.1288,0.1280,3
ISTGNN_PeMS04_flow,149,0.1385,0.1154;0.1307,0.1282,0.1280,4
ISTGNN_PeMS04_flow,150,0.1382,0.1154;0.1312,0.1282,0.1280,5
ISTGNN_PeMS04_flow,151,0.1387,0.1164;0.1330,0.1294,0.1280,6
ISTGNN_PeMS04_flow,152,0.1380,0.1161;0.1313,0.1285,0.1280,7
ISTGNN_PeMS04_flow,153,0.1377,0.1166;0.1325,0.1289,0.1280,8
ISTGNN_PeMS04_flow,154,0.1381,0.1152;0.1315,0.1283,0.1280,9
ISTGNN_PeMS04_flow,155,0.1386,0.1155;0.1307,0.1282,0.1280,10
ISTGNN_PeMS04_flow,156,0.1383,0.1150;0.1313,0.1282,0.1280,11
ISTGNN_PeMS04_flow,157,0.1389,0.1161;0.1308,0.1286,0.1280,12
ISTGNN_PeMS04_flow,158,0.1382,0.1148;0.1309,0.1280,0.1280,13
ISTGNN_PeMS04_flow,159,0.1378,0.1153;0.1320,0.1284,0.1280,14
ISTGNN_PeMS04_flow,160,0.1383,0.1151;0.1318,0.1284,0.1280,15
ISTGNN_PeMS04_flow,161,0.1387,0.1166;0.1315,0.1289,0.1280,16
ISTGNN_PeMS04_flow,162,0.1380,0.1164;0.1331,0.1291,0.1280,17
ISTGNN_PeMS04_flow,163,0.1377,0.1153;0.1307,0.1279,0.1279,0
ISTGNN_PeMS04_flow,164,0.1383,0.1152;0.1311,0.1282,0.1279,1
ISTGNN_PeMS04_flow,165,0.1394,0.1151;0.1309,0.1284,0.1279,2
ISTGNN_PeMS04_flow,166,0.1397,0.1153;0.1309,0.1286,0.1279,3
ISTGNN_PeMS04_flow,167,0.1381,0.1154;0.1313,0.1283,0.1279,4
ISTGNN_PeMS04_flow,168,0.1385,0.1150;0.1323,0.1286,0.1279,5
ISTGNN_PeMS04_flow,169,0.1389,0.1160;0.1312,0.1287,0.1279,6
ISTGNN_PeMS04_flow,170,0.1377,0.1160;0.1309,0.1282,0.1279,7
ISTGNN_PeMS04_flow,171,0.1386,0.1148;0.1305,0.1280,0.1279,8
ISTGNN_PeMS04_flow,172,0.1390,0.1150;0.1319,0.1286,0.1279,9
ISTGNN_PeMS04_flow,173,0.1383,0.1150;0.1307,0.1280,0.1279,10
ISTGNN_PeMS04_flow,174,0.1386,0.1148;0.1315,0.1283,0.1279,11
ISTGNN_PeMS04_flow,175,0.1377,0.1156;0.1314,0.1282,0.1279,12
ISTGNN_PeMS04_flow,176,0.1376,0.1149;0.1345,0.1290,0.1279,13
ISTGNN_PeMS04_flow,177,0.1389,0.1151;0.1317,0.1286,0.1279,14
ISTGNN_PeMS04_flow,178,0.1385,0.1174;0.1315,0.1292,0.1279,15
ISTGNN_PeMS04_flow,179,0.1380,0.1150;0.1314,0.1281,0.1279,16
ISTGNN_PeMS04_flow,180,0.1379,0.1153;0.1310,0.1281,0.1279,17
ISTGNN_PeMS04_flow,181,0.1380,0.1147;0.1303,0.1276,0.1276,0
ISTGNN_PeMS04_flow,182,0.1384,0.1147;0.1312,0.1281,0.1276,1
ISTGNN_PeMS04_flow,183,0.1381,0.1158;0.1308,0.1282,0.1276,2
ISTGNN_PeMS04_flow,184,0.1382,0.1156;0.1317,0.1285,0.1276,3
ISTGNN_PeMS04_flow,185,0.1374,0.1157;0.1313,0.1281,0.1276,4
ISTGNN_PeMS04_flow,186,0.1376,0.1150;0.1313,0.1279,0.1276,5
ISTGNN_PeMS04_flow,187,0.1377,0.1153;0.1306,0.1279,0.1276,6
ISTGNN_PeMS04_flow,188,0.1376,0.1158;0.1307,0.1280,0.1276,7
ISTGNN_PeMS04_flow,189,0.1383,0.1148;0.1312,0.1281,0.1276,8
ISTGNN_PeMS04_flow,190,0.1384,0.1147;0.1306,0.1279,0.1276,9
ISTGNN_PeMS04_flow,191,0.1380,0.1153;0.1307,0.1280,0.1276,10
ISTGNN_PeMS04_flow,192,0.1374,0.1148;0.1326,0.1283,0.1276,11
ISTGNN_PeMS04_flow,193,0.1379,0.1146;0.1306,0.1277,0.1276,12
ISTGNN_PeMS04_flow,194,0.1391,0.1152;0.1316,0.1286,0.1276,13
ISTGNN_PeMS04_flow,195,0.1385,0.1150;0.1304,0.1280,0.1276,14
ISTGNN_PeMS04_flow,196,0.1375,0.1146;0.1329,0.1284,0.1276,15
ISTGNN_PeMS04_flow,197,0.1379,0.1145;0.1317,0.1280,0.1276,16
ISTGNN_PeMS04_flow,198,0.1379,0.1159;0.1307,0.1282,0.1276,17
ISTGNN_PeMS04_flow,199,0.1376,0.1148;0.1310,0.1278,0.1276,18
ISTGNN_PeMS04_flow,200,0.1375,0.1156;0.1303,0.1278,0.1276,19
ISTGNN_PeMS04_flow,201,0.1380,0.1157;0.1306,0.1281,0.1276,20
ISTGNN_PeMS04_flow,202,0.1377,0.1152;0.1304,0.1278,0.1276,21
ISTGNN_PeMS04_flow,203,0.1376,0.1150;0.1314,0.1280,0.1276,22
ISTGNN_PeMS04_flow,204,0.1386,0.1145;0.1307,0.1279,0.1276,23
ISTGNN_PeMS04_flow,205,0.1378,0.1162;0.1310,0.1284,0.1276,24
ISTGNN_PeMS04_flow,206,0.1395,0.1147;0.1319,0.1287,0.1276,25
ISTGNN_PeMS04_flow,207,0.1385,0.1147;0.1309,0.1280,0.1276,26
ISTGNN_PeMS04_flow,208,0.1379,0.1146;0.1306,0.1277,0.1276,27
ISTGNN_PeMS04_flow,209,0.1376,0.1148;0.1304,0.1276,0.1276,28
ISTGNN_PeMS04_flow,210,0.1377,0.1148;0.1305,0.1277,0.1276,29
ISTGNN_PeMS04_flow,211,0.1374,0.1158;0.1303,0.1278,0.1276,30
ISTGNN_PeMS04_flow,212,0.1374,0.1149;0.1302,0.1275,0.1275,0
ISTGNN_PeMS04_flow,213,0.1373,0.1157;0.1311,0.1280,0.1275,1
ISTGNN_PeMS04_flow,214,0.1373,0.1160;0.1309,0.1281,0.1275,2
ISTGNN_PeMS04_flow,215,0.1383,0.1148;0.1310,0.1280,0.1275,3
ISTGNN_PeMS04_flow,216,0.1378,0.1166;0.1338,0.1294,0.1275,4
ISTGNN_PeMS04_flow,217,0.1384,0.1152;0.1313,0.1283,0.1275,5
ISTGNN_PeMS04_flow,218,0.1372,0.1145;0.1316,0.1278,0.1275,6
ISTGNN_PeMS04_flow,219,0.1373,0.1157;0.1304,0.1278,0.1275,7
ISTGNN_PeMS04_flow,220,0.1372,0.1148;0.1306,0.1275,0.1275,8
ISTGNN_PeMS04_flow,221,0.1375,0.1146;0.1312,0.1277,0.1275,9
ISTGNN_PeMS04_flow,222,0.1377,0.1142;0.1308,0.1276,0.1275,10
ISTGNN_PeMS04_flow,223,0.1373,0.1139;0.1309,0.1273,0.1273,0
ISTGNN_PeMS04_flow,224,0.1374,0.1145;0.1306,0.1275,0.1273,1
ISTGNN_PeMS04_flow,225,0.1379,0.1161;0.1309,0.1283,0.1273,2
ISTGNN_PeMS04_flow,226,0.1376,0.1155;0.1314,0.1282,0.1273,3
ISTGNN_PeMS04_flow,227,0.1373,0.1151;0.1313,0.1279,0.1273,4
ISTGNN_PeMS04_flow,228,0.1376,0.1154;0.1307,0.1279,0.1273,5
ISTGNN_PeMS04_flow,229,0.1371,0.1148;0.1308,0.1276,0.1273,6
ISTGNN_PeMS04_flow,230,0.1372,0.1146;0.1309,0.1276,0.1273,7
ISTGNN_PeMS04_flow,231,0.1381,0.1155;0.1304,0.1280,0.1273,8
ISTGNN_PeMS04_flow,232,0.1377,0.1143;0.1306,0.1275,0.1273,9
ISTGNN_PeMS04_flow,233,0.1385,0.1146;0.1308,0.1280,0.1273,10
ISTGNN_PeMS04_flow,234,0.1395,0.1151;0.1307,0.1284,0.1273,11
ISTGNN_PeMS04_flow,235,0.1372,0.1141;0.1325,0.1279,0.1273,12
ISTGNN_PeMS04_flow,236,0.1376,0.1145;0.1301,0.1274,0.1273,13
ISTGNN_PeMS04_flow,237,0.1386,0.1145;0.1302,0.1278,0.1273,14
ISTGNN_PeMS04_flow,238,0.1380,0.1156;0.1300,0.1278,0.1273,15
ISTGNN_PeMS04_flow,239,0.1378,0.1151;0.1303,0.1277,0.1273,16
ISTGNN_PeMS04_flow,240,0.1371,0.1157;0.1304,0.1277,0.1273,17
ISTGNN_PeMS04_flow,241,0.1370,0.1142;0.1306,0.1273,0.1273,18
ISTGNN_PeMS04_flow,242,0.1374,0.1152;0.1307,0.1278,0.1273,19
ISTGNN_PeMS04_flow,243,0.1373,0.1149;0.1319,0.1281,0.1273,20
ISTGNN_PeMS04_flow,244,0.1372,0.1150;0.1308,0.1277,0.1273,21
ISTGNN_PeMS04_flow,245,0.1375,0.1152;0.1305,0.1277,0.1273,22
ISTGNN_PeMS04_flow,246,0.1383,0.1144;0.1312,0.1279,0.1273,23
ISTGNN_PeMS04_flow,247,0.1372,0.1142;0.1307,0.1274,0.1273,24
ISTGNN_PeMS04_flow,248,0.1370,0.1141;0.1312,0.1275,0.1273,25
ISTGNN_PeMS04_flow,249,0.1370,0.1145;0.1306,0.1274,0.1273,26
ISTGNN_PeMS04_flow,250,0.1382,0.1146;0.1311,0.1280,0.1273,27
ISTGNN_PeMS04_flow,251,0.1372,0.1145;0.1317,0.1278,0.1273,28
ISTGNN_PeMS04_flow,252,0.1373,0.1157;0.1302,0.1277,0.1273,29
ISTGNN_PeMS04_flow,253,0.1383,0.1139;0.1313,0.1279,0.1273,30
ISTGNN_PeMS04_flow,254,0.1378,0.1142;0.1303,0.1274,0.1273,31
ISTGNN_PeMS04_flow,255,0.1373,0.1143;0.1303,0.1273,0.1273,32
ISTGNN_PeMS04_flow,256,0.1373,0.1142;0.1301,0.1272,0.1272,0
ISTGNN_PeMS04_flow,257,0.1370,0.1143;0.1307,0.1273,0.1272,1
ISTGNN_PeMS04_flow,258,0.1367,0.1152;0.1302,0.1274,0.1272,2
ISTGNN_PeMS04_flow,259,0.1372,0.1176;0.1303,0.1284,0.1272,3
ISTGNN_PeMS04_flow,260,0.1375,0.1149;0.1303,0.1276,0.1272,4
ISTGNN_PeMS04_flow,261,0.1368,0.1142;0.1309,0.1273,0.1272,5
ISTGNN_PeMS04_flow,262,0.1372,0.1146;0.1308,0.1275,0.1272,6
ISTGNN_PeMS04_flow,263,0.1370,0.1142;0.1301,0.1271,0.1271,0
ISTGNN_PeMS04_flow,264,0.1378,0.1146;0.1305,0.1276,0.1271,1
ISTGNN_PeMS04_flow,265,0.1374,0.1144;0.1304,0.1274,0.1271,2
ISTGNN_PeMS04_flow,266,0.1372,0.1141;0.1310,0.1274,0.1271,3
ISTGNN_PeMS04_flow,267,0.1370,0.1143;0.1302,0.1272,0.1271,4
ISTGNN_PeMS04_flow,268,0.1368,0.1157;0.1308,0.1277,0.1271,5
ISTGNN_PeMS04_flow,269,0.1367,0.1158;0.1299,0.1274,0.1271,6
ISTGNN_PeMS04_flow,270,0.1370,0.1142;0.1304,0.1272,0.1271,7
ISTGNN_PeMS04_flow,271,0.1373,0.1170;0.1309,0.1284,0.1271,8
ISTGNN_PeMS04_flow,272,0.1370,0.1141;0.1314,0.1275,0.1271,9
ISTGNN_PeMS04_flow,273,0.1372,0.1142;0.1301,0.1272,0.1271,10
ISTGNN_PeMS04_flow,274,0.1368,0.1140;0.1303,0.1270,0.1271,11
ISTGNN_PeMS04_flow,275,0.1378,0.1146;0.1303,0.1276,0.1271,12
ISTGNN_PeMS04_flow,276,0.1374,0.1144;0.1303,0.1274,0.1271,13
ISTGNN_PeMS04_flow,277,0.1384,0.1144;0.1305,0.1278,0.1271,14
ISTGNN_PeMS04_flow,278,0.1376,0.1147;0.1302,0.1275,0.1271,15
ISTGNN_PeMS04_flow,279,0.1380,0.1136;0.1304,0.1274,0.1271,16
ISTGNN_PeMS04_flow,280,0.1390,0.1154;0.1303,0.1282,0.1271,17
ISTGNN_PeMS04_flow,281,0.1381,0.1138;0.1309,0.1276,0.1271,18
ISTGNN_PeMS04_flow,282,0.1373,0.1148;0.1304,0.1275,0.1271,19
ISTGNN_PeMS04_flow,283,0.1369,0.1139;0.1315,0.1275,0.1271,20
ISTGNN_PeMS04_flow,284,0.1374,0.1149;0.1316,0.1280,0.1271,21
ISTGNN_PeMS04_flow,285,0.1370,0.1140;0.1297,0.1269,0.1269,0
ISTGNN_PeMS04_flow,286,0.1369,0.1140;0.1299,0.1269,0.1269,1
ISTGNN_PeMS04_flow,287,0.1365,0.1136;0.1301,0.1268,0.1268,0
ISTGNN_PeMS04_flow,288,0.1370,0.1139;0.1309,0.1273,0.1268,1
ISTGNN_PeMS04_flow,289,0.1367,0.1141;0.1300,0.1269,0.1268,2
ISTGNN_PeMS04_flow,290,0.1367,0.1138;0.1301,0.1269,0.1268,3
ISTGNN_PeMS04_flow,291,0.1387,0.1139;0.1309,0.1278,0.1268,4
ISTGNN_PeMS04_flow,292,0.1367,0.1137;0.1300,0.1268,0.1268,5
ISTGNN_PeMS04_flow,293,0.1369,0.1170;0.1309,0.1283,0.1268,6
ISTGNN_PeMS04_flow,294,0.1374,0.1161;0.1311,0.1282,0.1268,7
ISTGNN_PeMS04_flow,295,0.1370,0.1157;0.1305,0.1277,0.1268,8
ISTGNN_PeMS04_flow,296,0.1371,0.1139;0.1302,0.1271,0.1268,9
ISTGNN_PeMS04_flow,297,0.1371,0.1140;0.1309,0.1273,0.1268,10
ISTGNN_PeMS04_flow,298,0.1374,0.1141;0.1308,0.1275,0.1268,11
ISTGNN_PeMS04_flow,299,0.1371,0.1137;0.1299,0.1269,0.1268,12
ISTGNN_PeMS04_flow,300,0.1377,0.1139;0.1306,0.1274,0.1268,13
ISTGNN_PeMS04_flow,301,0.1368,0.1139;0.1299,0.1269,0.1268,14
ISTGNN_PeMS04_flow,302,0.1371,0.1140;0.1301,0.1271,0.1268,15
ISTGNN_PeMS04_flow,303,0.1371,0.1143;0.1298,0.1271,0.1268,16
ISTGNN_PeMS04_flow,304,0.1367,0.1141;0.1303,0.1270,0.1268,17
ISTGNN_PeMS04_flow,305,0.1372,0.1142;0.1313,0.1276,0.1268,18
ISTGNN_PeMS04_flow,306,0.1370,0.1147;0.1304,0.1274,0.1268,19
ISTGNN_PeMS04_flow,307,0.1376,0.1142;0.1304,0.1274,0.1268,20
ISTGNN_PeMS04_flow,308,0.1372,0.1137;0.1298,0.1269,0.1268,21
ISTGNN_PeMS04_flow,309,0.1365,0.1144;0.1314,0.1275,0.1268,22
ISTGNN_PeMS04_flow,310,0.1368,0.1142;0.1307,0.1273,0.1268,23
ISTGNN_PeMS04_flow,311,0.1366,0.1147;0.1307,0.1273,0.1268,24
ISTGNN_PeMS04_flow,312,0.1392,0.1143;0.1312,0.1282,0.1268,25
ISTGNN_PeMS04_flow,313,0.1368,0.1138;0.1308,0.1271,0.1268,26
ISTGNN_PeMS04_flow,314,0.1375,0.1139;0.1313,0.1276,0.1268,27
ISTGNN_PeMS04_flow,315,0.1374,0.1136;0.1310,0.1274,0.1268,28
ISTGNN_PeMS04_flow,316,0.1366,0.1139;0.1310,0.1272,0.1268,29
ISTGNN_PeMS04_flow,317,0.1378,0.1136;0.1307,0.1274,0.1268,30
ISTGNN_PeMS04_flow,318,0.1372,0.1139;0.1312,0.1274,0.1268,31
ISTGNN_PeMS04_flow,319,0.1376,0.1136;0.1302,0.1271,0.1268,32
ISTGNN_PeMS04_flow,320,0.1369,0.1139;0.1299,0.1269,0.1268,33
ISTGNN_PeMS04_flow,321,0.1367,0.1138;0.1302,0.1269,0.1268,34
ISTGNN_PeMS04_flow,322,0.1386,0.1141;0.1310,0.1279,0.1268,35
ISTGNN_PeMS04_flow,323,0.1371,0.1144;0.1298,0.1271,0.1268,36
ISTGNN_PeMS04_flow,324,0.1371,0.1147;0.1302,0.1273,0.1268,37
ISTGNN_PeMS04_flow,325,0.1370,0.1136;0.1298,0.1268,0.1268,38
ISTGNN_PeMS04_flow,326,0.1372,0.1140;0.1305,0.1272,0.1268,39
ISTGNN_PeMS04_flow,327,0.1370,0.1137;0.1307,0.1271,0.1268,40
ISTGNN_PeMS04_flow,328,0.1373,0.1137;0.1304,0.1271,0.1268,41
ISTGNN_PeMS04_flow,329,0.1369,0.1139;0.1298,0.1269,0.1268,42
ISTGNN_PeMS04_flow,330,0.1368,0.1136;0.1303,0.1269,0.1268,43
ISTGNN_PeMS04_flow,331,0.1370,0.1143;0.1301,0.1271,0.1268,44
ISTGNN_PeMS04_flow,332,0.1369,0.1143;0.1310,0.1274,0.1268,45
ISTGNN_PeMS04_flow,333,0.1366,0.1140;0.1304,0.1270,0.1268,46
ISTGNN_PeMS04_flow,334,0.1369,0.1142;0.1298,0.1270,0.1268,47
ISTGNN_PeMS04_flow,335,0.1378,0.1140;0.1297,0.1272,0.1268,48
ISTGNN_PeMS04_flow,336,0.1373,0.1143;0.1306,0.1274,0.1268,49
ISTGNN_PeMS04_flow,337,0.1366,0.1140;0.1303,0.1270,0.1268,50
ISTGNN_PeMS03_flow,1,0.1082,0.1069;0.1093,0.1081,0.1081,0
ISTGNN_PeMS03_flow,2,0.1065,0.1118;0.1087,0.1090,0.1081,1
ISTGNN_PeMS03_flow,3,0.1085,0.1070;0.1088,0.1081,0.1081,2
ISTGNN_PeMS03_flow,4,0.1090,0.1066;0.1100,0.1085,0.1081,3
ISTGNN_PeMS03_flow,5,0.1063,0.1077;0.1083,0.1074,0.1074,0
ISTGNN_PeMS03_flow,6,0.1074,0.1065;0.1083,0.1074,0.1074,1
ISTGNN_PeMS03_flow,7,0.1072,0.1060;0.1088,0.1073,0.1074,2
ISTGNN_PeMS03_flow,8,0.1059,0.1079;0.1078,0.1072,0.1072,0
ISTGNN_PeMS03_flow,9,0.1072,0.1058;0.1085,0.1072,0.1072,1
ISTGNN_PeMS03_flow,10,0.1059,0.1076;0.1084,0.1073,0.1072,2
ISTGNN_PeMS03_flow,11,0.1069,0.1051;0.1078,0.1066,0.1066,0
ISTGNN_PeMS03_flow,12,0.1061,0.1049;0.1081,0.1064,0.1064,0
ISTGNN_PeMS03_flow,13,0.1054,0.1045;0.1072,0.1057,0.1057,0
ISTGNN_PeMS03_flow,14,0.1059,0.1046;0.1069,0.1058,0.1057,1
ISTGNN_PeMS03_flow,15,0.1054,0.1046;0.1114,0.1071,0.1057,2
ISTGNN_PeMS03_flow,16,0.1056,0.1047;0.1082,0.1062,0.1057,3
ISTGNN_PeMS03_flow,17,0.1076,0.1049;0.1111,0.1078,0.1057,4
ISTGNN_PeMS03_flow,18,0.1048,0.1062;0.1112,0.1074,0.1057,5
ISTGNN_PeMS03_flow,19,0.1091,0.1041;0.1074,0.1069,0.1057,6
ISTGNN_PeMS03_flow,20,0.1051,0.1043;0.1068,0.1054,0.1054,0
ISTGNN_PeMS03_flow,21,0.1044,0.1045;0.1082,0.1057,0.1054,1
ISTGNN_PeMS03_flow,22,0.1058,0.1065;0.1066,0.1063,0.1054,2
ISTGNN_PeMS03_flow,23,0.1057,0.1048;0.1064,0.1056,0.1054,3
ISTGNN_PeMS03_flow,24,0.1049,0.1042;0.1083,0.1058,0.1054,4
ISTGNN_PeMS03_flow,25,0.1054,0.1053;0.1066,0.1058,0.1054,5
ISTGNN_PeMS03_flow,26,0.1041,0.1067;0.1075,0.1061,0.1054,6
ISTGNN_PeMS03_flow,27,0.1051,0.1040;0.1063,0.1051,0.1051,0
ISTGNN_PeMS03_flow,28,0.1044,0.1036;0.1076,0.1052,0.1051,1
ISTGNN_PeMS03_flow,29,0.1088,0.1042;0.1073,0.1068,0.1051,2
ISTGNN_PeMS03_flow,30,0.1092,0.1034;0.1064,0.1063,0.1051,3
ISTGNN_PeMS03_flow,31,0.1046,0.1034;0.1064,0.1048,0.1048,0
ISTGNN_PeMS03_flow,32,0.1063,0.1045;0.1056,0.1055,0.1048,1
ISTGNN_PeMS03_flow,33,0.1051,0.1039;0.1061,0.1050,0.1048,2
ISTGNN_PeMS03_flow,34,0.1039,0.1033;0.1071,0.1048,0.1048,3
ISTGNN_PeMS03_flow,35,0.1045,0.1033;0.1055,0.1044,0.1044,0
ISTGNN_PeMS03_flow,36,0.1052,0.1040;0.1057,0.1050,0.1044,1
ISTGNN_PeMS03_flow,37,0.1053,0.1035;0.1058,0.1049,0.1044,2
ISTGNN_PeMS03_flow,38,0.1038,0.1031;0.1053,0.1041,0.1041,0
ISTGNN_PeMS03_flow,39,0.1040,0.1031;0.1061,0.1044,0.1041,1
ISTGNN_PeMS03_flow,40,0.1046,0.1032;0.1054,0.1044,0.1041,2
ISTGNN_PeMS03_flow,41,0.1036,0.1032;0.1066,0.1045,0.1041,3
ISTGNN_PeMS03_flow,42,0.1041,0.1039;0.1060,0.1047,0.1041,4
ISTGNN_PeMS03_flow,43,0.1039,0.1047;0.1059,0.1048,0.1041,5
ISTGNN_PeMS03_flow,44,0.1035,0.1028;0.1060,0.1041,0.1041,6
ISTGNN_PeMS03_flow,45,0.1040,0.1041;0.1063,0.1048,0.1041,7
ISTGNN_PeMS03_flow,46,0.1070,0.1032;0.1060,0.1054,0.1041,8
ISTGNN_PeMS03_flow,47,0.1041,0.1025;0.1056,0.1041,0.1041,9
ISTGNN_PeMS03_flow,48,0.1036,0.1029;0.1057,0.1041,0.1041,10
ISTGNN_PeMS03_flow,49,0.1035,0.1027;0.1067,0.1043,0.1041,11
ISTGNN_PeMS03_flow,50,0.1040,0.1033;0.1060,0.1044,0.1041,12
ISTGNN_PeMS03_flow,51,0.1034,0.1031;0.1054,0.1040,0.1040,0
ISTGNN_PeMS03_flow,52,0.1055,0.1031;0.1075,0.1054,0.1040,1
ISTGNN_PeMS03_flow,53,0.1042,0.1039;0.1051,0.1044,0.1040,2
ISTGNN_PeMS03_flow,54,0.1043,0.1027;0.1067,0.1045,0.1040,3
ISTGNN_PeMS03_flow,55,0.1034,0.1033;0.1064,0.1044,0.1040,4
ISTGNN_PeMS03_flow,56,0.1033,0.1034;0.1051,0.1039,0.1040,5
ISTGNN_PeMS03_flow,57,0.1046,0.1029;0.1062,0.1046,0.1040,6
ISTGNN_PeMS03_flow,58,0.1039,0.1032;0.1051,0.1040,0.1040,7
ISTGNN_PeMS03_flow,59,0.1038,0.1029;0.1052,0.1040,0.1040,8
ISTGNN_PeMS03_flow,60,0.1039,0.1024;0.1064,0.1042,0.1040,9
ISTGNN_PeMS03_flow,61,0.1050,0.1028;0.1058,0.1046,0.1040,10
ISTGNN_PeMS03_flow,62,0.1042,0.1027;0.1057,0.1042,0.1040,11
ISTGNN_PeMS03_flow,63,0.1040,0.1023;0.1058,0.1040,0.1040,12
ISTGNN_PeMS03_flow,64,0.1035,0.1026;0.1067,0.1042,0.1040,13
ISTGNN_PeMS03_flow,65,0.1039,0.1028;0.1052,0.1039,0.1040,14
ISTGNN_PeMS03_flow,66,0.1042,0.1023;0.1061,0.1042,0.1040,15
ISTGNN_PeMS03_flow,67,0.1039,0.1030;0.1062,0.1044,0.1040,16
ISTGNN_PeMS03_flow,68,0.1035,0.1026;0.1048,0.1036,0.1036,0
ISTGNN_PeMS03_flow,69,0.1031,0.1024;0.1051,0.1035,0.1036,1
ISTGNN_PeMS03_flow,70,0.1038,0.1031;0.1047,0.1038,0.1036,2
ISTGNN_PeMS03_flow,71,0.1033,0.1034;0.1049,0.1039,0.1036,3
ISTGNN_PeMS03_flow,72,0.1031,0.1027;0.1065,0.1041,0.1036,4
ISTGNN_PeMS03_flow,73,0.1028,0.1026;0.1067,0.1040,0.1036,5
ISTGNN_PeMS03_flow,74,0.1028,0.1040;0.1048,0.1039,0.1036,6
ISTGNN_PeMS03_flow,75,0.1040,0.1022;0.1048,0.1037,0.1036,7
ISTGNN_PeMS03_flow,76,0.1034,0.1027;0.1057,0.1039,0.1036,8
ISTGNN_PeMS03_flow,77,0.1038,0.1027;0.1046,0.1037,0.1036,9
ISTGNN_PeMS03_flow,78,0.1045,0.1024;0.1050,0.1040,0.1036,10
ISTGNN_PeMS03_flow,79,0.1034,0.1030;0.1050,0.1038,0.1036,11
ISTGNN_PeMS03_flow,80,0.1030,0.1027;0.1055,0.1037,0.1036,12
ISTGNN_PeMS03_flow,81,0.1041,0.1023;0.1060,0.1041,0.1036,13
ISTGNN_PeMS03_flow,82,0.1032,0.1033;0.1050,0.1038,0.1036,14
ISTGNN_PeMS03_flow,83,0.1041,0.1025;0.1045,0.1037,0.1036,15
ISTGNN_PeMS03_flow,84,0.1029,0.1025;0.1050,0.1035,0.1035,0
ISTGNN_PeMS03_flow,85,0.1041,0.1026;0.1046,0.1038,0.1035,1
ISTGNN_PeMS03_flow,86,0.1044,0.1022;0.1053,0.1040,0.1035,2
ISTGNN_PeMS03_flow,87,0.1036,0.1024;0.1049,0.1037,0.1035,3
ISTGNN_PeMS03_flow,88,0.1031,0.1026;0.1053,0.1037,0.1035,4
ISTGNN_PeMS03_flow,89,0.1039,0.1020;0.1049,0.1036,0.1035,5
ISTGNN_PeMS03_flow,90,0.1028,0.1021;0.1050,0.1033,0.1033,0
ISTGNN_PeMS03_flow,91,0.1031,0.1026;0.1048,0.1035,0.1033,1
ISTGNN_PeMS03_flow,92,0.1030,0.1028;0.1046,0.1035,0.1033,2
ISTGNN_PeMS03_flow,93,0.1039,0.1025;0.1050,0.1038,0.1033,3
ISTGNN_PeMS03_flow,94,0.1039,0.1021;0.1062,0.1041,0.1033,4
ISTGNN_PeMS03_flow,95,0.1029,0.1025;0.1044,0.1033,0.1033,5
ISTGNN_PeMS03_flow,96,0.1032,0.1022;0.1050,0.1035,0.1033,6
ISTGNN_PeMS03_flow,97,0.1031,0.1018;0.1044,0.1031,0.1031,0
ISTGNN_PeMS03_flow,98,0.1030,0.1023;0.1048,0.1033,0.1031,1
ISTGNN_PeMS03_flow,99,0.1042,0.1022;0.1048,0.1037,0.1031,2
ISTGNN_PeMS03_flow,100,0.1030,0.1023;0.1051,0.1035,0.1031,3
ISTGNN_PeMS03_flow,101,0.1025,0.1023;0.1054,0.1034,0.1031,4
ISTGNN_PeMS03_flow,102,0.1028,0.1022;0.1048,0.1033,0.1031,5
ISTGNN_PeMS03_flow,103,0.1029,0.1018;0.1044,0.1030,0.1031,6
ISTGNN_PeMS03_flow,104,0.1026,0.1018;0.1049,0.1031,0.1031,7
ISTGNN_PeMS03_flow,105,0.1030,0.1032;0.1051,0.1038,0.1031,8
ISTGNN_PeMS03_flow,106,0.1030,0.1020;0.1045,0.1032,0.1031,9
ISTGNN_PeMS03_flow,107,0.1033,0.1018;0.1050,0.1034,0.1031,10
ISTGNN_PeMS03_flow,108,0.1025,0.1019;0.1046,0.1030,0.1031,11
ISTGNN_PeMS03_flow,109,0.1029,0.1026;0.1045,0.1033,0.1031,12
ISTGNN_PeMS03_flow,110,0.1026,0.1021;0.1044,0.1030,0.1031,13
ISTGNN_PeMS03_flow,111,0.1031,0.1029;0.1052,0.1037,0.1031,14
ISTGNN_PeMS03_flow,112,0.1030,0.1024;0.1051,0.1035,0.1031,15
ISTGNN_PeMS03_flow,113,0.1029,0.1022;0.1046,0.1032,0.1031,16
ISTGNN_PeMS03_flow,114,0.1030,0.1017;0.1046,0.1031,0.1031,17
ISTGNN_PeMS03_flow,115,0.1030,0.1025;0.1046,0.1034,0.1031,18
ISTGNN_PeMS03_flow,116,0.1025,0.1017;0.1057,0.1033,0.1031,19
ISTGNN_PeMS03_flow,117,0.1039,0.1021;0.1046,0.1035,0.1031,20
ISTGNN_PeMS03_flow,118,0.1027,0.1021;0.1048,0.1032,0.1031,21
ISTGNN_PeMS03_flow,119,0.1025,0.1026;0.1049,0.1033,0.1031,22
ISTGNN_PeMS03_flow,120,0.1025,0.1020;0.1049,0.1031,0.1031,23
ISTGNN_PeMS03_flow,121,0.1036,0.1022;0.1042,0.1034,0.1031,24
ISTGNN_PeMS03_flow,122,0.1030,0.1019;0.1043,0.1030,0.1031,25
ISTGNN_PeMS03_flow,123,0.1033,0.1020;0.1053,0.1035,0.1031,26
ISTGNN_PeMS03_flow,124,0.1032,0.1021;0.1044,0.1032,0.1031,27
ISTGNN_PeMS03_flow,125,0.1030,0.1020;0.1044,0.1032,0.1031,28
ISTGNN_PeMS03_flow,126,0.1027,0.1027;0.1042,0.1032,0.1031,29
ISTGNN_PeMS03_flow,127,0.1030,0.1022;0.1044,0.1032,0.1031,30
ISTGNN_PeMS03_flow,128,0.1037,0.1022;0.1042,0.1033,0.1031,31
ISTGNN_PeMS03_flow,129,0.1030,0.1018;0.1067,0.1039,0.1031,32
ISTGNN_PeMS03_flow,130,0.1028,0.1026;0.1045,0.1033,0.1031,33
ISTGNN_PeMS03_flow,131,0.1033,0.1018;0.1044,0.1032,0.1031,34
ISTGNN_PeMS03_flow,132,0.1028,0.1022;0.1042,0.1030,0.1031,35
ISTGNN_PeMS03_flow,133,0.1025,0.1018;0.1044,0.1029,0.1029,0
ISTGNN_PeMS03_flow,134,0.1029,0.1023;0.1056,0.1036,0.1029,1
ISTGNN_PeMS03_flow,135,0.1028,0.1019;0.1042,0.1030,0.1029,2
ISTGNN_PeMS03_flow,136,0.1049,0.1023;0.1050,0.1041,0.1029,3
ISTGNN_PeMS03_flow,137,0.1034,0.1020;0.1051,0.1035,0.1029,4
ISTGNN_PeMS03_flow,138,0.1026,0.1023;0.1044,0.1031,0.1029,5
ISTGNN_PeMS03_flow,139,0.1029,0.1035;0.1045,0.1036,0.1029,6
ISTGNN_PeMS03_flow,140,0.1030,0.1035;0.1043,0.1036,0.1029,7
ISTGNN_PeMS03_flow,141,0.1028,0.1019;0.1047,0.1031,0.1029,8
ISTGNN_PeMS03_flow,142,0.1026,0.1033;0.1042,0.1034,0.1029,9
ISTGNN_PeMS03_flow,143,0.1024,0.1022;0.1056,0.1034,0.1029,10
ISTGNN_PeMS03_flow,144,0.1028,0.1023;0.1042,0.1031,0.1029,11
ISTGNN_PeMS03_flow,145,0.1023,0.1018;0.1042,0.1028,0.1028,0
ISTGNN_PeMS03_flow,146,0.1038,0.1020;0.1043,0.1033,0.1028,1
ISTGNN_PeMS03_flow,147,0.1025,0.1031;0.1045,0.1034,0.1028,2
ISTGNN_PeMS03_flow,148,0.1032,0.1023;0.1048,0.1034,0.1028,3
ISTGNN_PeMS03_flow,149,0.1025,0.1025;0.1047,0.1032,0.1028,4
ISTGNN_PeMS03_flow,150,0.1025,0.1024;0.1051,0.1034,0.1028,5
ISTGNN_PeMS03_flow,151,0.1030,0.1019;0.1045,0.1032,0.1028,6
ISTGNN_PeMS03_flow,152,0.1025,0.1021;0.1046,0.1030,0.1028,7
ISTGNN_PeMS03_flow,153,0.1031,0.1017;0.1046,0.1032,0.1028,8
ISTGNN_PeMS03_flow,154,0.1031,0.1030;0.1045,0.1035,0.1028,9
ISTGNN_PeMS03_flow,155,0.1027,0.1018;0.1045,0.1030,0.1028,10
ISTGNN_PeMS03_flow,156,0.1027,0.1029;0.1042,0.1033,0.1028,11
ISTGNN_PeMS03_flow,157,0.1032,0.1024;0.1043,0.1033,0.1028,12
ISTGNN_PeMS03_flow,158,0.1026,0.1019;0.1044,0.1030,0.1028,13
ISTGNN_PeMS03_flow,159,0.1025,0.1022;0.1048,0.1032,0.1028,14
ISTGNN_PeMS03_flow,160,0.1026,0.1024;0.1045,0.1032,0.1028,15
ISTGNN_PeMS03_flow,161,0.1027,0.1024;0.1046,0.1032,0.1028,16
ISTGNN_PeMS03_flow,162,0.1027,0.1016;0.1046,0.1030,0.1028,17
ISTGNN_PeMS03_flow,163,0.1025,0.1018;0.1043,0.1029,0.1028,18
ISTGNN_PeMS03_flow,164,0.1025,0.1015;0.1052,0.1031,0.1028,19
ISTGNN_PeMS03_flow,165,0.1026,0.1019;0.1043,0.1029,0.1028,20
ISTGNN_PeMS03_flow,166,0.1028,0.1018;0.1049,0.1032,0.1028,21
ISTGNN_PeMS03_flow,167,0.1026,0.1020;0.1049,0.1032,0.1028,22
ISTGNN_PeMS03_flow,168,0.1024,0.1017;0.1042,0.1028,0.1028,23
ISTGNN_PeMS03_flow,169,0.1023,0.1017;0.1043,0.1028,0.1028,24
ISTGNN_PeMS03_flow,170,0.1032,0.1023;0.1044,0.1033,0.1028,25
ISTGNN_PeMS03_flow,171,0.1026,0.1027;0.1042,0.1032,0.1028,26
ISTGNN_PeMS03_flow,172,0.1027,0.1019;0.1049,0.1032,0.1028,27
ISTGNN_PeMS03_flow,173,0.1028,0.1016;0.1046,0.1030,0.1028,28
ISTGNN_PeMS03_flow,174,0.1025,0.1018;0.1043,0.1029,0.1028,29
ISTGNN_PeMS03_flow,175,0.1029,0.1022;0.1044,0.1032,0.1028,30
ISTGNN_PeMS03_flow,176,0.1026,0.1021;0.1041,0.1029,0.1028,31
ISTGNN_PeMS03_flow,177,0.1028,0.1017;0.1041,0.1029,0.1028,32
ISTGNN_PeMS03_flow,178,0.1026,0.1018;0.1043,0.1029,0.1028,33
ISTGNN_PeMS03_flow,179,0.1031,0.1027;0.1053,0.1037,0.1028,34
ISTGNN_PeMS03_flow,180,0.1035,0.1017;0.1046,0.1033,0.1028,35
ISTGNN_PeMS03_flow,181,0.1025,0.1022;0.1047,0.1031,0.1028,36
ISTGNN_PeMS03_flow,182,0.1027,0.1025;0.1042,0.1031,0.1028,37
ISTGNN_PeMS03_flow,183,0.1026,0.1018;0.1047,0.1030,0.1028,38
ISTGNN_PeMS03_flow,184,0.1024,0.1016;0.1050,0.1030,0.1028,39
ISTGNN_PeMS03_flow,185,0.1025,0.1026;0.1042,0.1031,0.1028,40
ISTGNN_PeMS03_flow,186,0.1025,0.1016;0.1042,0.1028,0.1028,41
ISTGNN_PeMS03_flow,187,0.1026,0.1018;0.1041,0.1028,0.1028,42
ISTGNN_PeMS03_flow,188,0.1040,0.1029;0.1059,0.1043,0.1028,43
ISTGNN_PeMS03_flow,189,0.1025,0.1027;0.1054,0.1035,0.1028,44
ISTGNN_PeMS03_flow,190,0.1024,0.1020;0.1045,0.1030,0.1028,45
ISTGNN_PeMS03_flow,191,0.1025,0.1023;0.1040,0.1029,0.1028,46
ISTGNN_PeMS03_flow,192,0.1025,0.1027;0.1048,0.1033,0.1028,47
ISTGNN_PeMS03_flow,193,0.1032,0.1015;0.1042,0.1030,0.1028,48
ISTGNN_PeMS03_flow,194,0.1033,0.1021;0.1048,0.1034,0.1028,49
ISTGNN_PeMS03_flow,195,0.1032,0.1019;0.1045,0.1032,0.1028,50
ISTGNN_PeMS03_speed,1,0.1385,0.1273;0.1436,0.1365,0.1365,0
ISTGNN_PeMS03_speed,2,0.1350,0.1262;0.1376,0.1330,0.1330,0
ISTGNN_PeMS03_speed,3,0.1368,0.1261;0.1354,0.1328,0.1328,0
ISTGNN_PeMS03_speed,4,0.1381,0.1305;0.1386,0.1357,0.1328,1
ISTGNN_PeMS03_speed,5,0.1340,0.1312;0.1381,0.1344,0.1328,2
ISTGNN_PeMS03_speed,6,0.1339,0.1276;0.1352,0.1322,0.1322,0
ISTGNN_PeMS03_speed,7,0.1352,0.1265;0.1364,0.1327,0.1322,1
ISTGNN_PeMS03_speed,8,0.1378,0.1257;0.1335,0.1323,0.1322,2
ISTGNN_PeMS03_speed,9,0.1376,0.1244;0.1372,0.1331,0.1322,3
ISTGNN_PeMS03_speed,10,0.1375,0.1276;0.1333,0.1328,0.1322,4
ISTGNN_PeMS03_speed,11,0.1373,0.1248;0.1365,0.1329,0.1322,5
ISTGNN_PeMS03_speed,12,0.1349,0.1243;0.1348,0.1313,0.1313,0
ISTGNN_PeMS03_speed,13,0.1345,0.1241;0.1332,0.1306,0.1306,0
ISTGNN_PeMS03_speed,14,0.1321,0.1265;0.1332,0.1306,0.1306,1
ISTGNN_PeMS03_speed,15,0.1330,0.1241;0.1345,0.1306,0.1306,2
ISTGNN_PeMS03_speed,16,0.1338,0.1233;0.1355,0.1309,0.1306,3
ISTGNN_PeMS03_speed,17,0.1326,0.1239;0.1351,0.1305,0.1305,0
ISTGNN_PeMS03_speed,18,0.1329,0.1255;0.1338,0.1307,0.1305,1
ISTGNN_PeMS03_speed,19,0.1344,0.1304;0.1360,0.1336,0.1305,2
ISTGNN_PeMS03_speed,20,0.1333,0.1241;0.1337,0.1304,0.1304,0
ISTGNN_PeMS03_speed,21,0.1331,0.1263;0.1334,0.1309,0.1304,1
ISTGNN_PeMS03_speed,22,0.1349,0.1251;0.1344,0.1315,0.1304,2
ISTGNN_PeMS03_speed,23,0.1350,0.1258;0.1329,0.1312,0.1304,3
ISTGNN_PeMS03_speed,24,0.1343,0.1248;0.1376,0.1322,0.1304,4
ISTGNN_PeMS03_speed,25,0.1330,0.1252;0.1323,0.1302,0.1302,0
ISTGNN_PeMS03_speed,26,0.1324,0.1251;0.1338,0.1304,0.1302,1
ISTGNN_PeMS03_speed,27,0.1336,0.1253;0.1340,0.1310,0.1302,2
ISTGNN_PeMS03_speed,28,0.1331,0.1256;0.1350,0.1312,0.1302,3
ISTGNN_PeMS03_speed,29,0.1329,0.1239;0.1336,0.1301,0.1302,4
ISTGNN_PeMS03_speed,30,0.1322,0.1235;0.1348,0.1301,0.1302,5
ISTGNN_PeMS03_speed,31,0.1342,0.1242;0.1331,0.1305,0.1302,6
ISTGNN_PeMS03_speed,32,0.1342,0.1236;0.1341,0.1306,0.1302,7
ISTGNN_PeMS03_speed,33,0.1331,0.1248;0.1351,0.1310,0.1302,8
ISTGNN_PeMS03_speed,34,0.1328,0.1242;0.1332,0.1301,0.1302,9
ISTGNN_PeMS03_speed,35,0.1334,0.1232;0.1337,0.1301,0.1302,10
ISTGNN_PeMS03_speed,36,0.1323,0.1237;0.1332,0.1298,0.1298,0
ISTGNN_PeMS03_speed,37,0.1315,0.1232;0.1332,0.1293,0.1293,0
ISTGNN_PeMS03_speed,38,0.1340,0.1228;0.1336,0.1301,0.1293,1
ISTGNN_PeMS03_speed,39,0.1344,0.1241;0.1348,0.1311,0.1293,2
ISTGNN_PeMS03_speed,40,0.1331,0.1232;0.1327,0.1297,0.1293,3
ISTGNN_PeMS03_speed,41,0.1343,0.1239;0.1329,0.1304,0.1293,4
ISTGNN_PeMS03_speed,42,0.1324,0.1232;0.1362,0.1306,0.1293,5
ISTGNN_PeMS03_speed,43,0.1315,0.1254;0.1325,0.1298,0.1293,6
ISTGNN_PeMS03_speed,44,0.1335,0.1252;0.1334,0.1307,0.1293,7
ISTGNN_PeMS03_speed,45,0.1342,0.1254;0.1349,0.1315,0.1293,8
ISTGNN_PeMS03_speed,46,0.1327,0.1276;0.1330,0.1311,0.1293,9
ISTGNN_PeMS03_speed,47,0.1321,0.1248;0.1325,0.1298,0.1293,10
ISTGNN_PeMS03_speed,48,0.1329,0.1238;0.1335,0.1301,0.1293,11
ISTGNN_PeMS03_speed,49,0.1327,0.1234;0.1325,0.1295,0.1293,12
ISTGNN_PeMS03_speed,50,0.1320,0.1245;0.1318,0.1295,0.1293,13
ISTGNN_PeMS03_speed,51,0.1334,0.1236;0.1345,0.1305,0.1293,14
ISTGNN_PeMS03_speed,52,0.1330,0.1229;0.1335,0.1298,0.1293,15
ISTGNN_PeMS03_speed,53,0.1322,0.1228;0.1334,0.1295,0.1293,16
ISTGNN_PeMS03_speed,54,0.1359,0.1236;0.1336,0.1310,0.1293,17
ISTGNN_PeMS03_speed,55,0.1356,0.1284;0.1331,0.1324,0.1293,18
ISTGNN_PeMS03_speed,56,0.1325,0.1234;0.1339,0.1299,0.1293,19
ISTGNN_PeMS03_speed,57,0.1322,0.1240;0.1335,0.1299,0.1293,20
ISTGNN_PeMS03_speed,58,0.1325,0.1265;0.1328,0.1306,0.1293,21
ISTGNN_PeMS03_speed,59,0.1317,0.1228;0.1331,0.1292,0.1293,22
ISTGNN_PeMS03_speed,60,0.1309,0.1229;0.1329,0.1289,0.1289,0
ISTGNN_PeMS03_speed,61,0.1341,0.1245;0.1330,0.1305,0.1289,1
ISTGNN_PeMS03_speed,62,0.1318,0.1241;0.1331,0.1296,0.1289,2
ISTGNN_PeMS03_speed,63,0.1318,0.1233;0.1321,0.1291,0.1289,3
ISTGNN_PeMS03_speed,64,0.1304,0.1248;0.1332,0.1294,0.1289,4
ISTGNN_PeMS03_speed,65,0.1321,0.1236;0.1341,0.1299,0.1289,5
ISTGNN_PeMS03_speed,66,0.1316,0.1234;0.1321,0.1290,0.1289,6
ISTGNN_PeMS03_speed,67,0.1343,0.1228;0.1327,0.1299,0.1289,7
ISTGNN_PeMS03_speed,68,0.1332,0.1244;0.1340,0.1305,0.1289,8
ISTGNN_PeMS03_speed,69,0.1311,0.1232;0.1320,0.1288,0.1288,0
ISTGNN_PeMS03_speed,70,0.1317,0.1240;0.1342,0.1300,0.1288,1
ISTGNN_PeMS03_speed,71,0.1313,0.1239;0.1337,0.1297,0.1288,2
ISTGNN_PeMS03_speed,72,0.1323,0.1242;0.1332,0.1299,0.1288,3
ISTGNN_PeMS03_speed,73,0.1314,0.1246;0.1359,0.1306,0.1288,4
ISTGNN_PeMS03_speed,74,0.1320,0.1247;0.1335,0.1300,0.1288,5
ISTGNN_PeMS03_speed,75,0.1325,0.1244;0.1334,0.1301,0.1288,6
ISTGNN_PeMS03_speed,76,0.1311,0.1229;0.1335,0.1292,0.1288,7
ISTGNN_PeMS03_speed,77,0.1330,0.1231;0.1324,0.1295,0.1288,8
ISTGNN_PeMS03_speed,78,0.1320,0.1254;0.1326,0.1300,0.1288,9
ISTGNN_PeMS03_speed,79,0.1315,0.1223;0.1336,0.1291,0.1288,10
ISTGNN_PeMS03_speed,80,0.1309,0.1224;0.1317,0.1284,0.1284,0
ISTGNN_PeMS03_speed,81,0.1316,0.1243;0.1330,0.1296,0.1284,1
ISTGNN_PeMS03_speed,82,0.1318,0.1228;0.1319,0.1288,0.1284,2
ISTGNN_PeMS03_speed,83,0.1318,0.1232;0.1336,0.1296,0.1284,3
ISTGNN_PeMS03_speed,84,0.1307,0.1235;0.1323,0.1288,0.1284,4
ISTGNN_PeMS03_speed,85,0.1316,0.1258;0.1324,0.1299,0.1284,5
ISTGNN_PeMS03_speed,86,0.1314,0.1232;0.1330,0.1292,0.1284,6
ISTGNN_PeMS03_speed,87,0.1316,0.1238;0.1337,0.1297,0.1284,7
ISTGNN_PeMS03_speed,88,0.1323,0.1236;0.1323,0.1294,0.1284,8
ISTGNN_PeMS03_speed,89,0.1317,0.1228;0.1341,0.1296,0.1284,9
ISTGNN_PeMS03_speed,90,0.1305,0.1222;0.1334,0.1287,0.1284,10
ISTGNN_PeMS03_speed,91,0.1317,0.1247;0.1331,0.1298,0.1284,11
ISTGNN_PeMS03_speed,92,0.1322,0.1233;0.1338,0.1298,0.1284,12
ISTGNN_PeMS03_speed,93,0.1307,0.1229;0.1337,0.1291,0.1284,13
ISTGNN_PeMS03_speed,94,0.1315,0.1230;0.1316,0.1287,0.1284,14
ISTGNN_PeMS03_speed,95,0.1316,0.1232;0.1323,0.1290,0.1284,15
ISTGNN_PeMS03_speed,96,0.1331,0.1234;0.1328,0.1298,0.1284,16
ISTGNN_PeMS03_speed,97,0.1305,0.1233;0.1318,0.1285,0.1284,17
ISTGNN_PeMS03_speed,98,0.1331,0.1243;0.1327,0.1300,0.1284,18
ISTGNN_PeMS03_speed,99,0.1312,0.1236;0.1318,0.1289,0.1284,19
ISTGNN_PeMS03_speed,100,0.1316,0.1244;0.1330,0.1297,0.1284,20
ISTGNN_PeMS03_speed,101,0.1316,0.1228;0.1320,0.1288,0.1284,21
ISTGNN_PeMS03_speed,102,0.1354,0.1243;0.1325,0.1307,0.1284,22
ISTGNN_PeMS03_speed,103,0.1336,0.1236;0.1336,0.1303,0.1284,23
ISTGNN_PeMS03_speed,104,0.1325,0.1238;0.1336,0.1300,0.1284,24
ISTGNN_PeMS03_speed,105,0.1330,0.1245;0.1325,0.1300,0.1284,25
ISTGNN_PeMS03_speed,106,0.1312,0.1235;0.1345,0.1297,0.1284,26
ISTGNN_PeMS03_speed,107,0.1311,0.1234;0.1334,0.1293,0.1284,27
ISTGNN_PeMS03_speed,108,0.1316,0.1238;0.1349,0.1301,0.1284,28
ISTGNN_PeMS03_speed,109,0.1324,0.1235;0.1323,0.1294,0.1284,29
ISTGNN_PeMS03_speed,110,0.1320,0.1228;0.1321,0.1290,0.1284,30
ISTGNN_PeMS03_speed,111,0.1331,0.1233;0.1323,0.1296,0.1284,31
ISTGNN_PeMS03_speed,112,0.1348,0.1235;0.1319,0.1301,0.1284,32
ISTGNN_PeMS03_speed,113,0.1318,0.1228;0.1328,0.1291,0.1284,33
ISTGNN_PeMS03_speed,114,0.1335,0.1242;0.1329,0.1302,0.1284,34
ISTGNN_PeMS03_speed,115,0.1319,0.1237;0.1323,0.1293,0.1284,35
ISTGNN_PeMS03_speed,116,0.1305,0.1230;0.1347,0.1294,0.1284,36
ISTGNN_PeMS03_speed,117,0.1319,0.1242;0.1328,0.1296,0.1284,37
ISTGNN_PeMS03_speed,118,0.1307,0.1236;0.1336,0.1293,0.1284,38
ISTGNN_PeMS03_speed,119,0.1319,0.1231;0.1317,0.1289,0.1284,39
ISTGNN_PeMS03_speed,120,0.1321,0.1261;0.1324,0.1302,0.1284,40
ISTGNN_PeMS03_speed,121,0.1315,0.1226;0.1320,0.1287,0.1284,41
ISTGNN_PeMS03_speed,122,0.1320,0.1227;0.1322,0.1290,0.1284,42
ISTGNN_PeMS03_speed,123,0.1311,0.1247;0.1317,0.1292,0.1284,43
ISTGNN_PeMS03_speed,124,0.1309,0.1238;0.1331,0.1293,0.1284,44
ISTGNN_PeMS03_speed,125,0.1320,0.1242;0.1325,0.1296,0.1284,45
ISTGNN_PeMS03_speed,126,0.1312,0.1229;0.1329,0.1290,0.1284,46
ISTGNN_PeMS03_speed,127,0.1318,0.1224;0.1319,0.1287,0.1284,47
ISTGNN_PeMS03_speed,128,0.1307,0.1245;0.1330,0.1294,0.1284,48
ISTGNN_PeMS03_speed,129,0.1309,0.1228;0.1327,0.1288,0.1284,49
ISTGNN_PeMS03_speed,130,0.1322,0.1243;0.1336,0.1300,0.1284,50
ISTGNN_PeMS03_occ,1,0.1428,0.1364;0.1450,0.1414,0.1414,0
ISTGNN_PeMS03_occ,2,0.1469,0.1360;0.1454,0.1428,0.1414,1
ISTGNN_PeMS03_occ,3,0.1419,0.1388;0.1420,0.1409,0.1409,0
ISTGNN_PeMS03_occ,4,0.1464,0.1364;0.1420,0.1416,0.1409,1
ISTGNN_PeMS03_occ,5,0.1416,0.1379;0.1434,0.1409,0.1409,2
ISTGNN_PeMS03_occ,6,0.1397,0.1369;0.1480,0.1415,0.1409,3
ISTGNN_PeMS03_occ,7,0.1402,0.1410;0.1441,0.1418,0.1409,4
ISTGNN_PeMS03_occ,8,0.1388,0.1362;0.1427,0.1392,0.1392,0
ISTGNN_PeMS03_occ,9,0.1387,0.1402;0.1396,0.1395,0.1392,1
ISTGNN_PeMS03_occ,10,0.1395,0.1352;0.1492,0.1413,0.1392,2
ISTGNN_PeMS03_occ,11,0.1409,0.1375;0.1441,0.1408,0.1392,3
ISTGNN_PeMS03_occ,12,0.1407,0.1359;0.1394,0.1387,0.1387,0
ISTGNN_PeMS03_occ,13,0.1403,0.1354;0.1388,0.1382,0.1382,0
ISTGNN_PeMS03_occ,14,0.1399,0.1380;0.1466,0.1415,0.1382,1
ISTGNN_PeMS03_occ,15,0.1412,0.1354;0.1392,0.1386,0.1382,2
ISTGNN_PeMS03_occ,16,0.1377,0.1347;0.1377,0.1367,0.1367,0
ISTGNN_PeMS03_occ,17,0.1394,0.1324;0.1384,0.1367,0.1367,1
ISTGNN_PeMS03_occ,18,0.1389,0.1332;0.1447,0.1390,0.1367,2
ISTGNN_PeMS03_occ,19,0.1391,0.1340;0.1381,0.1371,0.1367,3
ISTGNN_PeMS03_occ,20,0.1373,0.1327;0.1388,0.1363,0.1363,0
ISTGNN_PeMS03_occ,21,0.1381,0.1408;0.1380,0.1390,0.1363,1
ISTGNN_PeMS03_occ,22,0.1373,0.1357;0.1401,0.1377,0.1363,2
ISTGNN_PeMS03_occ,23,0.1390,0.1332;0.1407,0.1376,0.1363,3
ISTGNN_PeMS03_occ,24,0.1365,0.1330;0.1379,0.1358,0.1358,0
ISTGNN_PeMS03_occ,25,0.1383,0.1348;0.1382,0.1371,0.1358,1
ISTGNN_PeMS03_occ,26,0.1359,0.1342;0.1384,0.1362,0.1358,2
ISTGNN_PeMS03_occ,27,0.1376,0.1325;0.1384,0.1362,0.1358,3
ISTGNN_PeMS03_occ,28,0.1364,0.1337;0.1394,0.1365,0.1358,4
ISTGNN_PeMS03_occ,29,0.1377,0.1346;0.1398,0.1374,0.1358,5
ISTGNN_PeMS03_occ,30,0.1388,0.1317;0.1369,0.1358,0.1358,6
ISTGNN_PeMS03_occ,31,0.1365,0.1336;0.1369,0.1357,0.1357,0
ISTGNN_PeMS03_occ,32,0.1372,0.1320;0.1386,0.1359,0.1357,1
ISTGNN_PeMS03_occ,33,0.1365,0.1333;0.1371,0.1356,0.1357,2
ISTGNN_PeMS03_occ,34,0.1380,0.1357;0.1390,0.1376,0.1357,3
ISTGNN_PeMS03_occ,35,0.1358,0.1320;0.1380,0.1353,0.1353,0
ISTGNN_PeMS03_occ,36,0.1358,0.1370;0.1385,0.1371,0.1353,1
ISTGNN_PeMS03_occ,37,0.1361,0.1356;0.1377,0.1365,0.1353,2
ISTGNN_PeMS03_occ,38,0.1369,0.1323;0.1374,0.1355,0.1353,3
ISTGNN_PeMS03_occ,39,0.1379,0.1313;0.1384,0.1359,0.1353,4
ISTGNN_PeMS03_occ,40,0.1364,0.1323;0.1377,0.1355,0.1353,5
ISTGNN_PeMS03_occ,41,0.1384,0.1318;0.1364,0.1355,0.1353,6
ISTGNN_PeMS03_occ,42,0.1386,0.1327;0.1375,0.1363,0.1353,7
ISTGNN_PeMS03_occ,43,0.1364,0.1324;0.1370,0.1353,0.1353,8
ISTGNN_PeMS03_occ,44,0.1374,0.1328;0.1376,0.1359,0.1353,9
ISTGNN_PeMS03_occ,45,0.1362,0.1312;0.1368,0.1347,0.1347,0
ISTGNN_PeMS03_occ,46,0.1371,0.1315;0.1372,0.1353,0.1347,1
ISTGNN_PeMS03_occ,47,0.1366,0.1315;0.1374,0.1352,0.1347,2
ISTGNN_PeMS03_occ,48,0.1363,0.1316;0.1371,0.1350,0.1347,3
ISTGNN_PeMS03_occ,49,0.1362,0.1326;0.1373,0.1354,0.1347,4
ISTGNN_PeMS03_occ,50,0.1356,0.1314;0.1379,0.1350,0.1347,5
ISTGNN_PeMS03_occ,51,0.1390,0.1318;0.1374,0.1361,0.1347,6
ISTGNN_PeMS03_occ,52,0.1375,0.1311;0.1384,0.1357,0.1347,7
ISTGNN_PeMS03_occ,53,0.1388,0.1326;0.1365,0.1360,0.1347,8
ISTGNN_PeMS03_occ,54,0.1357,0.1311;0.1370,0.1346,0.1346,0
ISTGNN_PeMS03_occ,55,0.1368,0.1342;0.1370,0.1360,0.1346,1
ISTGNN_PeMS03_occ,56,0.1431,0.1322;0.1371,0.1375,0.1346,2
ISTGNN_PeMS03_occ,57,0.1364,0.1320;0.1380,0.1355,0.1346,3
ISTGNN_PeMS03_occ,58,0.1364,0.1329;0.1371,0.1355,0.1346,4
ISTGNN_PeMS03_occ,59,0.1371,0.1316;0.1368,0.1352,0.1346,5
ISTGNN_PeMS03_occ,60,0.1378,0.1313;0.1382,0.1358,0.1346,6
ISTGNN_PeMS03_occ,61,0.1369,0.1321;0.1368,0.1353,0.1346,7
ISTGNN_PeMS03_occ,62,0.1367,0.1322;0.1367,0.1352,0.1346,8
ISTGNN_PeMS03_occ,63,0.1381,0.1340;0.1405,0.1376,0.1346,9
ISTGNN_PeMS03_occ,64,0.1357,0.1318;0.1405,0.1360,0.1346,10
ISTGNN_PeMS03_occ,65,0.1359,0.1319;0.1387,0.1355,0.1346,11
ISTGNN_PeMS03_occ,66,0.1373,0.1320;0.1367,0.1354,0.1346,12
ISTGNN_PeMS03_occ,67,0.1376,0.1313;0.1366,0.1352,0.1346,13
ISTGNN_PeMS03_occ,68,0.1349,0.1322;0.1367,0.1346,0.1346,14
ISTGNN_PeMS03_occ,69,0.1359,0.1307;0.1362,0.1343,0.1343,0
ISTGNN_PeMS03_occ,70,0.1368,0.1322;0.1361,0.1350,0.1343,1
ISTGNN_PeMS03_occ,71,0.1359,0.1311;0.1365,0.1345,0.1343,2
ISTGNN_PeMS03_occ,72,0.1372,0.1316;0.1375,0.1354,0.1343,3
ISTGNN_PeMS03_occ,73,0.1355,0.1354;0.1371,0.1360,0.1343,4
ISTGNN_PeMS03_occ,74,0.1374,0.1322;0.1409,0.1368,0.1343,5
ISTGNN_PeMS03_occ,75,0.1349,0.1322;0.1373,0.1348,0.1343,6
ISTGNN_PeMS03_occ,76,0.1351,0.1311;0.1377,0.1346,0.1343,7
ISTGNN_PeMS03_occ,77,0.1350,0.1326;0.1363,0.1346,0.1343,8
ISTGNN_PeMS03_occ,78,0.1365,0.1310;0.1365,0.1347,0.1343,9
ISTGNN_PeMS03_occ,79,0.1361,0.1325;0.1405,0.1364,0.1343,10
ISTGNN_PeMS03_occ,80,0.1369,0.1313;0.1391,0.1358,0.1343,11
ISTGNN_PeMS03_occ,81,0.1353,0.1306;0.1372,0.1344,0.1343,12
ISTGNN_PeMS03_occ,82,0.1374,0.1316;0.1369,0.1353,0.1343,13
ISTGNN_PeMS03_occ,83,0.1355,0.1310;0.1378,0.1347,0.1343,14
ISTGNN_PeMS03_occ,84,0.1355,0.1327;0.1369,0.1350,0.1343,15
ISTGNN_PeMS03_occ,85,0.1358,0.1312;0.1374,0.1348,0.1343,16
ISTGNN_PeMS03_occ,86,0.1352,0.1320;0.1405,0.1359,0.1343,17
ISTGNN_PeMS03_occ,87,0.1363,0.1326;0.1362,0.1350,0.1343,18
ISTGNN_PeMS03_occ,88,0.1369,0.1347;0.1367,0.1361,0.1343,19
ISTGNN_PeMS03_occ,89,0.1352,0.1321;0.1361,0.1344,0.1343,20
ISTGNN_PeMS03_occ,90,0.1376,0.1318;0.1373,0.1355,0.1343,21
ISTGNN_PeMS03_occ,91,0.1369,0.1315;0.1360,0.1348,0.1343,22
ISTGNN_PeMS03_occ,92,0.1399,0.1317;0.1369,0.1362,0.1343,23
ISTGNN_PeMS03_occ,93,0.1363,0.1312;0.1361,0.1345,0.1343,24
ISTGNN_PeMS03_occ,94,0.1359,0.1317;0.1361,0.1346,0.1343,25
ISTGNN_PeMS03_occ,95,0.1361,0.1313;0.1385,0.1353,0.1343,26
ISTGNN_PeMS03_occ,96,0.1358,0.1331;0.1356,0.1348,0.1343,27
ISTGNN_PeMS03_occ,97,0.1366,0.1323;0.1363,0.1351,0.1343,28
ISTGNN_PeMS03_occ,98,0.1355,0.1315;0.1370,0.1347,0.1343,29
ISTGNN_PeMS03_occ,99,0.1374,0.1331;0.1375,0.1360,0.1343,30
ISTGNN_PeMS03_occ,100,0.1357,0.1316;0.1360,0.1344,0.1343,31
ISTGNN_PeMS03_occ,101,0.1358,0.1307;0.1369,0.1344,0.1343,32
ISTGNN_PeMS03_occ,102,0.1352,0.1324;0.1370,0.1349,0.1343,33
ISTGNN_PeMS03_occ,103,0.1354,0.1306;0.1366,0.1342,0.1343,34
ISTGNN_PeMS03_occ,104,0.1358,0.1312;0.1384,0.1351,0.1343,35
ISTGNN_PeMS03_occ,105,0.1370,0.1314;0.1381,0.1355,0.1343,36
ISTGNN_PeMS03_occ,106,0.1380,0.1310;0.1363,0.1351,0.1343,37
ISTGNN_PeMS03_occ,107,0.1359,0.1308;0.1371,0.1346,0.1343,38
ISTGNN_PeMS03_occ,108,0.1354,0.1308;0.1360,0.1341,0.1341,0
ISTGNN_PeMS03_occ,109,0.1362,0.1317;0.1382,0.1354,0.1341,1
ISTGNN_PeMS03_occ,110,0.1367,0.1315;0.1357,0.1347,0.1341,2
ISTGNN_PeMS03_occ,111,0.1369,0.1314;0.1360,0.1347,0.1341,3
ISTGNN_PeMS03_occ,112,0.1353,0.1322;0.1383,0.1353,0.1341,4
ISTGNN_PeMS03_occ,113,0.1354,0.1331;0.1381,0.1355,0.1341,5
ISTGNN_PeMS03_occ,114,0.1354,0.1313;0.1378,0.1348,0.1341,6
ISTGNN_PeMS03_occ,115,0.1359,0.1312;0.1371,0.1347,0.1341,7
ISTGNN_PeMS03_occ,116,0.1360,0.1313;0.1363,0.1345,0.1341,8
ISTGNN_PeMS03_occ,117,0.1373,0.1317;0.1355,0.1348,0.1341,9
ISTGNN_PeMS03_occ,118,0.1380,0.1304;0.1357,0.1347,0.1341,10
ISTGNN_PeMS03_occ,119,0.1357,0.1313;0.1356,0.1342,0.1341,11
ISTGNN_PeMS03_occ,120,0.1352,0.1331;0.1363,0.1349,0.1341,12
ISTGNN_PeMS03_occ,121,0.1351,0.1319;0.1362,0.1344,0.1341,13
ISTGNN_PeMS03_occ,122,0.1366,0.1304;0.1367,0.1346,0.1341,14
ISTGNN_PeMS03_occ,123,0.1363,0.1303;0.1368,0.1344,0.1341,15
ISTGNN_PeMS03_occ,124,0.1378,0.1308;0.1361,0.1349,0.1341,16
ISTGNN_PeMS03_occ,125,0.1354,0.1321;0.1369,0.1348,0.1341,17
ISTGNN_PeMS03_occ,126,0.1354,0.1312;0.1375,0.1347,0.1341,18
ISTGNN_PeMS03_occ,127,0.1370,0.1318;0.1364,0.1351,0.1341,19
ISTGNN_PeMS03_occ,128,0.1349,0.1315;0.1367,0.1343,0.1341,20
ISTGNN_PeMS03_occ,129,0.1385,0.1320;0.1356,0.1354,0.1341,21
ISTGNN_PeMS03_occ,130,0.1356,0.1314;0.1357,0.1342,0.1341,22
ISTGNN_PeMS03_occ,131,0.1370,0.1314;0.1383,0.1356,0.1341,23
ISTGNN_PeMS03_occ,132,0.1366,0.1306;0.1361,0.1344,0.1341,24
ISTGNN_PeMS03_occ,133,0.1369,0.1316;0.1366,0.1350,0.1341,25
ISTGNN_PeMS03_occ,134,0.1351,0.1318;0.1360,0.1343,0.1341,26
ISTGNN_PeMS03_occ,135,0.1354,0.1305;0.1356,0.1339,0.1339,0
ISTGNN_PeMS03_occ,136,0.1362,0.1324;0.1364,0.1350,0.1339,1
ISTGNN_PeMS03_occ,137,0.1375,0.1316;0.1360,0.1350,0.1339,2
ISTGNN_PeMS03_occ,138,0.1355,0.1322;0.1379,0.1352,0.1339,3
ISTGNN_PeMS03_occ,139,0.1360,0.1321;0.1374,0.1352,0.1339,4
ISTGNN_PeMS03_occ,140,0.1370,0.1319;0.1376,0.1355,0.1339,5
ISTGNN_PeMS03_occ,141,0.1367,0.1331;0.1387,0.1362,0.1339,6
ISTGNN_PeMS03_occ,142,0.1358,0.1311;0.1371,0.1346,0.1339,7
ISTGNN_PeMS03_occ,143,0.1374,0.1319;0.1368,0.1354,0.1339,8
ISTGNN_PeMS03_occ,144,0.1362,0.1321;0.1358,0.1347,0.1339,9
ISTGNN_PeMS03_occ,145,0.1352,0.1322;0.1361,0.1345,0.1339,10
ISTGNN_PeMS03_occ,146,0.1359,0.1316;0.1362,0.1345,0.1339,11
ISTGNN_PeMS03_occ,147,0.1365,0.1307;0.1374,0.1349,0.1339,12
ISTGNN_PeMS03_occ,148,0.1355,0.1311;0.1363,0.1343,0.1339,13
ISTGNN_PeMS03_occ,149,0.1345,0.1304;0.1359,0.1336,0.1336,0
ISTGNN_PeMS03_occ,150,0.1364,0.1309;0.1363,0.1345,0.1336,1
ISTGNN_PeMS03_occ,151,0.1352,0.1311;0.1382,0.1348,0.1336,2
ISTGNN_PeMS03_occ,152,0.1357,0.1327;0.1383,0.1356,0.1336,3
ISTGNN_PeMS03_occ,153,0.1353,0.1337;0.1375,0.1355,0.1336,4
ISTGNN_PeMS03_occ,154,0.1363,0.1322;0.1367,0.1351,0.1336,5
ISTGNN_PeMS03_occ,155,0.1350,0.1303;0.1364,0.1339,0.1336,6
ISTGNN_PeMS03_occ,156,0.1355,0.1310;0.1363,0.1343,0.1336,7
ISTGNN_PeMS03_occ,157,0.1371,0.1302;0.1376,0.1350,0.1336,8
ISTGNN_PeMS03_occ,158,0.1360,0.1320;0.1364,0.1348,0.1336,9
ISTGNN_PeMS03_occ,159,0.1357,0.1307;0.1366,0.1343,0.1336,10
ISTGNN_PeMS03_occ,160,0.1354,0.1307;0.1367,0.1343,0.1336,11
ISTGNN_PeMS03_occ,161,0.1358,0.1310;0.1361,0.1343,0.1336,12
ISTGNN_PeMS03_occ,162,0.1354,0.1320;0.1368,0.1347,0.1336,13
ISTGNN_PeMS03_occ,163,0.1359,0.1309;0.1362,0.1343,0.1336,14
ISTGNN_PeMS03_occ,164,0.1352,0.1313;0.1388,0.1351,0.1336,15
ISTGNN_PeMS03_occ,165,0.1364,0.1320;0.1380,0.1355,0.1336,16
ISTGNN_PeMS03_occ,166,0.1368,0.1307;0.1362,0.1346,0.1336,17
ISTGNN_PeMS03_occ,167,0.1351,0.1312;0.1364,0.1342,0.1336,18
ISTGNN_PeMS03_occ,168,0.1362,0.1311;0.1368,0.1347,0.1336,19
ISTGNN_PeMS03_occ,169,0.1361,0.1308;0.1362,0.1344,0.1336,20
ISTGNN_PeMS03_occ,170,0.1363,0.1333;0.1359,0.1352,0.1336,21
ISTGNN_PeMS03_occ,171,0.1358,0.1309;0.1389,0.1352,0.1336,22
ISTGNN_PeMS03_occ,172,0.1359,0.1342;0.1384,0.1362,0.1336,23
ISTGNN_PeMS03_occ,173,0.1359,0.1313;0.1363,0.1345,0.1336,24
ISTGNN_PeMS03_occ,174,0.1357,0.1305;0.1371,0.1344,0.1336,25
ISTGNN_PeMS03_occ,175,0.1352,0.1311;0.1359,0.1341,0.1336,26
ISTGNN_PeMS03_occ,176,0.1359,0.1305;0.1370,0.1345,0.1336,27
ISTGNN_PeMS03_occ,177,0.1354,0.1318;0.1357,0.1343,0.1336,28
ISTGNN_PeMS03_occ,178,0.1346,0.1313;0.1372,0.1344,0.1336,29
ISTGNN_PeMS03_occ,179,0.1355,0.1308;0.1358,0.1340,0.1336,30
ISTGNN_PeMS03_occ,180,0.1381,0.1314;0.1360,0.1352,0.1336,31
ISTGNN_PeMS03_occ,181,0.1349,0.1311;0.1365,0.1342,0.1336,32
ISTGNN_PeMS03_occ,182,0.1359,0.1306;0.1376,0.1347,0.1336,33
ISTGNN_PeMS03_occ,183,0.1348,0.1317;0.1360,0.1342,0.1336,34
ISTGNN_PeMS03_occ,184,0.1352,0.1310;0.1364,0.1342,0.1336,35
ISTGNN_PeMS03_occ,185,0.1361,0.1311;0.1373,0.1349,0.1336,36
ISTGNN_PeMS03_occ,186,0.1359,0.1336;0.1376,0.1357,0.1336,37
ISTGNN_PeMS03_occ,187,0.1385,0.1308;0.1368,0.1354,0.1336,38
ISTGNN_PeMS03_occ,188,0.1352,0.1327;0.1368,0.1349,0.1336,39
ISTGNN_PeMS03_occ,189,0.1356,0.1314;0.1358,0.1343,0.1336,40
ISTGNN_PeMS03_occ,190,0.1382,0.1312;0.1360,0.1351,0.1336,41
ISTGNN_PeMS03_occ,191,0.1374,0.1308;0.1367,0.1350,0.1336,42
ISTGNN_PeMS03_occ,192,0.1350,0.1311;0.1367,0.1342,0.1336,43
ISTGNN_PeMS03_occ,193,0.1362,0.1318;0.1370,0.1350,0.1336,44
ISTGNN_PeMS03_occ,194,0.1359,0.1307;0.1372,0.1346,0.1336,45
ISTGNN_PeMS03_occ,195,0.1386,0.1316;0.1379,0.1360,0.1336,46
ISTGNN_PeMS03_occ,196,0.1356,0.1317;0.1372,0.1348,0.1336,47
ISTGNN_PeMS03_occ,197,0.1360,0.1306;0.1367,0.1344,0.1336,48
ISTGNN_PeMS03_occ,198,0.1362,0.1313;0.1358,0.1344,0.1336,49
ISTGNN_PeMS03_occ,199,0.1359,0.1302;0.1371,0.1344,0.1336,50
ISTGNN_PeMS04_flow,1,0.1453,0.1216;0.1406,0.1358,0.1358,0
ISTGNN_PeMS04_flow,2,0.1440,0.1219;0.1389,0.1349,0.1349,0
ISTGNN_PeMS04_flow,3,0.1451,0.1258;0.1358,0.1356,0.1349,1
ISTGNN_PeMS04_flow,4,0.1417,0.1196;0.1358,0.1323,0.1323,0
ISTGNN_PeMS04_flow,5,0.1440,0.1201;0.1370,0.1337,0.1323,1
ISTGNN_PeMS04_flow,6,0.1416,0.1196;0.1356,0.1323,0.1323,2
ISTGNN_PeMS04_flow,7,0.1419,0.1186;0.1344,0.1317,0.1317,0
ISTGNN_PeMS04_flow,8,0.1418,0.1193;0.1352,0.1321,0.1317,1
ISTGNN_PeMS04_flow,9,0.1411,0.1207;0.1354,0.1324,0.1317,2
ISTGNN_PeMS04_flow,10,0.1450,0.1193;0.1339,0.1327,0.1317,3
ISTGNN_PeMS04_flow,11,0.1420,0.1196;0.1353,0.1323,0.1317,4
ISTGNN_PeMS04_flow,12,0.1412,0.1185;0.1346,0.1314,0.1314,0
ISTGNN_PeMS04_flow,13,0.1435,0.1202;0.1356,0.1331,0.1314,1
ISTGNN_PeMS04_flow,14,0.1415,0.1184;0.1345,0.1315,0.1314,2
ISTGNN_PeMS04_flow,15,0.1418,0.1183;0.1338,0.1313,0.1313,0
ISTGNN_PeMS04_flow,16,0.1412,0.1194;0.1335,0.1314,0.1313,1
ISTGNN_PeMS04_flow,17,0.1412,0.1179;0.1347,0.1313,0.1313,2
ISTGNN_PeMS04_flow,18,0.1416,0.1187;0.1340,0.1314,0.1313,3
ISTGNN_PeMS04_flow,19,0.1414,0.1181;0.1348,0.1314,0.1313,4
ISTGNN_PeMS04_flow,20,0.1411,0.1171;0.1333,0.1305,0.1305,0
ISTGNN_PeMS04_flow,21,0.1423,0.1180;0.1335,0.1313,0.1305,1
ISTGNN_PeMS04_flow,22,0.1409,0.1183;0.1351,0.1315,0.1305,2
ISTGNN_PeMS04_flow,23,0.1407,0.1185;0.1391,0.1328,0.1305,3
ISTGNN_PeMS04_flow,24,0.1406,0.1169;0.1333,0.1302,0.1302,0
ISTGNN_PeMS04_flow,25,0.1413,0.1168;0.1327,0.1303,0.1302,1
ISTGNN_PeMS04_flow,26,0.1401,0.1169;0.1332,0.1300,0.1300,0
ISTGNN_PeMS04_flow,27,0.1405,0.1172;0.1343,0.1307,0.1300,1
ISTGNN_PeMS04_flow,28,0.1402,0.1171;0.1333,0.1302,0.1300,2
ISTGNN_PeMS04_flow,29,0.1405,0.1176;0.1336,0.1306,0.1300,3
ISTGNN_PeMS04_flow,30,0.1405,0.1198;0.1324,0.1309,0.1300,4
ISTGNN_PeMS04_flow,31,0.1400,0.1168;0.1329,0.1299,0.1299,0
ISTGNN_PeMS04_flow,32,0.1397,0.1167;0.1328,0.1297,0.1297,0
ISTGNN_PeMS04_flow,33,0.1400,0.1165;0.1346,0.1304,0.1297,1
ISTGNN_PeMS04_flow,34,0.1442,0.1171;0.1339,0.1317,0.1297,2
ISTGNN_PeMS04_flow,35,0.1404,0.1166;0.1350,0.1306,0.1297,3
ISTGNN_PeMS04_flow,36,0.1399,0.1166;0.1332,0.1299,0.1297,4
ISTGNN_PeMS04_flow,37,0.1432,0.1168;0.1341,0.1314,0.1297,5
ISTGNN_PeMS04_flow,38,0.1440,0.1164;0.1329,0.1311,0.1297,6
ISTGNN_PeMS04_flow,39,0.1404,0.1176;0.1333,0.1304,0.1297,7
ISTGNN_PeMS04_flow,40,0.1398,0.1172;0.1327,0.1299,0.1297,8
ISTGNN_PeMS04_flow,41,0.1401,0.1174;0.1341,0.1305,0.1297,9
ISTGNN_PeMS04_flow,42,0.1419,0.1172;0.1321,0.1304,0.1297,10
ISTGNN_PeMS04_flow,43,0.1417,0.1242;0.1357,0.1339,0.1297,11
ISTGNN_PeMS04_flow,44,0.1395,0.1169;0.1330,0.1298,0.1297,12
ISTGNN_PeMS04_flow,45,0.1394,0.1164;0.1324,0.1294,0.1294,0
ISTGNN_PeMS04_flow,46,0.1395,0.1163;0.1327,0.1295,0.1294,1
ISTGNN_PeMS04_flow,47,0.1407,0.1163;0.1325,0.1298,0.1294,2
ISTGNN_PeMS04_flow,48,0.1408,0.1160;0.1326,0.1298,0.1294,3
ISTGNN_PeMS04_flow,49,0.1400,0.1162;0.1338,0.1300,0.1294,4
ISTGNN_PeMS04_flow,50,0.1411,0.1163;0.1344,0.1306,0.1294,5
ISTGNN_PeMS04_flow,51,0.1403,0.1165;0.1326,0.1298,0.1294,6
ISTGNN_PeMS04_flow,52,0.1394,0.1168;0.1341,0.1301,0.1294,7
ISTGNN_PeMS04_flow,53,0.1423,0.1178;0.1319,0.1307,0.1294,8
ISTGNN_PeMS04_flow,54,0.1395,0.1183;0.1331,0.1303,0.1294,9
ISTGNN_PeMS04_flow,55,0.1397,0.1166;0.1323,0.1295,0.1294,10
ISTGNN_PeMS04_flow,56,0.1401,0.1164;0.1336,0.1300,0.1294,11
ISTGNN_PeMS04_flow,57,0.1389,0.1162;0.1343,0.1298,0.1294,12
ISTGNN_PeMS04_flow,58,0.1390,0.1160;0.1325,0.1292,0.1292,0
ISTGNN_PeMS04_flow,59,0.1392,0.1173;0.1328,0.1298,0.1292,1
ISTGNN_PeMS04_flow,60,0.1396,0.1169;0.1325,0.1297,0.1292,2
ISTGNN_PeMS04_flow,61,0.1389,0.1180;0.1327,0.1299,0.1292,3
ISTGNN_PeMS04_flow,62,0.1392,0.1186;0.1331,0.1303,0.1292,4
ISTGNN_PeMS04_flow,63,0.1389,0.1156;0.1333,0.1293,0.1292,5
ISTGNN_PeMS04_flow,64,0.1410,0.1160;0.1331,0.1300,0.1292,6
ISTGNN_PeMS04_flow,65,0.1394,0.1173;0.1328,0.1298,0.1292,7
ISTGNN_PeMS04_flow,66,0.1390,0.1157;0.1325,0.1290,0.1290,0
ISTGNN_PeMS04_flow,67,0.1389,0.1158;0.1332,0.1293,0.1290,1
ISTGNN_PeMS04_flow,68,0.1391,0.1163;0.1343,0.1299,0.1290,2
ISTGNN_PeMS04_flow,69,0.1402,0.1159;0.1325,0.1296,0.1290,3
ISTGNN_PeMS04_flow,70,0.1400,0.1161;0.1323,0.1294,0.1290,4
ISTGNN_PeMS04_flow,71,0.1411,0.1157;0.1327,0.1299,0.1290,5
ISTGNN_PeMS04_flow,72,0.1392,0.1170;0.1337,0.1300,0.1290,6
ISTGNN_PeMS04_flow,73,0.1385,0.1157;0.1326,0.1289,0.1289,0
ISTGNN_PeMS04_flow,74,0.1386,0.1164;0.1325,0.1292,0.1289,1
ISTGNN_PeMS04_flow,75,0.1397,0.1160;0.1315,0.1291,0.1289,2
ISTGNN_PeMS04_flow,76,0.1385,0.1166;0.1328,0.1293,0.1289,3
ISTGNN_PeMS04_flow,77,0.1401,0.1154;0.1322,0.1292,0.1289,4
ISTGNN_PeMS04_flow,78,0.1405,0.1159;0.1321,0.1295,0.1289,5
ISTGNN_PeMS04_flow,79,0.1395,0.1154;0.1322,0.1291,0.1289,6
ISTGNN_PeMS04_flow,80,0.1392,0.1163;0.1321,0.1292,0.1289,7
ISTGNN_PeMS04_flow,81,0.1408,0.1157;0.1323,0.1296,0.1289,8
ISTGNN_PeMS04_flow,82,0.1385,0.1168;0.1348,0.1300,0.1289,9
ISTGNN_PeMS04_flow,83,0.1392,0.1174;0.1316,0.1294,0.1289,10
ISTGNN_PeMS04_flow,84,0.1390,0.1152;0.1318,0.1287,0.1287,0
ISTGNN_PeMS04_flow,85,0.1389,0.1152;0.1322,0.1288,0.1287,1
ISTGNN_PeMS04_flow,86,0.1382,0.1158;0.1328,0.1289,0.1287,2
ISTGNN_PeMS04_flow,87,0.1402,0.1156;0.1317,0.1292,0.1287,3
ISTGNN_PeMS04_flow,88,0.1390,0.1163;0.1323,0.1292,0.1287,4
ISTGNN_PeMS04_flow,89,0.1400,0.1158;0.1319,0.1292,0.1287,5
ISTGNN_PeMS04_flow,90,0.1389,0.1154;0.1320,0.1288,0.1287,6
ISTGNN_PeMS04_flow,91,0.1386,0.1161;0.1322,0.1290,0.1287,7
ISTGNN_PeMS04_flow,92,0.1383,0.1154;0.1327,0.1288,0.1287,8
ISTGNN_PeMS04_flow,93,0.1402,0.1153;0.1322,0.1292,0.1287,9
ISTGNN_PeMS04_flow,94,0.1386,0.1151;0.1320,0.1285,0.1285,0
ISTGNN_PeMS04_flow,95,0.1383,0.1165;0.1311,0.1286,0.1285,1
ISTGNN_PeMS04_flow,96,0.1398,0.1149;0.1312,0.1286,0.1285,2
ISTGNN_PeMS04_flow,97,0.1380,0.1161;0.1313,0.1285,0.1285,3
ISTGNN_PeMS04_flow,98,0.1391,0.1169;0.1338,0.1299,0.1285,4
ISTGNN_PeMS04_flow,99,0.1412,0.1148;0.1313,0.1291,0.1285,5
ISTGNN_PeMS04_flow,100,0.1381,0.1161;0.1323,0.1288,0.1285,6
ISTGNN_PeMS04_flow,101,0.1379,0.1153;0.1313,0.1282,0.1282,0
ISTGNN_PeMS04_flow,102,0.1393,0.1176;0.1314,0.1294,0.1282,1
ISTGNN_PeMS04_flow,103,0.1377,0.1151;0.1338,0.1289,0.1282,2
ISTGNN_PeMS04_flow,104,0.1387,0.1153;0.1344,0.1294,0.1282,3
ISTGNN_PeMS04_flow,105,0.1398,0.1150;0.1314,0.1287,0.1282,4
ISTGNN_PeMS04_flow,106,0.1401,0.1157;0.1314,0.1291,0.1282,5
ISTGNN_PeMS04_flow,107,0.1381,0.1172;0.1328,0.1294,0.1282,6
ISTGNN_PeMS04_flow,108,0.1379,0.1170;0.1353,0.1301,0.1282,7
ISTGNN_PeMS04_flow,109,0.1381,0.1163;0.1327,0.1290,0.1282,8
ISTGNN_PeMS04_flow,110,0.1383,0.1150;0.1318,0.1284,0.1282,9
ISTGNN_PeMS04_flow,111,0.1387,0.1152;0.1312,0.1284,0.1282,10
ISTGNN_PeMS04_flow,112,0.1387,0.1164;0.1314,0.1288,0.1282,11
ISTGNN_PeMS04_flow,113,0.1384,0.1154;0.1314,0.1284,0.1282,12
ISTGNN_PeMS04_flow,114,0.1377,0.1151;0.1312,0.1280,0.1280,0
ISTGNN_PeMS04_flow,115,0.1385,0.1162;0.1311,0.1286,0.1280,1
ISTGNN_PeMS04_flow,116,0.1379,0.1163;0.1314,0.1285,0.1280,2
ISTGNN_PeMS04_flow,117,0.1381,0.1158;0.1326,0.1288,0.1280,3
ISTGNN_PeMS04_flow,118,0.1378,0.1147;0.1312,0.1279,0.1279,0
ISTGNN_PeMS04_flow,119,0.1381,0.1146;0.1315,0.1280,0.1279,1
ISTGNN_PeMS04_flow,120,0.1379,0.1146;0.1313,0.1279,0.1279,2
ISTGNN_PeMS04_flow,121,0.1382,0.1147;0.1306,0.1279,0.1279,3
ISTGNN_PeMS04_flow,122,0.1381,0.1158;0.1309,0.1283,0.1279,4
ISTGNN_PeMS04_flow,123,0.1374,0.1147;0.1329,0.1283,0.1279,5
ISTGNN_PeMS04_flow,124,0.1395,0.1146;0.1311,0.1284,0.1279,6
ISTGNN_PeMS04_flow,125,0.1388,0.1158;0.1312,0.1286,0.1279,7
ISTGNN_PeMS04_flow,126,0.1374,0.1147;0.1310,0.1277,0.1277,0
ISTGNN_PeMS04_flow,127,0.1376,0.1144;0.1324,0.1281,0.1277,1
ISTGNN_PeMS04_flow,128,0.1374,0.1145;0.1309,0.1276,0.1276,0
ISTGNN_PeMS04_flow,129,0.1384,0.1147;0.1335,0.1289,0.1276,1
ISTGNN_PeMS04_flow,130,0.1381,0.1151;0.1321,0.1284,0.1276,2
ISTGNN_PeMS04_flow,131,0.1382,0.1153;0.1317,0.1284,0.1276,3
ISTGNN_PeMS04_flow,132,0.1383,0.1144;0.1326,0.1284,0.1276,4
ISTGNN_PeMS04_flow,133,0.1393,0.1165;0.1309,0.1289,0.1276,5
ISTGNN_PeMS04_flow,134,0.1381,0.1149;0.1311,0.1280,0.1276,6
ISTGNN_PeMS04_flow,135,0.1375,0.1147;0.1308,0.1277,0.1276,7
ISTGNN_PeMS04_flow,136,0.1389,0.1147;0.1313,0.1283,0.1276,8
ISTGNN_PeMS04_flow,137,0.1389,0.1144;0.1305,0.1279,0.1276,9
ISTGNN_PeMS04_flow,138,0.1373,0.1144;0.1314,0.1277,0.1276,10
ISTGNN_PeMS04_flow,139,0.1380,0.1154;0.1310,0.1281,0.1276,11
ISTGNN_PeMS04_flow,140,0.1376,0.1144;0.1305,0.1275,0.1275,0
ISTGNN_PeMS04_flow,141,0.1389,0.1141;0.1303,0.1278,0.1275,1
ISTGNN_PeMS04_flow,142,0.1378,0.1152;0.1308,0.1280,0.1275,2
ISTGNN_PeMS04_flow,143,0.1385,0.1145;0.1307,0.1279,0.1275,3
ISTGNN_PeMS04_flow,144,0.1374,0.1149;0.1316,0.1280,0.1275,4
ISTGNN_PeMS04_flow,145,0.1374,0.1148;0.1307,0.1277,0.1275,5
ISTGNN_PeMS04_flow,146,0.1376,0.1161;0.1328,0.1288,0.1275,6
ISTGNN_PeMS04_flow,147,0.1376,0.1156;0.1313,0.1282,0.1275,7
ISTGNN_PeMS04_flow,148,0.1381,0.1150;0.1317,0.1283,0.1275,8
ISTGNN_PeMS04_flow,149,0.1374,0.1153;0.1305,0.1277,0.1275,9
ISTGNN_PeMS04_flow,150,0.1371,0.1154;0.1310,0.1278,0.1275,10
ISTGNN_PeMS04_flow,151,0.1371,0.1153;0.1303,0.1276,0.1275,11
ISTGNN_PeMS04_flow,152,0.1389,0.1149;0.1304,0.1281,0.1275,12
ISTGNN_PeMS04_flow,153,0.1374,0.1141;0.1307,0.1274,0.1275,13
ISTGNN_PeMS04_flow,154,0.1376,0.1149;0.1313,0.1280,0.1275,14
ISTGNN_PeMS04_flow,155,0.1375,0.1161;0.1319,0.1285,0.1275,15
ISTGNN_PeMS04_flow,156,0.1379,0.1145;0.1306,0.1276,0.1275,16
ISTGNN_PeMS04_flow,157,0.1382,0.1142;0.1332,0.1285,0.1275,17
ISTGNN_PeMS04_flow,158,0.1382,0.1147;0.1312,0.1280,0.1275,18
ISTGNN_PeMS04_flow,159,0.1373,0.1140;0.1302,0.1272,0.1272,0
ISTGNN_PeMS04_flow,160,0.1370,0.1144;0.1305,0.1273,0.1272,1
ISTGNN_PeMS04_flow,161,0.1380,0.1144;0.1307,0.1277,0.1272,2
ISTGNN_PeMS04_flow,162,0.1371,0.1146;0.1303,0.1273,0.1272,3
ISTGNN_PeMS04_flow,163,0.1373,0.1147;0.1305,0.1275,0.1272,4
ISTGNN_PeMS04_flow,164,0.1389,0.1145;0.1308,0.1280,0.1272,5
ISTGNN_PeMS04_flow,165,0.1375,0.1146;0.1302,0.1274,0.1272,6
ISTGNN_PeMS04_flow,166,0.1377,0.1152;0.1314,0.1281,0.1272,7
ISTGNN_PeMS04_flow,167,0.1371,0.1145;0.1300,0.1272,0.1272,8
ISTGNN_PeMS04_flow,168,0.1386,0.1147;0.1323,0.1286,0.1272,9
ISTGNN_PeMS04_flow,169,0.1373,0.1138;0.1328,0.1279,0.1272,10
ISTGNN_PeMS04_flow,170,0.1371,0.1144;0.1305,0.1273,0.1272,11
ISTGNN_PeMS04_flow,171,0.1376,0.1146;0.1311,0.1278,0.1272,12
ISTGNN_PeMS04_flow,172,0.1390,0.1156;0.1302,0.1283,0.1272,13
ISTGNN_PeMS04_flow,173,0.1391,0.1146;0.1320,0.1286,0.1272,14
ISTGNN_PeMS04_flow,174,0.1374,0.1155;0.1301,0.1277,0.1272,15
ISTGNN_PeMS04_flow,175,0.1377,0.1146;0.1304,0.1276,0.1272,16
ISTGNN_PeMS04_flow,176,0.1375,0.1149;0.1305,0.1276,0.1272,17
ISTGNN_PeMS04_flow,177,0.1368,0.1147;0.1320,0.1278,0.1272,18
ISTGNN_PeMS04_flow,178,0.1385,0.1143;0.1301,0.1276,0.1272,19
ISTGNN_PeMS04_flow,179,0.1380,0.1142;0.1319,0.1280,0.1272,20
ISTGNN_PeMS04_flow,180,0.1366,0.1141;0.1306,0.1271,0.1272,21
ISTGNN_PeMS04_flow,181,0.1370,0.1141;0.1329,0.1280,0.1272,22
ISTGNN_PeMS04_flow,182,0.1370,0.1146;0.1298,0.1272,0.1272,23
ISTGNN_PeMS04_flow,183,0.1371,0.1137;0.1315,0.1274,0.1272,24
ISTGNN_PeMS04_flow,184,0.1372,0.1136;0.1301,0.1270,0.1270,0
ISTGNN_PeMS04_flow,185,0.1373,0.1137;0.1300,0.1270,0.1270,1
ISTGNN_PeMS04_flow,186,0.1367,0.1148;0.1301,0.1272,0.1270,2
ISTGNN_PeMS04_flow,187,0.1393,0.1144;0.1300,0.1279,0.1270,3
ISTGNN_PeMS04_flow,188,0.1373,0.1138;0.1299,0.1270,0.1270,4
ISTGNN_PeMS04_flow,189,0.1370,0.1139;0.1308,0.1272,0.1270,5
ISTGNN_PeMS04_flow,190,0.1382,0.1140;0.1312,0.1278,0.1270,6
ISTGNN_PeMS04_flow,191,0.1369,0.1151;0.1304,0.1275,0.1270,7
ISTGNN_PeMS04_flow,192,0.1372,0.1146;0.1308,0.1275,0.1270,8
ISTGNN_PeMS04_flow,193,0.1366,0.1147;0.1298,0.1270,0.1270,9
ISTGNN_PeMS04_flow,194,0.1379,0.1138;0.1308,0.1275,0.1270,10
ISTGNN_PeMS04_flow,195,0.1375,0.1142;0.1306,0.1275,0.1270,11
ISTGNN_PeMS04_flow,196,0.1369,0.1135;0.1308,0.1271,0.1270,12
ISTGNN_PeMS04_flow,197,0.1366,0.1141;0.1309,0.1272,0.1270,13
ISTGNN_PeMS04_flow,198,0.1367,0.1135;0.1300,0.1267,0.1267,0
ISTGNN_PeMS04_flow,199,0.1372,0.1135;0.1333,0.1280,0.1267,1
ISTGNN_PeMS04_flow,200,0.1378,0.1142;0.1307,0.1276,0.1267,2
ISTGNN_PeMS04_flow,201,0.1366,0.1141;0.1304,0.1271,0.1267,3
ISTGNN_PeMS04_flow,202,0.1374,0.1149;0.1296,0.1273,0.1267,4
ISTGNN_PeMS04_flow,203,0.1365,0.1141;0.1300,0.1268,0.1267,5
ISTGNN_PeMS04_flow,204,0.1368,0.1150;0.1305,0.1274,0.1267,6
ISTGNN_PeMS04_flow,205,0.1389,0.1144;0.1297,0.1277,0.1267,7
ISTGNN_PeMS04_flow,206,0.1373,0.1134;0.1306,0.1271,0.1267,8
ISTGNN_PeMS04_flow,207,0.1364,0.1140;0.1305,0.1269,0.1267,9
ISTGNN_PeMS04_flow,208,0.1367,0.1142;0.1303,0.1271,0.1267,10
ISTGNN_PeMS04_flow,209,0.1366,0.1151;0.1309,0.1276,0.1267,11
ISTGNN_PeMS04_flow,210,0.1366,0.1139;0.1298,0.1268,0.1267,12
ISTGNN_PeMS04_flow,211,0.1366,0.1139;0.1310,0.1272,0.1267,13
ISTGNN_PeMS04_flow,212,0.1366,0.1141;0.1301,0.1269,0.1267,14
ISTGNN_PeMS04_flow,213,0.1373,0.1135;0.1303,0.1270,0.1267,15
ISTGNN_PeMS04_flow,214,0.1368,0.1139;0.1306,0.1271,0.1267,16
ISTGNN_PeMS04_flow,215,0.1383,0.1136;0.1320,0.1280,0.1267,17
ISTGNN_PeMS04_flow,216,0.1365,0.1141;0.1315,0.1274,0.1267,18
ISTGNN_PeMS04_flow,217,0.1372,0.1140;0.1316,0.1276,0.1267,19
ISTGNN_PeMS04_flow,218,0.1369,0.1146;0.1301,0.1272,0.1267,20
ISTGNN_PeMS04_flow,219,0.1381,0.1143;0.1316,0.1280,0.1267,21
ISTGNN_PeMS04_flow,220,0.1371,0.1137;0.1297,0.1268,0.1267,22
ISTGNN_PeMS04_flow,221,0.1366,0.1142;0.1305,0.1271,0.1267,23
ISTGNN_PeMS04_flow,222,0.1363,0.1154;0.1309,0.1275,0.1267,24
ISTGNN_PeMS04_flow,223,0.1370,0.1138;0.1300,0.1269,0.1267,25
ISTGNN_PeMS04_flow,224,0.1369,0.1139;0.1297,0.1268,0.1267,26
ISTGNN_PeMS04_flow,225,0.1368,0.1138;0.1312,0.1273,0.1267,27
ISTGNN_PeMS04_flow,226,0.1365,0.1146;0.1297,0.1269,0.1267,28
ISTGNN_PeMS04_flow,227,0.1366,0.1136;0.1297,0.1266,0.1266,0
ISTGNN_PeMS04_flow,228,0.1373,0.1146;0.1309,0.1276,0.1266,1
ISTGNN_PeMS04_flow,229,0.1369,0.1138;0.1300,0.1269,0.1266,2
ISTGNN_PeMS04_flow,230,0.1370,0.1137;0.1302,0.1270,0.1266,3
ISTGNN_PeMS04_flow,231,0.1368,0.1134;0.1304,0.1269,0.1266,4
ISTGNN_PeMS04_flow,232,0.1377,0.1144;0.1297,0.1273,0.1266,5
ISTGNN_PeMS04_flow,233,0.1362,0.1146;0.1301,0.1269,0.1266,6
ISTGNN_PeMS04_flow,234,0.1378,0.1142;0.1296,0.1272,0.1266,7
ISTGNN_PeMS04_flow,235,0.1364,0.1141;0.1304,0.1270,0.1266,8
ISTGNN_PeMS04_flow,236,0.1370,0.1146;0.1301,0.1272,0.1266,9
ISTGNN_PeMS04_flow,237,0.1362,0.1145;0.1301,0.1269,0.1266,10
ISTGNN_PeMS04_flow,238,0.1366,0.1136;0.1298,0.1267,0.1266,11
ISTGNN_PeMS04_flow,239,0.1365,0.1151;0.1307,0.1274,0.1266,12
ISTGNN_PeMS04_flow,240,0.1365,0.1141;0.1306,0.1271,0.1266,13
ISTGNN_PeMS04_flow,241,0.1365,0.1134;0.1296,0.1265,0.1265,0
ISTGNN_PeMS04_flow,242,0.1372,0.1147;0.1315,0.1278,0.1265,1
ISTGNN_PeMS04_flow,243,0.1365,0.1143;0.1305,0.1271,0.1265,2
ISTGNN_PeMS04_flow,244,0.1368,0.1136;0.1306,0.1270,0.1265,3
ISTGNN_PeMS04_flow,245,0.1364,0.1167;0.1300,0.1277,0.1265,4
ISTGNN_PeMS04_flow,246,0.1369,0.1139;0.1304,0.1271,0.1265,5
ISTGNN_PeMS04_flow,247,0.1369,0.1133;0.1296,0.1266,0.1265,6
ISTGNN_PeMS04_flow,248,0.1368,0.1135;0.1297,0.1266,0.1265,7
ISTGNN_PeMS04_flow,249,0.1363,0.1137;0.1300,0.1267,0.1265,8
ISTGNN_PeMS04_flow,250,0.1370,0.1135;0.1301,0.1269,0.1265,9
ISTGNN_PeMS04_flow,251,0.1369,0.1134;0.1306,0.1270,0.1265,10
ISTGNN_PeMS04_flow,252,0.1379,0.1135;0.1299,0.1271,0.1265,11
ISTGNN_PeMS04_flow,253,0.1385,0.1133;0.1296,0.1271,0.1265,12
ISTGNN_PeMS04_flow,254,0.1361,0.1145;0.1307,0.1271,0.1265,13
ISTGNN_PeMS04_flow,255,0.1361,0.1139;0.1302,0.1267,0.1265,14
ISTGNN_PeMS04_flow,256,0.1374,0.1132;0.1308,0.1271,0.1265,15
ISTGNN_PeMS04_flow,257,0.1364,0.1134;0.1301,0.1266,0.1265,16
ISTGNN_PeMS04_flow,258,0.1364,0.1140;0.1301,0.1268,0.1265,17
ISTGNN_PeMS04_flow,259,0.1372,0.1133;0.1296,0.1267,0.1265,18
ISTGNN_PeMS04_flow,260,0.1372,0.1143;0.1298,0.1271,0.1265,19
ISTGNN_PeMS04_flow,261,0.1362,0.1153;0.1300,0.1272,0.1265,20
ISTGNN_PeMS04_flow,262,0.1362,0.1131;0.1298,0.1264,0.1264,0
ISTGNN_PeMS04_flow,263,0.1368,0.1136;0.1298,0.1267,0.1264,1
ISTGNN_PeMS04_flow,264,0.1366,0.1140;0.1300,0.1269,0.1264,2
ISTGNN_PeMS04_flow,265,0.1374,0.1133;0.1299,0.1268,0.1264,3
ISTGNN_PeMS04_flow,266,0.1363,0.1133;0.1296,0.1264,0.1264,4
ISTGNN_PeMS04_flow,267,0.1364,0.1137;0.1315,0.1272,0.1264,5
ISTGNN_PeMS04_flow,268,0.1367,0.1145;0.1300,0.1271,0.1264,6
ISTGNN_PeMS04_flow,269,0.1373,0.1134;0.1303,0.1270,0.1264,7
ISTGNN_PeMS04_flow,270,0.1376,0.1150;0.1299,0.1275,0.1264,8
ISTGNN_PeMS04_flow,271,0.1366,0.1131;0.1297,0.1265,0.1264,9
ISTGNN_PeMS04_flow,272,0.1361,0.1130;0.1301,0.1264,0.1264,10
ISTGNN_PeMS04_flow,273,0.1363,0.1134;0.1297,0.1265,0.1264,11
ISTGNN_PeMS04_flow,274,0.1373,0.1136;0.1295,0.1268,0.1264,12
ISTGNN_PeMS04_flow,275,0.1368,0.1152;0.1292,0.1271,0.1264,13
ISTGNN_PeMS04_flow,276,0.1363,0.1134;0.1297,0.1264,0.1264,14
ISTGNN_PeMS04_flow,277,0.1360,0.1133;0.1297,0.1263,0.1264,15
ISTGNN_PeMS04_flow,278,0.1371,0.1134;0.1307,0.1271,0.1264,16
ISTGNN_PeMS04_flow,279,0.1364,0.1135;0.1306,0.1268,0.1264,17
ISTGNN_PeMS04_flow,280,0.1361,0.1130;0.1297,0.1263,0.1263,0
ISTGNN_PeMS04_flow,281,0.1362,0.1144;0.1298,0.1268,0.1263,1
ISTGNN_PeMS04_flow,282,0.1364,0.1146;0.1300,0.1270,0.1263,2
ISTGNN_PeMS04_flow,283,0.1387,0.1131;0.1296,0.1271,0.1263,3
ISTGNN_PeMS04_flow,284,0.1364,0.1132;0.1291,0.1262,0.1263,4
ISTGNN_PeMS04_flow,285,0.1360,0.1145;0.1297,0.1267,0.1263,5
ISTGNN_PeMS04_flow,286,0.1367,0.1135;0.1294,0.1266,0.1263,6
ISTGNN_PeMS04_flow,287,0.1370,0.1135;0.1298,0.1268,0.1263,7
ISTGNN_PeMS04_flow,288,0.1368,0.1138;0.1309,0.1272,0.1263,8
ISTGNN_PeMS04_flow,289,0.1374,0.1132;0.1301,0.1269,0.1263,9
ISTGNN_PeMS04_flow,290,0.1360,0.1128;0.1304,0.1264,0.1263,10
ISTGNN_PeMS04_flow,291,0.1368,0.1139;0.1297,0.1268,0.1263,11
ISTGNN_PeMS04_flow,292,0.1361,0.1139;0.1294,0.1265,0.1263,12
ISTGNN_PeMS04_flow,293,0.1368,0.1130;0.1303,0.1267,0.1263,13
ISTGNN_PeMS04_flow,294,0.1357,0.1134;0.1296,0.1262,0.1263,14
ISTGNN_PeMS04_flow,295,0.1361,0.1134;0.1302,0.1266,0.1263,15
ISTGNN_PeMS04_flow,296,0.1359,0.1134;0.1298,0.1264,0.1263,16
ISTGNN_PeMS04_flow,297,0.1359,0.1132;0.1303,0.1265,0.1263,17
ISTGNN_PeMS04_flow,298,0.1363,0.1135;0.1293,0.1263,0.1263,18
ISTGNN_PeMS04_flow,299,0.1358,0.1136;0.1293,0.1262,0.1263,19
ISTGNN_PeMS04_flow,300,0.1360,0.1131;0.1295,0.1262,0.1263,20
ISTGNN_PeMS04_flow,301,0.1368,0.1136;0.1294,0.1266,0.1263,21
ISTGNN_PeMS04_flow,302,0.1369,0.1135;0.1294,0.1266,0.1263,22
ISTGNN_PeMS04_flow,303,0.1363,0.1132;0.1304,0.1266,0.1263,23
ISTGNN_PeMS04_flow,304,0.1361,0.1137;0.1293,0.1264,0.1263,24
ISTGNN_PeMS04_flow,305,0.1368,0.1131;0.1295,0.1265,0.1263,25
ISTGNN_PeMS04_flow,306,0.1362,0.1133;0.1300,0.1265,0.1263,26
ISTGNN_PeMS04_flow,307,0.1362,0.1141;0.1297,0.1267,0.1263,27
ISTGNN_PeMS04_flow,308,0.1366,0.1131;0.1296,0.1264,0.1263,28
ISTGNN_PeMS04_flow,309,0.1358,0.1136;0.1299,0.1264,0.1263,29
ISTGNN_PeMS04_flow,310,0.1359,0.1135;0.1312,0.1269,0.1263,30
ISTGNN_PeMS04_flow,311,0.1376,0.1131;0.1303,0.1270,0.1263,31
ISTGNN_PeMS04_flow,312,0.1364,0.1129;0.1298,0.1264,0.1263,32
ISTGNN_PeMS04_flow,313,0.1366,0.1143;0.1299,0.1269,0.1263,33
ISTGNN_PeMS04_flow,314,0.1362,0.1143;0.1295,0.1267,0.1263,34
ISTGNN_PeMS04_flow,315,0.1362,0.1143;0.1291,0.1265,0.1263,35
ISTGNN_PeMS04_flow,316,0.1362,0.1129;0.1312,0.1268,0.1263,36
ISTGNN_PeMS04_flow,317,0.1384,0.1133;0.1293,0.1270,0.1263,37
ISTGNN_PeMS04_flow,318,0.1358,0.1128;0.1298,0.1261,0.1261,0
ISTGNN_PeMS04_flow,319,0.1368,0.1136;0.1292,0.1266,0.1261,1
ISTGNN_PeMS04_flow,320,0.1363,0.1139;0.1295,0.1266,0.1261,2
ISTGNN_PeMS04_flow,321,0.1362,0.1130;0.1302,0.1265,0.1261,3
ISTGNN_PeMS04_flow,322,0.1373,0.1133;0.1299,0.1268,0.1261,4
ISTGNN_PeMS04_flow,323,0.1372,0.1130;0.1298,0.1267,0.1261,5
ISTGNN_PeMS04_flow,324,0.1380,0.1127;0.1303,0.1270,0.1261,6
ISTGNN_PeMS04_flow,325,0.1358,0.1133;0.1315,0.1269,0.1261,7
ISTGNN_PeMS04_flow,326,0.1365,0.1142;0.1293,0.1266,0.1261,8
ISTGNN_PeMS04_flow,327,0.1357,0.1131;0.1295,0.1261,0.1261,9
ISTGNN_PeMS04_flow,328,0.1377,0.1135;0.1291,0.1267,0.1261,10
ISTGNN_PeMS04_flow,329,0.1358,0.1128;0.1295,0.1260,0.1260,0
ISTGNN_PeMS04_flow,330,0.1365,0.1130;0.1292,0.1262,0.1260,1
ISTGNN_PeMS04_flow,331,0.1361,0.1132;0.1295,0.1263,0.1260,2
ISTGNN_PeMS04_flow,332,0.1368,0.1135;0.1294,0.1265,0.1260,3
ISTGNN_PeMS04_flow,333,0.1358,0.1131;0.1297,0.1262,0.1260,4
ISTGNN_PeMS04_flow,334,0.1361,0.1130;0.1297,0.1263,0.1260,5
ISTGNN_PeMS04_flow,335,0.1364,0.1137;0.1307,0.1270,0.1260,6
ISTGNN_PeMS04_flow,336,0.1365,0.1134;0.1292,0.1264,0.1260,7
ISTGNN_PeMS04_flow,337,0.1365,0.1129;0.1292,0.1262,0.1260,8
ISTGNN_PeMS04_flow,338,0.1356,0.1130;0.1294,0.1260,0.1260,9
ISTGNN_PeMS04_flow,339,0.1361,0.1134;0.1296,0.1264,0.1260,10
ISTGNN_PeMS04_flow,340,0.1360,0.1128;0.1306,0.1265,0.1260,11
ISTGNN_PeMS04_flow,341,0.1360,0.1135;0.1294,0.1263,0.1260,12
ISTGNN_PeMS04_flow,342,0.1360,0.1130;0.1303,0.1264,0.1260,13
ISTGNN_PeMS04_flow,343,0.1365,0.1135;0.1296,0.1265,0.1260,14
ISTGNN_PeMS04_flow,344,0.1367,0.1147;0.1295,0.1270,0.1260,15
ISTGNN_PeMS04_flow,345,0.1359,0.1136;0.1303,0.1266,0.1260,16
ISTGNN_PeMS04_flow,346,0.1367,0.1126;0.1294,0.1262,0.1260,17
ISTGNN_PeMS04_flow,347,0.1360,0.1128;0.1293,0.1260,0.1260,18
ISTGNN_PeMS04_flow,348,0.1357,0.1132;0.1307,0.1266,0.1260,19
ISTGNN_PeMS04_flow,349,0.1363,0.1127;0.1290,0.1260,0.1260,20
ISTGNN_PeMS04_flow,350,0.1362,0.1145;0.1292,0.1266,0.1260,21
ISTGNN_PeMS04_flow,351,0.1358,0.1140;0.1293,0.1264,0.1260,22
ISTGNN_PeMS04_flow,352,0.1358,0.1136;0.1295,0.1263,0.1260,23
ISTGNN_PeMS04_flow,353,0.1365,0.1133;0.1298,0.1265,0.1260,24
ISTGNN_PeMS04_flow,354,0.1364,0.1130;0.1294,0.1263,0.1260,25
ISTGNN_PeMS04_flow,355,0.1368,0.1126;0.1292,0.1262,0.1260,26
ISTGNN_PeMS04_flow,356,0.1359,0.1139;0.1315,0.1271,0.1260,27
ISTGNN_PeMS04_flow,357,0.1367,0.1127;0.1301,0.1265,0.1260,28
ISTGNN_PeMS04_flow,358,0.1361,0.1127;0.1293,0.1260,0.1260,29
ISTGNN_PeMS04_flow,359,0.1362,0.1134;0.1297,0.1264,0.1260,30
ISTGNN_PeMS04_flow,360,0.1362,0.1146;0.1298,0.1269,0.1260,31
ISTGNN_PeMS04_flow,361,0.1359,0.1131;0.1292,0.1261,0.1260,32
ISTGNN_PeMS04_flow,362,0.1360,0.1128;0.1302,0.1263,0.1260,33
ISTGNN_PeMS04_flow,363,0.1356,0.1127;0.1295,0.1259,0.1260,34
ISTGNN_PeMS04_flow,364,0.1360,0.1129;0.1291,0.1260,0.1260,35
ISTGNN_PeMS04_flow,365,0.1365,0.1129;0.1293,0.1262,0.1260,36
ISTGNN_PeMS04_flow,366,0.1358,0.1130;0.1299,0.1262,0.1260,37
ISTGNN_PeMS04_flow,367,0.1368,0.1128;0.1297,0.1264,0.1260,38
ISTGNN_PeMS04_flow,368,0.1358,0.1126;0.1294,0.1259,0.1259,0
ISTGNN_PeMS04_flow,369,0.1365,0.1136;0.1293,0.1265,0.1259,1
ISTGNN_PeMS04_flow,370,0.1359,0.1144;0.1295,0.1266,0.1259,2
ISTGNN_PeMS04_flow,371,0.1369,0.1135;0.1291,0.1265,0.1259,3
ISTGNN_PeMS04_flow,372,0.1361,0.1133;0.1295,0.1263,0.1259,4
ISTGNN_PeMS04_flow,373,0.1357,0.1127;0.1292,0.1258,0.1259,5
ISTGNN_PeMS04_flow,374,0.1379,0.1133;0.1292,0.1268,0.1259,6
ISTGNN_PeMS04_flow,375,0.1364,0.1140;0.1298,0.1267,0.1259,7
ISTGNN_PeMS04_flow,376,0.1355,0.1126;0.1292,0.1258,0.1258,0
ISTGNN_PeMS04_flow,377,0.1364,0.1129;0.1295,0.1263,0.1258,1
ISTGNN_PeMS04_flow,378,0.1364,0.1130;0.1293,0.1262,0.1258,2
ISTGNN_PeMS04_flow,379,0.1357,0.1138;0.1301,0.1265,0.1258,3
ISTGNN_PeMS04_flow,380,0.1364,0.1126;0.1293,0.1261,0.1258,4
ISTGNN_PeMS04_flow,381,0.1361,0.1133;0.1320,0.1272,0.1258,5
ISTGNN_PeMS04_flow,382,0.1363,0.1126;0.1291,0.1260,0.1258,6
ISTGNN_PeMS04_flow,383,0.1377,0.1133;0.1291,0.1267,0.1258,7
ISTGNN_PeMS04_flow,384,0.1372,0.1130;0.1306,0.1269,0.1258,8
ISTGNN_PeMS04_flow,385,0.1359,0.1126;0.1290,0.1258,0.1258,9
ISTGNN_PeMS04_flow,386,0.1355,0.1134;0.1293,0.1261,0.1258,10
ISTGNN_PeMS04_flow,387,0.1365,0.1134;0.1293,0.1264,0.1258,11
ISTGNN_PeMS04_flow,388,0.1367,0.1150;0.1294,0.1270,0.1258,12
ISTGNN_PeMS04_flow,389,0.1364,0.1138;0.1291,0.1264,0.1258,13
ISTGNN_PeMS04_flow,390,0.1358,0.1126;0.1293,0.1259,0.1258,14
ISTGNN_PeMS04_flow,391,0.1364,0.1132;0.1292,0.1263,0.1258,15
ISTGNN_PeMS04_flow,392,0.1356,0.1127;0.1295,0.1260,0.1258,16
ISTGNN_PeMS04_flow,393,0.1391,0.1127;0.1290,0.1269,0.1258,17
ISTGNN_PeMS04_flow,394,0.1356,0.1134;0.1292,0.1260,0.1258,18
ISTGNN_PeMS04_flow,395,0.1358,0.1146;0.1297,0.1267,0.1258,19
ISTGNN_PeMS04_flow,396,0.1357,0.1129;0.1295,0.1260,0.1258,20
ISTGNN_PeMS04_flow,397,0.1363,0.1126;0.1296,0.1262,0.1258,21
ISTGNN_PeMS04_flow,398,0.1362,0.1125;0.1297,0.1261,0.1258,22
ISTGNN_PeMS04_flow,399,0.1356,0.1137;0.1303,0.1265,0.1258,23
ISTGNN_PeMS04_flow,400,0.1364,0.1134;0.1298,0.1265,0.1258,24
ISTGNN_PeMS04_flow,401,0.1357,0.1131;0.1292,0.1260,0.1258,25
ISTGNN_PeMS04_flow,402,0.1359,0.1129;0.1295,0.1261,0.1258,26
ISTGNN_PeMS04_flow,403,0.1361,0.1125;0.1291,0.1259,0.1258,27
ISTGNN_PeMS04_flow,404,0.1357,0.1136;0.1295,0.1263,0.1258,28
ISTGNN_PeMS04_flow,405,0.1358,0.1124;0.1291,0.1258,0.1258,29
ISTGNN_PeMS04_flow,406,0.1360,0.1130;0.1296,0.1262,0.1258,30
ISTGNN_PeMS04_flow,407,0.1365,0.1125;0.1298,0.1263,0.1258,31
ISTGNN_PeMS04_flow,408,0.1367,0.1127;0.1291,0.1262,0.1258,32
ISTGNN_PeMS04_flow,409,0.1357,0.1140;0.1297,0.1265,0.1258,33
ISTGNN_PeMS04_flow,410,0.1357,0.1124;0.1293,0.1258,0.1258,34
ISTGNN_PeMS04_flow,411,0.1358,0.1129;0.1287,0.1258,0.1258,35
ISTGNN_PeMS04_flow,412,0.1359,0.1127;0.1300,0.1262,0.1258,36
ISTGNN_PeMS04_flow,413,0.1359,0.1127;0.1290,0.1259,0.1258,37
ISTGNN_PeMS04_flow,414,0.1357,0.1131;0.1306,0.1265,0.1258,38
ISTGNN_PeMS04_flow,415,0.1364,0.1124;0.1293,0.1260,0.1258,39
ISTGNN_PeMS04_flow,416,0.1369,0.1129;0.1292,0.1264,0.1258,40
ISTGNN_PeMS04_flow,417,0.1357,0.1126;0.1293,0.1259,0.1258,41
ISTGNN_PeMS04_flow,418,0.1356,0.1126;0.1293,0.1258,0.1258,42
ISTGNN_PeMS04_flow,419,0.1363,0.1123;0.1294,0.1260,0.1258,43
ISTGNN_PeMS04_flow,420,0.1357,0.1126;0.1295,0.1259,0.1258,44
ISTGNN_PeMS04_flow,421,0.1360,0.1141;0.1291,0.1264,0.1258,45
ISTGNN_PeMS04_flow,422,0.1356,0.1138;0.1300,0.1265,0.1258,46
ISTGNN_PeMS04_flow,423,0.1359,0.1126;0.1294,0.1260,0.1258,47
ISTGNN_PeMS04_flow,424,0.1364,0.1125;0.1301,0.1263,0.1258,48
ISTGNN_PeMS04_flow,425,0.1364,0.1133;0.1305,0.1267,0.1258,49
ISTGNN_PeMS04_flow,426,0.1363,0.1143;0.1300,0.1269,0.1258,50
ISTGNN_PeMS04_speed,1,0.1885,0.1569;0.1619,0.1691,0.1691,0
ISTGNN_PeMS04_speed,2,0.1835,0.1493;0.1560,0.1629,0.1629,0
ISTGNN_PeMS04_speed,3,0.1834,0.1503;0.1573,0.1636,0.1629,1
ISTGNN_PeMS04_speed,4,0.1831,0.1489;0.1569,0.1629,0.1629,2
ISTGNN_PeMS04_speed,5,0.1832,0.1503;0.1574,0.1636,0.1629,3
ISTGNN_PeMS04_speed,6,0.1892,0.1512;0.1575,0.1660,0.1629,4
ISTGNN_PeMS04_speed,7,0.1833,0.1486;0.1569,0.1629,0.1629,5
ISTGNN_PeMS04_speed,8,0.1838,0.1521;0.1603,0.1654,0.1629,6
ISTGNN_PeMS04_speed,9,0.1825,0.1513;0.1556,0.1632,0.1629,7
ISTGNN_PeMS04_speed,10,0.1843,0.1506;0.1558,0.1636,0.1629,8
ISTGNN_PeMS04_speed,11,0.1820,0.1475;0.1553,0.1616,0.1616,0
ISTGNN_PeMS04_speed,12,0.1821,0.1479;0.1561,0.1620,0.1616,1
ISTGNN_PeMS04_speed,13,0.1823,0.1479;0.1589,0.1630,0.1616,2
ISTGNN_PeMS04_speed,14,0.1817,0.1466;0.1552,0.1612,0.1612,0
ISTGNN_PeMS04_speed,15,0.1829,0.1475;0.1541,0.1615,0.1612,1
ISTGNN_PeMS04_speed,16,0.1805,0.1475;0.1547,0.1609,0.1609,0
ISTGNN_PeMS04_speed,17,0.1800,0.1469;0.1530,0.1600,0.1600,0
ISTGNN_PeMS04_speed,18,0.1815,0.1496;0.1544,0.1619,0.1600,1
ISTGNN_PeMS04_speed,19,0.1801,0.1492;0.1557,0.1617,0.1600,2
ISTGNN_PeMS04_speed,20,0.1816,0.1481;0.1537,0.1611,0.1600,3
ISTGNN_PeMS04_speed,21,0.1786,0.1476;0.1524,0.1595,0.1595,0
ISTGNN_PeMS04_speed,22,0.1784,0.1467;0.1542,0.1598,0.1595,1
ISTGNN_PeMS04_speed,23,0.1797,0.1462;0.1576,0.1611,0.1595,2
ISTGNN_PeMS04_speed,24,0.1797,0.1463;0.1531,0.1597,0.1595,3
ISTGNN_PeMS04_speed,25,0.1795,0.1465;0.1530,0.1597,0.1595,4
ISTGNN_PeMS04_speed,26,0.1793,0.1474;0.1536,0.1601,0.1595,5
ISTGNN_PeMS04_speed,27,0.1794,0.1469;0.1540,0.1601,0.1595,6
ISTGNN_PeMS04_speed,28,0.1801,0.1460;0.1536,0.1599,0.1595,7
ISTGNN_PeMS04_speed,29,0.1802,0.1452;0.1527,0.1593,0.1593,0
ISTGNN_PeMS04_speed,30,0.1799,0.1471;0.1538,0.1603,0.1593,1
ISTGNN_PeMS04_speed,31,0.1796,0.1462;0.1532,0.1597,0.1593,2
ISTGNN_PeMS04_speed,32,0.1790,0.1470;0.1524,0.1594,0.1593,3
ISTGNN_PeMS04_speed,33,0.1802,0.1463;0.1554,0.1606,0.1593,4
ISTGNN_PeMS04_speed,34,0.1834,0.1474;0.1543,0.1617,0.1593,5
ISTGNN_PeMS04_speed,35,0.1798,0.1468;0.1527,0.1598,0.1593,6
ISTGNN_PeMS04_speed,36,0.1800,0.1457;0.1600,0.1619,0.1593,7
ISTGNN_PeMS04_speed,37,0.1798,0.1472;0.1548,0.1606,0.1593,8
ISTGNN_PeMS04_speed,38,0.1824,0.1462;0.1535,0.1607,0.1593,9
ISTGNN_PeMS04_speed,39,0.1789,0.1452;0.1539,0.1593,0.1593,10
ISTGNN_PeMS04_speed,40,0.1785,0.1463;0.1578,0.1609,0.1593,11
ISTGNN_PeMS04_speed,41,0.1801,0.1449;0.1524,0.1591,0.1591,0
ISTGNN_PeMS04_speed,42,0.1790,0.1466;0.1541,0.1599,0.1591,1
ISTGNN_PeMS04_speed,43,0.1796,0.1454;0.1532,0.1594,0.1591,2
ISTGNN_PeMS04_speed,44,0.1797,0.1449;0.1545,0.1597,0.1591,3
ISTGNN_PeMS04_speed,45,0.1788,0.1464;0.1549,0.1600,0.1591,4
ISTGNN_PeMS04_speed,46,0.1789,0.1459;0.1520,0.1589,0.1589,0
ISTGNN_PeMS04_speed,47,0.1799,0.1461;0.1529,0.1596,0.1589,1
ISTGNN_PeMS04_speed,48,0.1787,0.1472;0.1544,0.1601,0.1589,2
ISTGNN_PeMS04_speed,49,0.1788,0.1467;0.1534,0.1596,0.1589,3
ISTGNN_PeMS04_speed,50,0.1818,0.1462;0.1534,0.1605,0.1589,4
ISTGNN_PeMS04_speed,51,0.1794,0.1450;0.1543,0.1596,0.1589,5
ISTGNN_PeMS04_speed,52,0.1786,0.1472;0.1522,0.1594,0.1589,6
ISTGNN_PeMS04_speed,53,0.1792,0.1463;0.1541,0.1598,0.1589,7
ISTGNN_PeMS04_speed,54,0.1795,0.1475;0.1528,0.1599,0.1589,8
ISTGNN_PeMS04_speed,55,0.1799,0.1458;0.1541,0.1599,0.1589,9
ISTGNN_PeMS04_speed,56,0.1804,0.1450;0.1554,0.1603,0.1589,10
ISTGNN_PeMS04_speed,57,0.1775,0.1462;0.1556,0.1598,0.1589,11
ISTGNN_PeMS04_speed,58,0.1774,0.1459;0.1526,0.1586,0.1586,0
ISTGNN_PeMS04_speed,59,0.1775,0.1462;0.1533,0.1590,0.1586,1
ISTGNN_PeMS04_speed,60,0.1773,0.1463;0.1521,0.1586,0.1586,2
ISTGNN_PeMS04_speed,61,0.1777,0.1456;0.1538,0.1590,0.1586,3
ISTGNN_PeMS04_speed,62,0.1805,0.1454;0.1524,0.1594,0.1586,4
ISTGNN_PeMS04_speed,63,0.1776,0.1451;0.1562,0.1596,0.1586,5
ISTGNN_PeMS04_speed,64,0.1803,0.1463;0.1536,0.1601,0.1586,6
ISTGNN_PeMS04_speed,65,0.1792,0.1462;0.1528,0.1594,0.1586,7
ISTGNN_PeMS04_speed,66,0.1773,0.1451;0.1533,0.1585,0.1585,0
ISTGNN_PeMS04_speed,67,0.1778,0.1450;0.1550,0.1593,0.1585,1
ISTGNN_PeMS04_speed,68,0.1789,0.1458;0.1552,0.1600,0.1585,2
ISTGNN_PeMS04_speed,69,0.1785,0.1459;0.1551,0.1598,0.1585,3
ISTGNN_PeMS04_speed,70,0.1772,0.1457;0.1522,0.1584,0.1584,0
ISTGNN_PeMS04_speed,71,0.1794,0.1449;0.1535,0.1592,0.1584,1
ISTGNN_PeMS04_speed,72,0.1784,0.1452;0.1527,0.1588,0.1584,2
ISTGNN_PeMS04_speed,73,0.1784,0.1445;0.1530,0.1586,0.1584,3
ISTGNN_PeMS04_speed,74,0.1796,0.1446;0.1522,0.1588,0.1584,4
ISTGNN_PeMS04_speed,75,0.1779,0.1466;0.1557,0.1600,0.1584,5
ISTGNN_PeMS04_speed,76,0.1772,0.1447;0.1530,0.1583,0.1584,6
ISTGNN_PeMS04_speed,77,0.1785,0.1457;0.1522,0.1588,0.1584,7
ISTGNN_PeMS04_speed,78,0.1778,0.1449;0.1534,0.1587,0.1584,8
ISTGNN_PeMS04_speed,79,0.1784,0.1458;0.1550,0.1597,0.1584,9
ISTGNN_PeMS04_speed,80,0.1774,0.1448;0.1545,0.1589,0.1584,10
ISTGNN_PeMS04_speed,81,0.1788,0.1454;0.1528,0.1590,0.1584,11
ISTGNN_PeMS04_speed,82,0.1791,0.1443;0.1533,0.1589,0.1584,12
ISTGNN_PeMS04_speed,83,0.1800,0.1457;0.1522,0.1593,0.1584,13
ISTGNN_PeMS04_speed,84,0.1783,0.1454;0.1510,0.1582,0.1582,0
ISTGNN_PeMS04_speed,85,0.1777,0.1463;0.1527,0.1589,0.1582,1
ISTGNN_PeMS04_speed,86,0.1813,0.1444;0.1509,0.1589,0.1582,2
ISTGNN_PeMS04_speed,87,0.1784,0.1447;0.1524,0.1585,0.1582,3
ISTGNN_PeMS04_speed,88,0.1779,0.1451;0.1534,0.1588,0.1582,4
ISTGNN_PeMS04_speed,89,0.1772,0.1452;0.1531,0.1585,0.1582,5
ISTGNN_PeMS04_speed,90,0.1775,0.1451;0.1533,0.1586,0.1582,6
ISTGNN_PeMS04_speed,91,0.1776,0.1447;0.1531,0.1585,0.1582,7
ISTGNN_PeMS04_speed,92,0.1782,0.1446;0.1525,0.1584,0.1582,8
ISTGNN_PeMS04_speed,93,0.1786,0.1464;0.1519,0.1590,0.1582,9
ISTGNN_PeMS04_speed,94,0.1781,0.1466;0.1516,0.1588,0.1582,10
ISTGNN_PeMS04_speed,95,0.1782,0.1453;0.1543,0.1593,0.1582,11
ISTGNN_PeMS04_speed,96,0.1790,0.1467;0.1525,0.1594,0.1582,12
ISTGNN_PeMS04_speed,97,0.1771,0.1453;0.1535,0.1586,0.1582,13
ISTGNN_PeMS04_speed,98,0.1775,0.1456;0.1535,0.1589,0.1582,14
ISTGNN_PeMS04_speed,99,0.1777,0.1451;0.1513,0.1580,0.1580,0
ISTGNN_PeMS04_speed,100,0.1782,0.1445;0.1524,0.1583,0.1580,1
ISTGNN_PeMS04_speed,101,0.1777,0.1446;0.1531,0.1585,0.1580,2
ISTGNN_PeMS04_speed,102,0.1776,0.1452;0.1537,0.1588,0.1580,3
ISTGNN_PeMS04_speed,103,0.1775,0.1443;0.1533,0.1584,0.1580,4
ISTGNN_PeMS04_speed,104,0.1789,0.1441;0.1534,0.1588,0.1580,5
ISTGNN_PeMS04_speed,105,0.1789,0.1446;0.1520,0.1585,0.1580,6
ISTGNN_PeMS04_speed,106,0.1784,0.1444;0.1541,0.1590,0.1580,7
ISTGNN_PeMS04_speed,107,0.1772,0.1464;0.1522,0.1586,0.1580,8
ISTGNN_PeMS04_speed,108,0.1770,0.1456;0.1537,0.1587,0.1580,9
ISTGNN_PeMS04_speed,109,0.1774,0.1442;0.1526,0.1581,0.1580,10
ISTGNN_PeMS04_speed,110,0.1789,0.1463;0.1518,0.1590,0.1580,11
ISTGNN_PeMS04_speed,111,0.1782,0.1454;0.1523,0.1586,0.1580,12
ISTGNN_PeMS04_speed,112,0.1792,0.1443;0.1526,0.1587,0.1580,13
ISTGNN_PeMS04_speed,113,0.1790,0.1470;0.1532,0.1597,0.1580,14
ISTGNN_PeMS04_speed,114,0.1796,0.1443;0.1529,0.1589,0.1580,15
ISTGNN_PeMS04_speed,115,0.1771,0.1447;0.1523,0.1581,0.1580,16
ISTGNN_PeMS04_speed,116,0.1786,0.1455;0.1519,0.1587,0.1580,17
ISTGNN_PeMS04_speed,117,0.1770,0.1466;0.1513,0.1583,0.1580,18
ISTGNN_PeMS04_speed,118,0.1771,0.1444;0.1525,0.1580,0.1580,19
ISTGNN_PeMS04_speed,119,0.1776,0.1445;0.1534,0.1585,0.1580,20
ISTGNN_PeMS04_speed,120,0.1802,0.1444;0.1521,0.1589,0.1580,21
ISTGNN_PeMS04_speed,121,0.1770,0.1451;0.1522,0.1581,0.1580,22
ISTGNN_PeMS04_speed,122,0.1796,0.1448;0.1543,0.1596,0.1580,23
ISTGNN_PeMS04_speed,123,0.1816,0.1444;0.1523,0.1594,0.1580,24
ISTGNN_PeMS04_speed,124,0.1773,0.1440;0.1542,0.1585,0.1580,25
ISTGNN_PeMS04_speed,125,0.1777,0.1467;0.1525,0.1590,0.1580,26
ISTGNN_PeMS04_speed,126,0.1766,0.1447;0.1523,0.1579,0.1579,0
ISTGNN_PeMS04_speed,127,0.1770,0.1448;0.1539,0.1586,0.1579,1
ISTGNN_PeMS04_speed,128,0.1771,0.1440;0.1516,0.1576,0.1576,0
ISTGNN_PeMS04_speed,129,0.1778,0.1445;0.1543,0.1589,0.1576,1
ISTGNN_PeMS04_speed,130,0.1775,0.1445;0.1515,0.1578,0.1576,2
ISTGNN_PeMS04_speed,131,0.1773,0.1437;0.1528,0.1579,0.1576,3
ISTGNN_PeMS04_speed,132,0.1788,0.1464;0.1521,0.1591,0.1576,4
ISTGNN_PeMS04_speed,133,0.1764,0.1458;0.1520,0.1581,0.1576,5
ISTGNN_PeMS04_speed,134,0.1783,0.1455;0.1520,0.1586,0.1576,6
ISTGNN_PeMS04_speed,135,0.1767,0.1450;0.1521,0.1579,0.1576,7
ISTGNN_PeMS04_speed,136,0.1801,0.1435;0.1533,0.1590,0.1576,8
ISTGNN_PeMS04_speed,137,0.1773,0.1443;0.1533,0.1583,0.1576,9
ISTGNN_PeMS04_speed,138,0.1778,0.1444;0.1518,0.1580,0.1576,10
ISTGNN_PeMS04_speed,139,0.1784,0.1442;0.1517,0.1581,0.1576,11
ISTGNN_PeMS04_speed,140,0.1770,0.1450;0.1519,0.1580,0.1576,12
ISTGNN_PeMS04_speed,141,0.1791,0.1467;0.1517,0.1592,0.1576,13
ISTGNN_PeMS04_speed,142,0.1769,0.1451;0.1523,0.1581,0.1576,14
ISTGNN_PeMS04_speed,143,0.1777,0.1442;0.1558,0.1592,0.1576,15
ISTGNN_PeMS04_speed,144,0.1795,0.1443;0.1526,0.1588,0.1576,16
ISTGNN_PeMS04_speed,145,0.1774,0.1450;0.1519,0.1581,0.1576,17
ISTGNN_PeMS04_speed,146,0.1775,0.1453;0.1540,0.1590,0.1576,18
ISTGNN_PeMS04_speed,147,0.1766,0.1442;0.1527,0.1578,0.1576,19
ISTGNN_PeMS04_speed,148,0.1774,0.1457;0.1525,0.1585,0.1576,20
ISTGNN_PeMS04_speed,149,0.1780,0.1444;0.1528,0.1584,0.1576,21
ISTGNN_PeMS04_speed,150,0.1779,0.1446;0.1520,0.1582,0.1576,22
ISTGNN_PeMS04_speed,151,0.1774,0.1445;0.1520,0.1580,0.1576,23
ISTGNN_PeMS04_speed,152,0.1794,0.1451;0.1523,0.1589,0.1576,24
ISTGNN_PeMS04_speed,153,0.1787,0.1440;0.1531,0.1586,0.1576,25
ISTGNN_PeMS04_speed,154,0.1771,0.1448;0.1510,0.1576,0.1576,26
ISTGNN_PeMS04_speed,155,0.1773,0.1443;0.1530,0.1582,0.1576,27
ISTGNN_PeMS04_speed,156,0.1776,0.1459;0.1550,0.1595,0.1576,28
ISTGNN_PeMS04_speed,157,0.1778,0.1461;0.1526,0.1588,0.1576,29
ISTGNN_PeMS04_speed,158,0.1766,0.1457;0.1517,0.1580,0.1576,30
ISTGNN_PeMS04_speed,159,0.1771,0.1451;0.1531,0.1584,0.1576,31
ISTGNN_PeMS04_speed,160,0.1772,0.1455;0.1532,0.1586,0.1576,32
ISTGNN_PeMS04_speed,161,0.1771,0.1440;0.1535,0.1582,0.1576,33
ISTGNN_PeMS04_speed,162,0.1790,0.1449;0.1520,0.1586,0.1576,34
ISTGNN_PeMS04_speed,163,0.1774,0.1459;0.1525,0.1586,0.1576,35
ISTGNN_PeMS04_speed,164,0.1793,0.1459;0.1515,0.1589,0.1576,36
ISTGNN_PeMS04_speed,165,0.1781,0.1448;0.1524,0.1584,0.1576,37
ISTGNN_PeMS04_speed,166,0.1816,0.1444;0.1525,0.1595,0.1576,38
ISTGNN_PeMS04_speed,167,0.1767,0.1448;0.1513,0.1576,0.1576,39
ISTGNN_PeMS04_speed,168,0.1776,0.1449;0.1513,0.1579,0.1576,40
ISTGNN_PeMS04_speed,169,0.1769,0.1447;0.1541,0.1586,0.1576,41
ISTGNN_PeMS04_speed,170,0.1780,0.1442;0.1520,0.1581,0.1576,42
ISTGNN_PeMS04_speed,171,0.1775,0.1458;0.1525,0.1586,0.1576,43
ISTGNN_PeMS04_speed,172,0.1789,0.1481;0.1542,0.1604,0.1576,44
ISTGNN_PeMS04_speed,173,0.1773,0.1442;0.1515,0.1577,0.1576,45
ISTGNN_PeMS04_speed,174,0.1780,0.1458;0.1512,0.1583,0.1576,46
ISTGNN_PeMS04_speed,175,0.1776,0.1448;0.1516,0.1580,0.1576,47
ISTGNN_PeMS04_speed,176,0.1809,0.1454;0.1521,0.1594,0.1576,48
ISTGNN_PeMS04_speed,177,0.1805,0.1452;0.1530,0.1596,0.1576,49
ISTGNN_PeMS04_speed,178,0.1777,0.1446;0.1518,0.1580,0.1576,50
ISTGNN_PeMS04_occ,1,0.1761,0.1592;0.1730,0.1694,0.1694,0
ISTGNN_PeMS04_occ,2,0.1804,0.1554;0.1688,0.1682,0.1682,0
ISTGNN_PeMS04_occ,3,0.1741,0.1519;0.1662,0.1641,0.1641,0
ISTGNN_PeMS04_occ,4,0.1743,0.1505;0.1667,0.1639,0.1639,0
ISTGNN_PeMS04_occ,5,0.1746,0.1510;0.1680,0.1645,0.1639,1
ISTGNN_PeMS04_occ,6,0.1753,0.1542;0.1659,0.1651,0.1639,2
ISTGNN_PeMS04_occ,7,0.1744,0.1546;0.1680,0.1657,0.1639,3
ISTGNN_PeMS04_occ,8,0.1784,0.1520;0.1675,0.1660,0.1639,4
ISTGNN_PeMS04_occ,9,0.1759,0.1520;0.1711,0.1663,0.1639,5
ISTGNN_PeMS04_occ,10,0.1731,0.1496;0.1657,0.1628,0.1628,0
ISTGNN_PeMS04_occ,11,0.1738,0.1527;0.1661,0.1642,0.1628,1
ISTGNN_PeMS04_occ,12,0.1723,0.1555;0.1640,0.1640,0.1628,2
ISTGNN_PeMS04_occ,13,0.1708,0.1538;0.1656,0.1634,0.1628,3
ISTGNN_PeMS04_occ,14,0.1739,0.1508;0.1657,0.1634,0.1628,4
ISTGNN_PeMS04_occ,15,0.1707,0.1515;0.1633,0.1618,0.1618,0
ISTGNN_PeMS04_occ,16,0.1731,0.1504;0.1693,0.1643,0.1618,1
ISTGNN_PeMS04_occ,17,0.1768,0.1554;0.1634,0.1652,0.1618,2
ISTGNN_PeMS04_occ,18,0.1708,0.1530;0.1628,0.1622,0.1618,3
ISTGNN_PeMS04_occ,19,0.1705,0.1494;0.1649,0.1616,0.1616,0
ISTGNN_PeMS04_occ,20,0.1723,0.1554;0.1630,0.1636,0.1616,1
ISTGNN_PeMS04_occ,21,0.1750,0.1492;0.1622,0.1621,0.1616,2
ISTGNN_PeMS04_occ,22,0.1715,0.1521;0.1658,0.1631,0.1616,3
ISTGNN_PeMS04_occ,23,0.1715,0.1485;0.1628,0.1609,0.1609,0
ISTGNN_PeMS04_occ,24,0.1719,0.1534;0.1648,0.1634,0.1609,1
ISTGNN_PeMS04_occ,25,0.1715,0.1492;0.1648,0.1619,0.1609,2
ISTGNN_PeMS04_occ,26,0.1698,0.1479;0.1665,0.1614,0.1609,3
ISTGNN_PeMS04_occ,27,0.1711,0.1574;0.1637,0.1640,0.1609,4
ISTGNN_PeMS04_occ,28,0.1703,0.1505;0.1640,0.1616,0.1609,5
ISTGNN_PeMS04_occ,29,0.1708,0.1499;0.1644,0.1617,0.1609,6
ISTGNN_PeMS04_occ,30,0.1689,0.1498;0.1624,0.1604,0.1604,0
ISTGNN_PeMS04_occ,31,0.1723,0.1491;0.1631,0.1615,0.1604,1
ISTGNN_PeMS04_occ,32,0.1701,0.1488;0.1641,0.1610,0.1604,2
ISTGNN_PeMS04_occ,33,0.1690,0.1523;0.1679,0.1631,0.1604,3
ISTGNN_PeMS04_occ,34,0.1705,0.1502;0.1629,0.1612,0.1604,4
ISTGNN_PeMS04_occ,35,0.1715,0.1478;0.1617,0.1603,0.1604,5
ISTGNN_PeMS04_occ,36,0.1702,0.1596;0.1642,0.1647,0.1604,6
ISTGNN_PeMS04_occ,37,0.1723,0.1471;0.1626,0.1606,0.1604,7
ISTGNN_PeMS04_occ,38,0.1703,0.1480;0.1629,0.1604,0.1604,8
ISTGNN_PeMS04_occ,39,0.1698,0.1492;0.1637,0.1609,0.1604,9
ISTGNN_PeMS04_occ,40,0.1695,0.1486;0.1630,0.1604,0.1604,10
ISTGNN_PeMS04_occ,41,0.1716,0.1473;0.1621,0.1604,0.1604,11
ISTGNN_PeMS04_occ,42,0.1694,0.1473;0.1628,0.1598,0.1598,0
ISTGNN_PeMS04_occ,43,0.1692,0.1499;0.1623,0.1605,0.1598,1
ISTGNN_PeMS04_occ,44,0.1689,0.1468;0.1634,0.1597,0.1597,0
ISTGNN_PeMS04_occ,45,0.1691,0.1480;0.1624,0.1598,0.1597,1
ISTGNN_PeMS04_occ,46,0.1696,0.1490;0.1620,0.1602,0.1597,2
ISTGNN_PeMS04_occ,47,0.1712,0.1466;0.1624,0.1601,0.1597,3
ISTGNN_PeMS04_occ,48,0.1693,0.1501;0.1642,0.1612,0.1597,4
ISTGNN_PeMS04_occ,49,0.1684,0.1490;0.1621,0.1598,0.1597,5
ISTGNN_PeMS04_occ,50,0.1702,0.1472;0.1627,0.1600,0.1597,6
ISTGNN_PeMS04_occ,51,0.1723,0.1470;0.1644,0.1612,0.1597,7
ISTGNN_PeMS04_occ,52,0.1709,0.1469;0.1622,0.1600,0.1597,8
ISTGNN_PeMS04_occ,53,0.1684,0.1509;0.1643,0.1612,0.1597,9
ISTGNN_PeMS04_occ,54,0.1711,0.1547;0.1622,0.1627,0.1597,10
ISTGNN_PeMS04_occ,55,0.1683,0.1475;0.1621,0.1593,0.1593,0
ISTGNN_PeMS04_occ,56,0.1703,0.1477;0.1620,0.1600,0.1593,1
ISTGNN_PeMS04_occ,57,0.1691,0.1479;0.1636,0.1602,0.1593,2
ISTGNN_PeMS04_occ,58,0.1690,0.1472;0.1618,0.1594,0.1593,3
ISTGNN_PeMS04_occ,59,0.1682,0.1493;0.1624,0.1600,0.1593,4
ISTGNN_PeMS04_occ,60,0.1695,0.1474;0.1640,0.1603,0.1593,5
ISTGNN_PeMS04_occ,61,0.1683,0.1468;0.1630,0.1594,0.1593,6
ISTGNN_PeMS04_occ,62,0.1716,0.1469;0.1623,0.1602,0.1593,7
ISTGNN_PeMS04_occ,63,0.1682,0.1481;0.1625,0.1596,0.1593,8
ISTGNN_PeMS04_occ,64,0.1683,0.1471;0.1619,0.1591,0.1591,0
ISTGNN_PeMS04_occ,65,0.1692,0.1481;0.1628,0.1600,0.1591,1
ISTGNN_PeMS04_occ,66,0.1682,0.1477;0.1615,0.1591,0.1591,2
ISTGNN_PeMS04_occ,67,0.1706,0.1480;0.1621,0.1602,0.1591,3
ISTGNN_PeMS04_occ,68,0.1702,0.1519;0.1661,0.1627,0.1591,4
ISTGNN_PeMS04_occ,69,0.1691,0.1484;0.1633,0.1603,0.1591,5
ISTGNN_PeMS04_occ,70,0.1679,0.1479;0.1622,0.1593,0.1591,6
ISTGNN_PeMS04_occ,71,0.1685,0.1472;0.1633,0.1597,0.1591,7
ISTGNN_PeMS04_occ,72,0.1688,0.1493;0.1638,0.1606,0.1591,8
ISTGNN_PeMS04_occ,73,0.1679,0.1465;0.1654,0.1599,0.1591,9
ISTGNN_PeMS04_occ,74,0.1681,0.1482;0.1623,0.1595,0.1591,10
ISTGNN_PeMS04_occ,75,0.1690,0.1487;0.1621,0.1600,0.1591,11
ISTGNN_PeMS04_occ,76,0.1694,0.1468;0.1635,0.1599,0.1591,12
ISTGNN_PeMS04_occ,77,0.1683,0.1494;0.1657,0.1611,0.1591,13
ISTGNN_PeMS04_occ,78,0.1703,0.1473;0.1620,0.1599,0.1591,14
ISTGNN_PeMS04_occ,79,0.1676,0.1487;0.1615,0.1593,0.1591,15
ISTGNN_PeMS04_occ,80,0.1676,0.1476;0.1614,0.1589,0.1589,0
ISTGNN_PeMS04_occ,81,0.1686,0.1463;0.1634,0.1594,0.1589,1
ISTGNN_PeMS04_occ,82,0.1689,0.1469;0.1619,0.1592,0.1589,2
ISTGNN_PeMS04_occ,83,0.1698,0.1478;0.1620,0.1599,0.1589,3
ISTGNN_PeMS04_occ,84,0.1697,0.1464;0.1628,0.1596,0.1589,4
ISTGNN_PeMS04_occ,85,0.1705,0.1519;0.1617,0.1614,0.1589,5
ISTGNN_PeMS04_occ,86,0.1702,0.1485;0.1615,0.1601,0.1589,6
ISTGNN_PeMS04_occ,87,0.1688,0.1476;0.1628,0.1597,0.1589,7
ISTGNN_PeMS04_occ,88,0.1682,0.1477;0.1634,0.1598,0.1589,8
ISTGNN_PeMS04_occ,89,0.1688,0.1460;0.1613,0.1587,0.1587,0
ISTGNN_PeMS04_occ,90,0.1685,0.1492;0.1627,0.1601,0.1587,1
ISTGNN_PeMS04_occ,91,0.1674,0.1498;0.1614,0.1596,0.1587,2
ISTGNN_PeMS04_occ,92,0.1681,0.1472;0.1614,0.1589,0.1587,3
ISTGNN_PeMS04_occ,93,0.1709,0.1476;0.1627,0.1604,0.1587,4
ISTGNN_PeMS04_occ,94,0.1687,0.1482;0.1634,0.1601,0.1587,5
ISTGNN_PeMS04_occ,95,0.1683,0.1478;0.1613,0.1591,0.1587,6
ISTGNN_PeMS04_occ,96,0.1688,0.1470;0.1612,0.1590,0.1587,7
ISTGNN_PeMS04_occ,97,0.1682,0.1492;0.1625,0.1600,0.1587,8
ISTGNN_PeMS04_occ,98,0.1686,0.1486;0.1634,0.1602,0.1587,9
ISTGNN_PeMS04_occ,99,0.1701,0.1474;0.1612,0.1596,0.1587,10
ISTGNN_PeMS04_occ,100,0.1674,0.1461;0.1628,0.1588,0.1587,11
ISTGNN_PeMS04_occ,101,0.1677,0.1464;0.1614,0.1585,0.1585,0
ISTGNN_PeMS04_occ,102,0.1683,0.1535;0.1635,0.1618,0.1585,1
ISTGNN_PeMS04_occ,103,0.1741,0.1514;0.1626,0.1627,0.1585,2
ISTGNN_PeMS04_occ,104,0.1681,0.1461;0.1614,0.1585,0.1585,3
ISTGNN_PeMS04_occ,105,0.1682,0.1468;0.1612,0.1587,0.1585,4
ISTGNN_PeMS04_occ,106,0.1678,0.1496;0.1608,0.1594,0.1585,5
ISTGNN_PeMS04_occ,107,0.1672,0.1499;0.1611,0.1594,0.1585,6
ISTGNN_PeMS04_occ,108,0.1704,0.1477;0.1620,0.1600,0.1585,7
ISTGNN_PeMS04_occ,109,0.1711,0.1475;0.1621,0.1602,0.1585,8
ISTGNN_PeMS04_occ,110,0.1688,0.1469;0.1621,0.1593,0.1585,9
ISTGNN_PeMS04_occ,111,0.1700,0.1469;0.1608,0.1592,0.1585,10
ISTGNN_PeMS04_occ,112,0.1672,0.1466;0.1622,0.1587,0.1585,11
ISTGNN_PeMS04_occ,113,0.1703,0.1488;0.1625,0.1605,0.1585,12
ISTGNN_PeMS04_occ,114,0.1676,0.1481;0.1625,0.1594,0.1585,13
ISTGNN_PeMS04_occ,115,0.1682,0.1470;0.1620,0.1591,0.1585,14
ISTGNN_PeMS04_occ,116,0.1707,0.1490;0.1619,0.1605,0.1585,15
ISTGNN_PeMS04_occ,117,0.1704,0.1474;0.1616,0.1598,0.1585,16
ISTGNN_PeMS04_occ,118,0.1694,0.1478;0.1615,0.1596,0.1585,17
ISTGNN_PeMS04_occ,119,0.1691,0.1483;0.1637,0.1604,0.1585,18
ISTGNN_PeMS04_occ,120,0.1685,0.1483;0.1641,0.1603,0.1585,19
ISTGNN_PeMS04_occ,121,0.1676,0.1462;0.1631,0.1590,0.1585,20
ISTGNN_PeMS04_occ,122,0.1687,0.1487;0.1611,0.1595,0.1585,21
ISTGNN_PeMS04_occ,123,0.1694,0.1459;0.1627,0.1594,0.1585,22
ISTGNN_PeMS04_occ,124,0.1690,0.1465;0.1634,0.1597,0.1585,23
ISTGNN_PeMS04_occ,125,0.1679,0.1456;0.1623,0.1586,0.1585,24
ISTGNN_PeMS04_occ,126,0.1691,0.1493;0.1622,0.1602,0.1585,25
ISTGNN_PeMS04_occ,127,0.1688,0.1461;0.1615,0.1588,0.1585,26
ISTGNN_PeMS04_occ,128,0.1672,0.1487;0.1613,0.1591,0.1585,27
ISTGNN_PeMS04_occ,129,0.1679,0.1475;0.1628,0.1594,0.1585,28
ISTGNN_PeMS04_occ,130,0.1695,0.1464;0.1611,0.1590,0.1585,29
ISTGNN_PeMS04_occ,131,0.1681,0.1474;0.1612,0.1589,0.1585,30
ISTGNN_PeMS04_occ,132,0.1679,0.1499;0.1615,0.1597,0.1585,31
ISTGNN_PeMS04_occ,133,0.1689,0.1493;0.1612,0.1598,0.1585,32
ISTGNN_PeMS04_occ,134,0.1690,0.1463;0.1634,0.1596,0.1585,33
ISTGNN_PeMS04_occ,135,0.1669,0.1478;0.1613,0.1587,0.1585,34
ISTGNN_PeMS04_occ,136,0.1701,0.1458;0.1628,0.1596,0.1585,35
ISTGNN_PeMS04_occ,137,0.1683,0.1506;0.1616,0.1602,0.1585,36
ISTGNN_PeMS04_occ,138,0.1674,0.1472;0.1634,0.1593,0.1585,37
ISTGNN_PeMS04_occ,139,0.1681,0.1505;0.1623,0.1603,0.1585,38
ISTGNN_PeMS04_occ,140,0.1677,0.1458;0.1614,0.1583,0.1583,0
ISTGNN_PeMS04_occ,141,0.1676,0.1486;0.1620,0.1594,0.1583,1
ISTGNN_PeMS04_occ,142,0.1680,0.1464;0.1631,0.1592,0.1583,2
ISTGNN_PeMS04_occ,143,0.1691,0.1467;0.1617,0.1591,0.1583,3
ISTGNN_PeMS04_occ,144,0.1679,0.1458;0.1620,0.1585,0.1583,4
ISTGNN_PeMS04_occ,145,0.1681,0.1485;0.1624,0.1597,0.1583,5
ISTGNN_PeMS04_occ,146,0.1674,0.1469;0.1618,0.1587,0.1583,6
ISTGNN_PeMS04_occ,147,0.1676,0.1500;0.1634,0.1603,0.1583,7
ISTGNN_PeMS04_occ,148,0.1696,0.1477;0.1619,0.1597,0.1583,8
ISTGNN_PeMS04_occ,149,0.1693,0.1474;0.1622,0.1596,0.1583,9
ISTGNN_PeMS04_occ,150,0.1683,0.1472;0.1611,0.1588,0.1583,10
ISTGNN_PeMS04_occ,151,0.1681,0.1480;0.1609,0.1590,0.1583,11
ISTGNN_PeMS04_occ,152,0.1686,0.1474;0.1633,0.1598,0.1583,12
ISTGNN_PeMS04_occ,153,0.1674,0.1467;0.1634,0.1592,0.1583,13
ISTGNN_PeMS04_occ,154,0.1689,0.1466;0.1650,0.1602,0.1583,14
ISTGNN_PeMS04_occ,155,0.1673,0.1463;0.1619,0.1585,0.1583,15
ISTGNN_PeMS04_occ,156,0.1682,0.1472;0.1624,0.1593,0.1583,16
ISTGNN_PeMS04_occ,157,0.1674,0.1471;0.1618,0.1588,0.1583,17
ISTGNN_PeMS04_occ,158,0.1681,0.1463;0.1622,0.1588,0.1583,18
ISTGNN_PeMS04_occ,159,0.1682,0.1461;0.1622,0.1588,0.1583,19
ISTGNN_PeMS04_occ,160,0.1683,0.1461;0.1610,0.1585,0.1583,20
ISTGNN_PeMS04_occ,161,0.1673,0.1513;0.1608,0.1598,0.1583,21
ISTGNN_PeMS04_occ,162,0.1686,0.1475;0.1639,0.1600,0.1583,22
ISTGNN_PeMS04_occ,163,0.1674,0.1461;0.1624,0.1586,0.1583,23
ISTGNN_PeMS04_occ,164,0.1678,0.1464;0.1621,0.1588,0.1583,24
ISTGNN_PeMS04_occ,165,0.1681,0.1467;0.1643,0.1597,0.1583,25
ISTGNN_PeMS04_occ,166,0.1681,0.1469;0.1610,0.1587,0.1583,26
ISTGNN_PeMS04_occ,167,0.1700,0.1509;0.1620,0.1610,0.1583,27
ISTGNN_PeMS04_occ,168,0.1681,0.1459;0.1630,0.1590,0.1583,28
ISTGNN_PeMS04_occ,169,0.1679,0.1466;0.1645,0.1596,0.1583,29
ISTGNN_PeMS04_occ,170,0.1672,0.1461;0.1613,0.1582,0.1583,30
ISTGNN_PeMS04_occ,171,0.1692,0.1480;0.1626,0.1599,0.1583,31
ISTGNN_PeMS04_occ,172,0.1676,0.1469;0.1613,0.1586,0.1583,32
ISTGNN_PeMS04_occ,173,0.1697,0.1482;0.1619,0.1600,0.1583,33
ISTGNN_PeMS04_occ,174,0.1690,0.1487;0.1615,0.1597,0.1583,34
ISTGNN_PeMS04_occ,175,0.1676,0.1457;0.1616,0.1583,0.1583,35
ISTGNN_PeMS04_occ,176,0.1676,0.1465;0.1633,0.1591,0.1583,36
ISTGNN_PeMS04_occ,177,0.1679,0.1503;0.1617,0.1600,0.1583,37
ISTGNN_PeMS04_occ,178,0.1679,0.1473;0.1625,0.1592,0.1583,38
ISTGNN_PeMS04_occ,179,0.1683,0.1482;0.1637,0.1600,0.1583,39
ISTGNN_PeMS04_occ,180,0.1686,0.1471;0.1627,0.1595,0.1583,40
ISTGNN_PeMS04_occ,181,0.1685,0.1462;0.1611,0.1586,0.1583,41
ISTGNN_PeMS04_occ,182,0.1680,0.1464;0.1619,0.1588,0.1583,42
ISTGNN_PeMS04_occ,183,0.1692,0.1472;0.1612,0.1592,0.1583,43
ISTGNN_PeMS04_occ,184,0.1696,0.1497;0.1616,0.1603,0.1583,44
ISTGNN_PeMS04_occ,185,0.1698,0.1465;0.1608,0.1590,0.1583,45
ISTGNN_PeMS04_occ,186,0.1681,0.1462;0.1633,0.1592,0.1583,46
ISTGNN_PeMS04_occ,187,0.1675,0.1465;0.1618,0.1586,0.1583,47
ISTGNN_PeMS04_occ,188,0.1699,0.1476;0.1623,0.1599,0.1583,48
ISTGNN_PeMS04_occ,189,0.1681,0.1465;0.1613,0.1586,0.1583,49
ISTGNN_PeMS04_occ,190,0.1688,0.1475;0.1616,0.1593,0.1583,50
ISTGNN_PeMSD7_flow,1,0.1287,0.1048;0.1081,0.1139,0.1139,0
ISTGNN_PeMSD7_flow,2,0.1266,0.1019;0.1037,0.1107,0.1107,0
ISTGNN_PeMSD7_flow,3,0.1277,0.1018;0.1031,0.1109,0.1107,1
ISTGNN_PeMSD7_flow,4,0.1265,0.1013;0.1045,0.1108,0.1107,2
ISTGNN_PeMSD7_flow,5,0.1258,0.1019;0.1023,0.1100,0.1100,0
ISTGNN_PeMSD7_flow,6,0.1259,0.1002;0.1037,0.1099,0.1100,1
ISTGNN_PeMSD7_flow,7,0.1250,0.1001;0.1037,0.1096,0.1096,0
ISTGNN_PeMSD7_flow,8,0.1251,0.1057;0.1024,0.1111,0.1096,1
ISTGNN_PeMSD7_flow,9,0.1259,0.1001;0.1032,0.1097,0.1096,2
ISTGNN_PeMSD7_flow,10,0.1245,0.1012;0.1022,0.1093,0.1093,0
ISTGNN_PeMSD7_flow,11,0.1245,0.0998;0.1026,0.1089,0.1089,0
ISTGNN_PeMSD7_flow,12,0.1262,0.1001;0.1060,0.1107,0.1089,1
ISTGNN_PeMSD7_flow,13,0.1247,0.0993;0.1022,0.1087,0.1087,0
ISTGNN_PeMSD7_flow,14,0.1248,0.0997;0.1024,0.1090,0.1087,1
ISTGNN_PeMSD7_flow,15,0.1249,0.1016;0.1017,0.1094,0.1087,2
ISTGNN_PeMSD7_flow,16,0.1249,0.0989;0.1020,0.1086,0.1086,0
ISTGNN_PeMSD7_flow,17,0.1247,0.1002;0.1018,0.1089,0.1086,1
ISTGNN_PeMSD7_flow,18,0.1242,0.1002;0.1009,0.1084,0.1084,0
ISTGNN_PeMSD7_flow,19,0.1251,0.0989;0.1027,0.1089,0.1084,1
ISTGNN_PeMSD7_flow,20,0.1256,0.1000;0.1014,0.1090,0.1084,2
ISTGNN_PeMSD7_flow,21,0.1267,0.0996;0.1010,0.1091,0.1084,3
ISTGNN_PeMSD7_flow,22,0.1247,0.0992;0.1037,0.1092,0.1084,4
ISTGNN_PeMSD7_flow,23,0.1241,0.1001;0.1016,0.1086,0.1084,5
ISTGNN_PeMSD7_flow,24,0.1241,0.0989;0.1009,0.1080,0.1080,0
ISTGNN_PeMSD7_flow,25,0.1245,0.0999;0.1027,0.1090,0.1080,1
ISTGNN_PeMSD7_flow,26,0.1235,0.1009;0.1017,0.1087,0.1080,2
ISTGNN_PeMSD7_flow,27,0.1237,0.0987;0.1008,0.1077,0.1077,0
ISTGNN_PeMSD7_flow,28,0.1247,0.0991;0.1021,0.1086,0.1077,1
ISTGNN_PeMSD7_flow,29,0.1244,0.0985;0.1007,0.1079,0.1077,2
ISTGNN_PeMSD7_flow,30,0.1256,0.0995;0.1018,0.1089,0.1077,3
ISTGNN_PeMSD7_flow,31,0.1248,0.0988;0.1007,0.1081,0.1077,4
ISTGNN_PeMSD7_flow,32,0.1231,0.0984;0.1001,0.1072,0.1072,0
ISTGNN_PeMSD7_flow,33,0.1245,0.1002;0.1004,0.1084,0.1072,1
ISTGNN_PeMSD7_flow,34,0.1234,0.0995;0.1011,0.1080,0.1072,2
ISTGNN_PeMSD7_flow,35,0.1236,0.0978;0.1016,0.1077,0.1072,3
ISTGNN_PeMSD7_flow,36,0.1230,0.0979;0.1002,0.1071,0.1071,0
ISTGNN_PeMSD7_flow,37,0.1237,0.0984;0.1023,0.1081,0.1071,1
ISTGNN_PeMSD7_flow,38,0.1239,0.0988;0.1000,0.1076,0.1071,2
ISTGNN_PeMSD7_flow,39,0.1253,0.0976;0.0996,0.1075,0.1071,3
ISTGNN_PeMSD7_flow,40,0.1232,0.0986;0.1003,0.1074,0.1071,4
ISTGNN_PeMSD7_flow,41,0.1239,0.0986;0.0996,0.1074,0.1071,5
ISTGNN_PeMSD7_flow,42,0.1232,0.0977;0.0994,0.1067,0.1067,0
ISTGNN_PeMSD7_flow,43,0.1236,0.0988;0.1007,0.1077,0.1067,1
ISTGNN_PeMSD7_flow,44,0.1231,0.0976;0.1001,0.1069,0.1067,2
ISTGNN_PeMSD7_flow,45,0.1230,0.0976;0.0995,0.1067,0.1067,3
ISTGNN_PeMSD7_flow,46,0.1226,0.0980;0.1000,0.1068,0.1067,4
ISTGNN_PeMSD7_flow,47,0.1226,0.0974;0.1003,0.1068,0.1067,5
ISTGNN_PeMSD7_flow,48,0.1231,0.0974;0.1004,0.1070,0.1067,6
ISTGNN_PeMSD7_flow,49,0.1226,0.0979;0.0994,0.1066,0.1066,0
ISTGNN_PeMSD7_flow,50,0.1228,0.0973;0.0999,0.1067,0.1066,1
ISTGNN_PeMSD7_flow,51,0.1230,0.0982;0.0993,0.1068,0.1066,2
ISTGNN_PeMSD7_flow,52,0.1224,0.0970;0.1002,0.1065,0.1065,0
ISTGNN_PeMSD7_flow,53,0.1226,0.0973;0.0999,0.1066,0.1065,1
ISTGNN_PeMSD7_flow,54,0.1232,0.0984;0.1003,0.1073,0.1065,2
ISTGNN_PeMSD7_flow,55,0.1229,0.0984;0.1026,0.1080,0.1065,3
ISTGNN_PeMSD7_flow,56,0.1229,0.1012;0.0994,0.1079,0.1065,4
ISTGNN_PeMSD7_flow,57,0.1225,0.0987;0.0988,0.1067,0.1065,5
ISTGNN_PeMSD7_flow,58,0.1224,0.0982;0.1006,0.1070,0.1065,6
ISTGNN_PeMSD7_flow,59,0.1243,0.0971;0.0992,0.1069,0.1065,7
ISTGNN_PeMSD7_flow,60,0.1227,0.0972;0.0992,0.1064,0.1064,0
ISTGNN_PeMSD7_flow,61,0.1219,0.0972;0.1005,0.1065,0.1064,1
ISTGNN_PeMSD7_flow,62,0.1240,0.0995;0.0994,0.1076,0.1064,2
ISTGNN_PeMSD7_flow,63,0.1233,0.1002;0.0994,0.1076,0.1064,3
ISTGNN_PeMSD7_flow,64,0.1225,0.0971;0.0986,0.1061,0.1061,0
ISTGNN_PeMSD7_flow,65,0.1224,0.0967;0.0988,0.1060,0.1060,0
ISTGNN_PeMSD7_flow,66,0.1222,0.0973;0.0998,0.1064,0.1060,1
ISTGNN_PeMSD7_flow,67,0.1222,0.0973;0.0990,0.1062,0.1060,2
ISTGNN_PeMSD7_flow,68,0.1220,0.0991;0.0988,0.1066,0.1060,3
ISTGNN_PeMSD7_flow,69,0.1226,0.0969;0.0995,0.1063,0.1060,4
ISTGNN_PeMSD7_flow,70,0.1225,0.0972;0.0989,0.1062,0.1060,5
ISTGNN_PeMSD7_flow,71,0.1221,0.0967;0.0984,0.1057,0.1057,0
ISTGNN_PeMSD7_flow,72,0.1221,0.0971;0.0990,0.1060,0.1057,1
ISTGNN_PeMSD7_flow,73,0.1220,0.0964;0.0987,0.1057,0.1057,2
ISTGNN_PeMSD7_flow,74,0.1219,0.0970;0.0984,0.1058,0.1057,3
ISTGNN_PeMSD7_flow,75,0.1221,0.0978;0.1001,0.1067,0.1057,4
ISTGNN_PeMSD7_flow,76,0.1216,0.0969;0.0986,0.1057,0.1057,5
ISTGNN_PeMSD7_flow,77,0.1216,0.0978;0.0984,0.1059,0.1057,6
ISTGNN_PeMSD7_flow,78,0.1216,0.0980;0.0989,0.1062,0.1057,7
ISTGNN_PeMSD7_flow,79,0.1215,0.0967;0.0983,0.1055,0.1055,0
ISTGNN_PeMSD7_flow,80,0.1212,0.0961;0.0997,0.1057,0.1055,1
ISTGNN_PeMSD7_flow,81,0.1216,0.0968;0.0990,0.1058,0.1055,2
ISTGNN_PeMSD7_flow,82,0.1217,0.0973;0.0987,0.1059,0.1055,3
ISTGNN_PeMSD7_flow,83,0.1219,0.0977;0.0993,0.1063,0.1055,4
ISTGNN_PeMSD7_flow,84,0.1218,0.0965;0.0985,0.1056,0.1055,5
ISTGNN_PeMSD7_flow,85,0.1224,0.0964;0.0986,0.1058,0.1055,6
ISTGNN_PeMSD7_flow,86,0.1219,0.0967;0.0979,0.1055,0.1055,7
ISTGNN_PeMSD7_flow,87,0.1215,0.0966;0.0985,0.1055,0.1055,8
ISTGNN_PeMSD7_flow,88,0.1210,0.0961;0.0989,0.1053,0.1053,0
ISTGNN_PeMSD7_flow,89,0.1222,0.0967;0.0990,0.1060,0.1053,1
ISTGNN_PeMSD7_flow,90,0.1213,0.0958;0.0981,0.1051,0.1051,0
ISTGNN_PeMSD7_flow,91,0.1215,0.0963;0.0979,0.1052,0.1051,1
ISTGNN_PeMSD7_flow,92,0.1214,0.0966;0.0977,0.1052,0.1051,2
ISTGNN_PeMSD7_flow,93,0.1216,0.0973;0.0979,0.1056,0.1051,3
ISTGNN_PeMSD7_flow,94,0.1216,0.0968;0.0977,0.1054,0.1051,4
ISTGNN_PeMSD7_flow,95,0.1231,0.0969;0.0979,0.1059,0.1051,5
ISTGNN_PeMSD7_flow,96,0.1211,0.0973;0.0980,0.1055,0.1051,6
ISTGNN_PeMSD7_flow,97,0.1206,0.0967;0.0984,0.1052,0.1051,7
ISTGNN_PeMSD7_flow,98,0.1219,0.0956;0.0995,0.1057,0.1051,8
ISTGNN_PeMSD7_flow,99,0.1213,0.0959;0.0978,0.1050,0.1051,9
ISTGNN_PeMSD7_flow,100,0.1210,0.0959;0.0976,0.1048,0.1048,0
ISTGNN_PeMSD7_flow,101,0.1209,0.0964;0.0978,0.1050,0.1048,1
ISTGNN_PeMSD7_flow,102,0.1216,0.0980;0.0979,0.1058,0.1048,2
ISTGNN_PeMSD7_flow,103,0.1212,0.0964;0.0984,0.1053,0.1048,3
ISTGNN_PeMSD7_flow,104,0.1235,0.0959;0.0978,0.1057,0.1048,4
ISTGNN_PeMSD7_flow,105,0.1207,0.0955;0.0978,0.1047,0.1047,0
ISTGNN_PeMSD7_flow,106,0.1208,0.0958;0.1029,0.1065,0.1047,1
ISTGNN_PeMSD7_flow,107,0.1212,0.0962;0.0993,0.1055,0.1047,2
ISTGNN_PeMSD7_flow,108,0.1217,0.0961;0.0981,0.1053,0.1047,3
ISTGNN_PeMSD7_flow,109,0.1215,0.0956;0.1006,0.1059,0.1047,4
ISTGNN_PeMSD7_flow,110,0.1211,0.0958;0.0980,0.1050,0.1047,5
ISTGNN_PeMSD7_flow,111,0.1209,0.0959;0.0982,0.1050,0.1047,6
ISTGNN_PeMSD7_flow,112,0.1209,0.0968;0.0980,0.1052,0.1047,7
ISTGNN_PeMSD7_flow,113,0.1215,0.0959;0.0973,0.1049,0.1047,8
ISTGNN_PeMSD7_flow,114,0.1209,0.0961;0.0978,0.1049,0.1047,9
ISTGNN_PeMSD7_flow,115,0.1210,0.0971;0.0978,0.1053,0.1047,10
ISTGNN_PeMSD7_flow,116,0.1208,0.0958;0.0973,0.1046,0.1047,11
ISTGNN_PeMSD7_flow,117,0.1207,0.0974;0.0973,0.1051,0.1047,12
ISTGNN_PeMSD7_flow,118,0.1209,0.0979;0.0979,0.1056,0.1047,13
ISTGNN_PeMSD7_flow,119,0.1205,0.0974;0.0987,0.1055,0.1047,14
ISTGNN_PeMSD7_flow,120,0.1206,0.1004;0.0977,0.1062,0.1047,15
ISTGNN_PeMSD7_flow,121,0.1205,0.0957;0.0977,0.1046,0.1047,16
ISTGNN_PeMSD7_flow,122,0.1216,0.0965;0.0981,0.1054,0.1047,17
ISTGNN_PeMSD7_flow,123,0.1206,0.0955;0.0981,0.1047,0.1047,18
ISTGNN_PeMSD7_flow,124,0.1207,0.0964;0.0982,0.1051,0.1047,19
ISTGNN_PeMSD7_flow,125,0.1206,0.0955;0.0982,0.1047,0.1047,20
ISTGNN_PeMSD7_flow,126,0.1232,0.0957;0.0977,0.1055,0.1047,21
ISTGNN_PeMSD7_flow,127,0.1218,0.0957;0.0979,0.1051,0.1047,22
ISTGNN_PeMSD7_flow,128,0.1215,0.0953;0.0978,0.1048,0.1047,23
ISTGNN_PeMSD7_flow,129,0.1209,0.0958;0.0979,0.1048,0.1047,24
ISTGNN_PeMSD7_flow,130,0.1210,0.0959;0.0977,0.1049,0.1047,25
ISTGNN_PeMSD7_flow,131,0.1206,0.0957;0.0990,0.1051,0.1047,26
ISTGNN_PeMSD7_flow,132,0.1206,0.0953;0.0978,0.1046,0.1046,0
ISTGNN_PeMSD7_flow,133,0.1211,0.0955;0.0983,0.1050,0.1046,1
ISTGNN_PeMSD7_flow,134,0.1206,0.0952;0.0976,0.1045,0.1045,0
ISTGNN_PeMSD7_flow,135,0.1201,0.0959;0.0974,0.1045,0.1045,1
ISTGNN_PeMSD7_flow,136,0.1206,0.0957;0.0976,0.1046,0.1045,2
ISTGNN_PeMSD7_flow,137,0.1202,0.0970;0.0974,0.1048,0.1045,3
ISTGNN_PeMSD7_flow,138,0.1205,0.0954;0.0986,0.1049,0.1045,4
ISTGNN_PeMSD7_flow,139,0.1201,0.0954;0.0979,0.1045,0.1045,5
ISTGNN_PeMSD7_flow,140,0.1212,0.0967;0.0975,0.1052,0.1045,6
ISTGNN_PeMSD7_flow,141,0.1211,0.0971;0.0981,0.1054,0.1045,7
ISTGNN_PeMSD7_flow,142,0.1207,0.0955;0.0981,0.1048,0.1045,8
ISTGNN_PeMSD7_flow,143,0.1215,0.0959;0.0974,0.1049,0.1045,9
ISTGNN_PeMSD7_flow,144,0.1208,0.0956;0.0981,0.1048,0.1045,10
ISTGNN_PeMSD7_flow,145,0.1208,0.0958;0.0975,0.1047,0.1045,11
ISTGNN_PeMSD7_flow,146,0.1201,0.0956;0.0998,0.1052,0.1045,12
ISTGNN_PeMSD7_flow,147,0.1202,0.0956;0.0976,0.1045,0.1045,13
ISTGNN_PeMSD7_flow,148,0.1201,0.0955;0.0971,0.1042,0.1042,0
ISTGNN_PeMSD7_flow,149,0.1214,0.0955;0.0972,0.1047,0.1042,1
ISTGNN_PeMSD7_flow,150,0.1207,0.0955;0.0977,0.1046,0.1042,2
ISTGNN_PeMSD7_flow,151,0.1199,0.0969;0.0970,0.1046,0.1042,3
ISTGNN_PeMSD7_flow,152,0.1202,0.0953;0.0972,0.1042,0.1042,4
ISTGNN_PeMSD7_flow,153,0.1202,0.0961;0.0976,0.1046,0.1042,5
ISTGNN_PeMSD7_flow,154,0.1200,0.0955;0.0978,0.1044,0.1042,6
ISTGNN_PeMSD7_flow,155,0.1219,0.0957;0.0971,0.1049,0.1042,7
ISTGNN_PeMSD7_flow,156,0.1202,0.0951;0.0973,0.1042,0.1042,8
ISTGNN_PeMSD7_flow,157,0.1200,0.0951;0.0971,0.1041,0.1041,0
ISTGNN_PeMSD7_flow,158,0.1205,0.0963;0.0984,0.1051,0.1041,1
ISTGNN_PeMSD7_flow,159,0.1204,0.0950;0.0972,0.1042,0.1041,2
ISTGNN_PeMSD7_flow,160,0.1199,0.0961;0.0971,0.1044,0.1041,3
ISTGNN_PeMSD7_flow,161,0.1200,0.0958;0.0973,0.1043,0.1041,4
ISTGNN_PeMSD7_flow,162,0.1204,0.0960;0.0974,0.1046,0.1041,5
ISTGNN_PeMSD7_flow,163,0.1203,0.0954;0.0971,0.1043,0.1041,6
ISTGNN_PeMSD7_flow,164,0.1200,0.0949;0.0973,0.1041,0.1041,7
ISTGNN_PeMSD7_flow,165,0.1207,0.0950;0.0975,0.1044,0.1041,8
ISTGNN_PeMSD7_flow,166,0.1198,0.0947;0.0988,0.1045,0.1041,9
ISTGNN_PeMSD7_flow,167,0.1196,0.0949;0.0973,0.1039,0.1039,0
ISTGNN_PeMSD7_flow,168,0.1199,0.0948;0.0972,0.1040,0.1039,1
ISTGNN_PeMSD7_flow,169,0.1204,0.0956;0.0977,0.1046,0.1039,2
ISTGNN_PeMSD7_flow,170,0.1205,0.0951;0.0972,0.1043,0.1039,3
ISTGNN_PeMSD7_flow,171,0.1209,0.0950;0.0975,0.1044,0.1039,4
ISTGNN_PeMSD7_flow,172,0.1196,0.0956;0.0982,0.1045,0.1039,5
ISTGNN_PeMSD7_flow,173,0.1205,0.0959;0.0969,0.1044,0.1039,6
ISTGNN_PeMSD7_flow,174,0.1196,0.0950;0.0969,0.1038,0.1038,0
ISTGNN_PeMSD7_flow,175,0.1202,0.0952;0.0988,0.1047,0.1038,1
ISTGNN_PeMSD7_flow,176,0.1200,0.0950;0.0977,0.1042,0.1038,2
ISTGNN_PeMSD7_flow,177,0.1201,0.0959;0.0968,0.1042,0.1038,3
ISTGNN_PeMSD7_flow,178,0.1211,0.0957;0.0986,0.1051,0.1038,4
ISTGNN_PeMSD7_flow,179,0.1207,0.0978;0.0970,0.1052,0.1038,5
ISTGNN_PeMSD7_flow,180,0.1203,0.0947;0.0978,0.1043,0.1038,6
ISTGNN_PeMSD7_flow,181,0.1207,0.0945;0.0967,0.1040,0.1038,7
ISTGNN_PeMSD7_flow,182,0.1198,0.0958;0.0975,0.1044,0.1038,8
ISTGNN_PeMSD7_flow,183,0.1206,0.0946;0.0994,0.1049,0.1038,9
ISTGNN_PeMSD7_flow,184,0.1197,0.0945;0.0974,0.1038,0.1038,10
ISTGNN_PeMSD7_flow,185,0.1200,0.0955;0.0986,0.1047,0.1038,11
ISTGNN_PeMSD7_flow,186,0.1207,0.0955;0.0969,0.1044,0.1038,12
ISTGNN_PeMSD7_flow,187,0.1201,0.0950;0.0973,0.1042,0.1038,13
ISTGNN_PeMSD7_flow,188,0.1202,0.0957;0.0973,0.1044,0.1038,14
ISTGNN_PeMSD7_flow,189,0.1204,0.0949;0.0981,0.1044,0.1038,15
ISTGNN_PeMSD7_flow,190,0.1199,0.0954;0.0978,0.1044,0.1038,16
ISTGNN_PeMSD7_flow,191,0.1216,0.0946;0.0975,0.1046,0.1038,17
ISTGNN_PeMSD7_flow,192,0.1196,0.0950;0.0979,0.1042,0.1038,18
ISTGNN_PeMSD7_flow,193,0.1199,0.0952;0.0972,0.1041,0.1038,19
ISTGNN_PeMSD7_flow,194,0.1207,0.0953;0.0989,0.1050,0.1038,20
ISTGNN_PeMSD7_flow,195,0.1195,0.0944;0.0968,0.1036,0.1036,0
ISTGNN_PeMSD7_flow,196,0.1203,0.0953;0.0981,0.1046,0.1036,1
ISTGNN_PeMSD7_flow,197,0.1199,0.0947;0.0980,0.1042,0.1036,2
ISTGNN_PeMSD7_flow,198,0.1206,0.0962;0.0977,0.1049,0.1036,3
ISTGNN_PeMSD7_flow,199,0.1201,0.0959;0.0986,0.1049,0.1036,4
ISTGNN_PeMSD7_flow,200,0.1198,0.0946;0.0971,0.1038,0.1036,5
ISTGNN_PeMSD7_flow,201,0.1200,0.0948;0.0971,0.1040,0.1036,6
ISTGNN_PeMSD7_flow,202,0.1201,0.0949;0.0979,0.1043,0.1036,7
ISTGNN_PeMSD7_flow,203,0.1198,0.0945;0.0968,0.1037,0.1036,8
ISTGNN_PeMSD7_flow,204,0.1197,0.0951;0.0970,0.1040,0.1036,9
ISTGNN_PeMSD7_flow,205,0.1196,0.0945;0.0973,0.1038,0.1036,10
ISTGNN_PeMSD7_flow,206,0.1199,0.0944;0.0974,0.1039,0.1036,11
ISTGNN_PeMSD7_flow,207,0.1207,0.0944;0.0977,0.1043,0.1036,12
ISTGNN_PeMSD7_flow,208,0.1198,0.0948;0.0970,0.1038,0.1036,13
ISTGNN_PeMSD7_flow,209,0.1194,0.0948;0.0969,0.1037,0.1036,14
ISTGNN_PeMSD7_flow,210,0.1196,0.0948;0.0973,0.1039,0.1036,15
ISTGNN_PeMSD7_flow,211,0.1202,0.0945;0.0972,0.1040,0.1036,16
ISTGNN_PeMSD7_flow,212,0.1198,0.0944;0.0968,0.1036,0.1036,17
ISTGNN_PeMSD7_flow,213,0.1197,0.0958;0.0979,0.1045,0.1036,18
ISTGNN_PeMSD7_flow,214,0.1201,0.0948;0.0973,0.1040,0.1036,19
ISTGNN_PeMSD7_flow,215,0.1192,0.0962;0.0974,0.1043,0.1036,20
ISTGNN_PeMSD7_flow,216,0.1195,0.0959;0.0975,0.1043,0.1036,21
ISTGNN_PeMSD7_flow,217,0.1206,0.0952;0.0975,0.1044,0.1036,22
ISTGNN_PeMSD7_flow,218,0.1196,0.0951;0.0968,0.1038,0.1036,23
ISTGNN_PeMSD7_flow,219,0.1195,0.0961;0.0970,0.1042,0.1036,24
ISTGNN_PeMSD7_flow,220,0.1203,0.0958;0.0976,0.1046,0.1036,25
ISTGNN_PeMSD7_flow,221,0.1198,0.0945;0.0975,0.1039,0.1036,26
ISTGNN_PeMSD7_flow,222,0.1197,0.0948;0.0970,0.1039,0.1036,27
ISTGNN_PeMSD7_flow,223,0.1196,0.0947;0.0971,0.1038,0.1036,28
ISTGNN_PeMSD7_flow,224,0.1193,0.0946;0.0970,0.1036,0.1036,29
ISTGNN_PeMSD7_flow,225,0.1200,0.0955;0.0975,0.1043,0.1036,30
ISTGNN_PeMSD7_flow,226,0.1193,0.0946;0.0972,0.1037,0.1036,31
ISTGNN_PeMSD7_flow,227,0.1193,0.0946;0.0999,0.1046,0.1036,32
ISTGNN_PeMSD7_flow,228,0.1228,0.0947;0.0969,0.1048,0.1036,33
ISTGNN_PeMSD7_flow,229,0.1201,0.0948;0.0975,0.1041,0.1036,34
ISTGNN_PeMSD7_flow,230,0.1199,0.0955;0.0976,0.1043,0.1036,35
ISTGNN_PeMSD7_flow,231,0.1211,0.0949;0.0974,0.1045,0.1036,36
ISTGNN_PeMSD7_flow,232,0.1195,0.0947;0.0966,0.1036,0.1036,37
ISTGNN_PeMSD7_flow,233,0.1206,0.0961;0.0974,0.1047,0.1036,38
ISTGNN_PeMSD7_flow,234,0.1192,0.0946;0.0986,0.1041,0.1036,39
ISTGNN_PeMSD7_flow,235,0.1191,0.0955;0.0976,0.1041,0.1036,40
ISTGNN_PeMSD7_flow,236,0.1194,0.0951;0.0974,0.1040,0.1036,41
ISTGNN_PeMSD7_flow,237,0.1198,0.0949;0.0968,0.1038,0.1036,42
ISTGNN_PeMSD7_flow,238,0.1193,0.0946;0.0974,0.1038,0.1036,43
ISTGNN_PeMSD7_flow,239,0.1199,0.0951;0.0973,0.1041,0.1036,44
ISTGNN_PeMSD7_flow,240,0.1195,0.0947;0.0970,0.1038,0.1036,45
ISTGNN_PeMSD7_flow,241,0.1195,0.0951;0.0973,0.1040,0.1036,46
ISTGNN_PeMSD7_flow,242,0.1200,0.0944;0.0971,0.1038,0.1036,47
ISTGNN_PeMSD7_flow,243,0.1193,0.0944;0.0977,0.1038,0.1036,48
ISTGNN_PeMSD7_flow,244,0.1192,0.0947;0.0973,0.1037,0.1036,49
ISTGNN_PeMSD7_flow,245,0.1198,0.0948;0.0970,0.1039,0.1036,50
ISTGNN_PeMSD7_speed,1,0.1661,0.1403;0.1499,0.1521,0.1521,0
ISTGNN_PeMSD7_speed,2,0.1616,0.1400;0.1501,0.1506,0.1506,0
ISTGNN_PeMSD7_speed,3,0.1650,0.1405;0.1466,0.1507,0.1506,1
ISTGNN_PeMSD7_speed,4,0.1623,0.1406;0.1454,0.1495,0.1495,0
ISTGNN_PeMSD7_speed,5,0.1615,0.1399;0.1462,0.1492,0.1492,0
ISTGNN_PeMSD7_speed,6,0.1603,0.1443;0.1437,0.1494,0.1492,1
ISTGNN_PeMSD7_speed,7,0.1608,0.1383;0.1434,0.1475,0.1475,0
ISTGNN_PeMSD7_speed,8,0.1619,0.1381;0.1447,0.1482,0.1475,1
ISTGNN_PeMSD7_speed,9,0.1614,0.1381;0.1449,0.1481,0.1475,2
ISTGNN_PeMSD7_speed,10,0.1660,0.1401;0.1461,0.1507,0.1475,3
ISTGNN_PeMSD7_speed,11,0.1621,0.1397;0.1423,0.1480,0.1475,4
ISTGNN_PeMSD7_speed,12,0.1593,0.1395;0.1449,0.1479,0.1475,5
ISTGNN_PeMSD7_speed,13,0.1591,0.1422;0.1437,0.1483,0.1475,6
ISTGNN_PeMSD7_speed,14,0.1586,0.1390;0.1415,0.1464,0.1464,0
ISTGNN_PeMSD7_speed,15,0.1575,0.1376;0.1420,0.1457,0.1457,0
ISTGNN_PeMSD7_speed,16,0.1606,0.1380;0.1421,0.1469,0.1457,1
ISTGNN_PeMSD7_speed,17,0.1606,0.1378;0.1450,0.1478,0.1457,2
ISTGNN_PeMSD7_speed,18,0.1611,0.1376;0.1460,0.1482,0.1457,3
ISTGNN_PeMSD7_speed,19,0.1604,0.1367;0.1426,0.1466,0.1457,4
ISTGNN_PeMSD7_speed,20,0.1598,0.1370;0.1483,0.1483,0.1457,5
ISTGNN_PeMSD7_speed,21,0.1588,0.1368;0.1406,0.1454,0.1454,0
ISTGNN_PeMSD7_speed,22,0.1609,0.1375;0.1466,0.1483,0.1454,1
ISTGNN_PeMSD7_speed,23,0.1600,0.1368;0.1403,0.1457,0.1454,2
ISTGNN_PeMSD7_speed,24,0.1577,0.1370;0.1416,0.1454,0.1454,3
ISTGNN_PeMSD7_speed,25,0.1592,0.1361;0.1454,0.1469,0.1454,4
ISTGNN_PeMSD7_speed,26,0.1605,0.1376;0.1402,0.1461,0.1454,5
ISTGNN_PeMSD7_speed,27,0.1571,0.1362;0.1405,0.1446,0.1446,0
ISTGNN_PeMSD7_speed,28,0.1576,0.1352;0.1399,0.1442,0.1442,0
ISTGNN_PeMSD7_speed,29,0.1589,0.1395;0.1413,0.1466,0.1442,1
ISTGNN_PeMSD7_speed,30,0.1568,0.1359;0.1392,0.1440,0.1440,0
ISTGNN_PeMSD7_speed,31,0.1593,0.1357;0.1412,0.1454,0.1440,1
ISTGNN_PeMSD7_speed,32,0.1564,0.1352;0.1410,0.1442,0.1440,2
ISTGNN_PeMSD7_speed,33,0.1575,0.1364;0.1398,0.1446,0.1440,3
ISTGNN_PeMSD7_speed,34,0.1577,0.1354;0.1418,0.1450,0.1440,4
ISTGNN_PeMSD7_speed,35,0.1569,0.1376;0.1403,0.1449,0.1440,5
ISTGNN_PeMSD7_speed,36,0.1577,0.1375;0.1418,0.1456,0.1440,6
ISTGNN_PeMSD7_speed,37,0.1564,0.1368;0.1402,0.1445,0.1440,7
ISTGNN_PeMSD7_speed,38,0.1576,0.1376;0.1419,0.1457,0.1440,8
ISTGNN_PeMSD7_speed,39,0.1589,0.1357;0.1401,0.1449,0.1440,9
ISTGNN_PeMSD7_speed,40,0.1582,0.1359;0.1411,0.1451,0.1440,10
ISTGNN_PeMSD7_speed,41,0.1593,0.1355;0.1416,0.1454,0.1440,11
ISTGNN_PeMSD7_speed,42,0.1574,0.1354;0.1403,0.1443,0.1440,12
ISTGNN_PeMSD7_speed,43,0.1578,0.1356;0.1465,0.1466,0.1440,13
ISTGNN_PeMSD7_speed,44,0.1579,0.1357;0.1401,0.1446,0.1440,14
ISTGNN_PeMSD7_speed,45,0.1562,0.1385;0.1428,0.1459,0.1440,15
ISTGNN_PeMSD7_speed,46,0.1577,0.1344;0.1401,0.1441,0.1440,16
ISTGNN_PeMSD7_speed,47,0.1564,0.1359;0.1406,0.1443,0.1440,17
ISTGNN_PeMSD7_speed,48,0.1575,0.1364;0.1408,0.1449,0.1440,18
ISTGNN_PeMSD7_speed,49,0.1567,0.1358;0.1436,0.1454,0.1440,19
ISTGNN_PeMSD7_speed,50,0.1576,0.1348;0.1422,0.1449,0.1440,20
ISTGNN_PeMSD7_speed,51,0.1559,0.1370;0.1405,0.1445,0.1440,21
ISTGNN_PeMSD7_speed,52,0.1569,0.1364;0.1405,0.1446,0.1440,22
ISTGNN_PeMSD7_speed,53,0.1590,0.1355;0.1402,0.1449,0.1440,23
ISTGNN_PeMSD7_speed,54,0.1561,0.1355;0.1425,0.1447,0.1440,24
ISTGNN_PeMSD7_speed,55,0.1565,0.1357;0.1398,0.1440,0.1440,25
ISTGNN_PeMSD7_speed,56,0.1571,0.1369;0.1402,0.1447,0.1440,26
ISTGNN_PeMSD7_speed,57,0.1575,0.1362;0.1402,0.1446,0.1440,27
ISTGNN_PeMSD7_speed,58,0.1566,0.1381;0.1391,0.1446,0.1440,28
ISTGNN_PeMSD7_speed,59,0.1593,0.1351;0.1399,0.1448,0.1440,29
ISTGNN_PeMSD7_speed,60,0.1600,0.1357;0.1413,0.1457,0.1440,30
ISTGNN_PeMSD7_speed,61,0.1589,0.1370;0.1399,0.1453,0.1440,31
ISTGNN_PeMSD7_speed,62,0.1585,0.1396;0.1430,0.1470,0.1440,32
ISTGNN_PeMSD7_speed,63,0.1578,0.1362;0.1402,0.1447,0.1440,33
ISTGNN_PeMSD7_speed,64,0.1596,0.1368;0.1406,0.1456,0.1440,34
ISTGNN_PeMSD7_speed,65,0.1566,0.1360;0.1405,0.1444,0.1440,35
ISTGNN_PeMSD7_speed,66,0.1571,0.1374;0.1407,0.1451,0.1440,36
ISTGNN_PeMSD7_speed,67,0.1559,0.1360;0.1409,0.1442,0.1440,37
ISTGNN_PeMSD7_speed,68,0.1581,0.1361;0.1416,0.1453,0.1440,38
ISTGNN_PeMSD7_speed,69,0.1571,0.1353;0.1416,0.1447,0.1440,39
ISTGNN_PeMSD7_speed,70,0.1586,0.1377;0.1447,0.1470,0.1440,40
ISTGNN_PeMSD7_speed,71,0.1564,0.1365;0.1415,0.1448,0.1440,41
ISTGNN_PeMSD7_speed,72,0.1561,0.1381;0.1410,0.1451,0.1440,42
ISTGNN_PeMSD7_speed,73,0.1562,0.1345;0.1403,0.1437,0.1437,0
ISTGNN_PeMSD7_speed,74,0.1595,0.1367;0.1422,0.1462,0.1437,1
ISTGNN_PeMSD7_speed,75,0.1570,0.1361;0.1440,0.1457,0.1437,2
ISTGNN_PeMSD7_speed,76,0.1569,0.1373;0.1395,0.1445,0.1437,3
ISTGNN_PeMSD7_speed,77,0.1597,0.1359;0.1414,0.1457,0.1437,4
ISTGNN_PeMSD7_speed,78,0.1570,0.1352;0.1445,0.1456,0.1437,5
ISTGNN_PeMSD7_speed,79,0.1575,0.1352;0.1426,0.1451,0.1437,6
ISTGNN_PeMSD7_speed,80,0.1576,0.1359;0.1402,0.1446,0.1437,7
ISTGNN_PeMSD7_speed,81,0.1561,0.1356;0.1423,0.1446,0.1437,8
ISTGNN_PeMSD7_speed,82,0.1585,0.1342;0.1415,0.1447,0.1437,9
ISTGNN_PeMSD7_speed,83,0.1572,0.1356;0.1415,0.1448,0.1437,10
ISTGNN_PeMSD7_speed,84,0.1569,0.1364;0.1389,0.1441,0.1437,11
ISTGNN_PeMSD7_speed,85,0.1571,0.1375;0.1396,0.1448,0.1437,12
ISTGNN_PeMSD7_speed,86,0.1551,0.1356;0.1409,0.1438,0.1437,13
ISTGNN_PeMSD7_speed,87,0.1568,0.1366;0.1390,0.1441,0.1437,14
ISTGNN_PeMSD7_speed,88,0.1567,0.1349;0.1426,0.1447,0.1437,15
ISTGNN_PeMSD7_speed,89,0.1589,0.1341;0.1388,0.1439,0.1437,16
ISTGNN_PeMSD7_speed,90,0.1587,0.1342;0.1394,0.1441,0.1437,17
ISTGNN_PeMSD7_speed,91,0.1608,0.1361;0.1433,0.1467,0.1437,18
ISTGNN_PeMSD7_speed,92,0.1579,0.1367;0.1403,0.1449,0.1437,19
ISTGNN_PeMSD7_speed,93,0.1574,0.1354;0.1404,0.1444,0.1437,20
ISTGNN_PeMSD7_speed,94,0.1563,0.1355;0.1413,0.1443,0.1437,21
ISTGNN_PeMSD7_speed,95,0.1559,0.1344;0.1404,0.1435,0.1435,0
ISTGNN_PeMSD7_speed,96,0.1579,0.1348;0.1406,0.1444,0.1435,1
ISTGNN_PeMSD7_speed,97,0.1569,0.1348;0.1412,0.1443,0.1435,2
ISTGNN_PeMSD7_speed,98,0.1572,0.1365;0.1391,0.1443,0.1435,3
ISTGNN_PeMSD7_speed,99,0.1596,0.1374;0.1416,0.1462,0.1435,4
ISTGNN_PeMSD7_speed,100,0.1560,0.1353;0.1409,0.1441,0.1435,5
ISTGNN_PeMSD7_speed,101,0.1564,0.1354;0.1409,0.1442,0.1435,6
ISTGNN_PeMSD7_speed,102,0.1581,0.1351;0.1405,0.1446,0.1435,7
ISTGNN_PeMSD7_speed,103,0.1575,0.1361;0.1399,0.1445,0.1435,8
ISTGNN_PeMSD7_speed,104,0.1591,0.1354;0.1435,0.1460,0.1435,9
ISTGNN_PeMSD7_speed,105,0.1560,0.1355;0.1398,0.1438,0.1435,10
ISTGNN_PeMSD7_speed,106,0.1573,0.1360;0.1406,0.1447,0.1435,11
ISTGNN_PeMSD7_speed,107,0.1566,0.1361;0.1395,0.1441,0.1435,12
ISTGNN_PeMSD7_speed,108,0.1569,0.1349;0.1426,0.1448,0.1435,13
ISTGNN_PeMSD7_speed,109,0.1557,0.1349;0.1399,0.1435,0.1435,14
ISTGNN_PeMSD7_speed,110,0.1576,0.1355;0.1427,0.1452,0.1435,15
ISTGNN_PeMSD7_speed,111,0.1570,0.1380;0.1391,0.1447,0.1435,16
ISTGNN_PeMSD7_speed,112,0.1575,0.1340;0.1393,0.1436,0.1435,17
ISTGNN_PeMSD7_speed,113,0.1562,0.1343;0.1414,0.1440,0.1435,18
ISTGNN_PeMSD7_speed,114,0.1564,0.1358;0.1395,0.1439,0.1435,19
ISTGNN_PeMSD7_speed,115,0.1574,0.1360;0.1413,0.1449,0.1435,20
ISTGNN_PeMSD7_speed,116,0.1560,0.1346;0.1397,0.1434,0.1434,0
ISTGNN_PeMSD7_speed,117,0.1575,0.1357;0.1414,0.1449,0.1434,1
ISTGNN_PeMSD7_speed,118,0.1575,0.1341;0.1395,0.1437,0.1434,2
ISTGNN_PeMSD7_speed,119,0.1600,0.1352;0.1405,0.1452,0.1434,3
ISTGNN_PeMSD7_speed,120,0.1583,0.1349;0.1403,0.1445,0.1434,4
ISTGNN_PeMSD7_speed,121,0.1585,0.1344;0.1405,0.1445,0.1434,5
ISTGNN_PeMSD7_speed,122,0.1574,0.1365;0.1415,0.1452,0.1434,6
ISTGNN_PeMSD7_speed,123,0.1565,0.1342;0.1409,0.1439,0.1434,7
ISTGNN_PeMSD7_speed,124,0.1567,0.1356;0.1422,0.1448,0.1434,8
ISTGNN_PeMSD7_speed,125,0.1580,0.1345;0.1405,0.1443,0.1434,9
ISTGNN_PeMSD7_speed,126,0.1569,0.1348;0.1419,0.1445,0.1434,10
ISTGNN_PeMSD7_speed,127,0.1568,0.1350;0.1392,0.1437,0.1434,11
ISTGNN_PeMSD7_speed,128,0.1587,0.1353;0.1402,0.1447,0.1434,12
ISTGNN_PeMSD7_speed,129,0.1565,0.1344;0.1394,0.1434,0.1434,13
ISTGNN_PeMSD7_speed,130,0.1577,0.1342;0.1400,0.1440,0.1434,14
ISTGNN_PeMSD7_speed,131,0.1586,0.1341;0.1431,0.1453,0.1434,15
ISTGNN_PeMSD7_speed,132,0.1568,0.1356;0.1391,0.1438,0.1434,16
ISTGNN_PeMSD7_speed,133,0.1572,0.1358;0.1390,0.1440,0.1434,17
ISTGNN_PeMSD7_speed,134,0.1584,0.1356;0.1407,0.1449,0.1434,18
ISTGNN_PeMSD7_speed,135,0.1568,0.1373;0.1391,0.1444,0.1434,19
ISTGNN_PeMSD7_speed,136,0.1573,0.1352;0.1417,0.1447,0.1434,20
ISTGNN_PeMSD7_speed,137,0.1568,0.1344;0.1400,0.1437,0.1434,21
ISTGNN_PeMSD7_speed,138,0.1570,0.1351;0.1405,0.1442,0.1434,22
ISTGNN_PeMSD7_speed,139,0.1576,0.1352;0.1396,0.1441,0.1434,23
ISTGNN_PeMSD7_speed,140,0.1565,0.1355;0.1398,0.1439,0.1434,24
ISTGNN_PeMSD7_speed,141,0.1568,0.1350;0.1418,0.1446,0.1434,25
ISTGNN_PeMSD7_speed,142,0.1581,0.1349;0.1405,0.1445,0.1434,26
ISTGNN_PeMSD7_speed,143,0.1582,0.1342;0.1400,0.1441,0.1434,27
ISTGNN_PeMSD7_speed,144,0.1585,0.1342;0.1404,0.1444,0.1434,28
ISTGNN_PeMSD7_speed,145,0.1579,0.1352;0.1404,0.1445,0.1434,29
ISTGNN_PeMSD7_speed,146,0.1589,0.1351;0.1397,0.1446,0.1434,30
ISTGNN_PeMSD7_speed,147,0.1562,0.1378;0.1403,0.1447,0.1434,31
ISTGNN_PeMSD7_speed,148,0.1572,0.1346;0.1395,0.1438,0.1434,32
ISTGNN_PeMSD7_speed,149,0.1561,0.1349;0.1398,0.1436,0.1434,33
ISTGNN_PeMSD7_speed,150,0.1580,0.1351;0.1403,0.1445,0.1434,34
ISTGNN_PeMSD7_speed,151,0.1586,0.1352;0.1419,0.1452,0.1434,35
ISTGNN_PeMSD7_speed,152,0.1575,0.1361;0.1401,0.1446,0.1434,36
ISTGNN_PeMSD7_speed,153,0.1560,0.1350;0.1405,0.1438,0.1434,37
ISTGNN_PeMSD7_speed,154,0.1578,0.1340;0.1403,0.1440,0.1434,38
ISTGNN_PeMSD7_speed,155,0.1569,0.1341;0.1409,0.1440,0.1434,39
ISTGNN_PeMSD7_speed,156,0.1579,0.1355;0.1390,0.1441,0.1434,40
ISTGNN_PeMSD7_speed,157,0.1566,0.1352;0.1419,0.1446,0.1434,41
ISTGNN_PeMSD7_speed,158,0.1561,0.1358;0.1404,0.1441,0.1434,42
ISTGNN_PeMSD7_speed,159,0.1573,0.1364;0.1412,0.1450,0.1434,43
ISTGNN_PeMSD7_speed,160,0.1577,0.1345;0.1418,0.1447,0.1434,44
ISTGNN_PeMSD7_speed,161,0.1577,0.1356;0.1429,0.1454,0.1434,45
ISTGNN_PeMSD7_speed,162,0.1581,0.1347;0.1398,0.1442,0.1434,46
ISTGNN_PeMSD7_speed,163,0.1594,0.1344;0.1401,0.1446,0.1434,47
ISTGNN_PeMSD7_speed,164,0.1590,0.1345;0.1397,0.1444,0.1434,48
ISTGNN_PeMSD7_speed,165,0.1575,0.1338;0.1405,0.1439,0.1434,49
ISTGNN_PeMSD7_speed,166,0.1575,0.1347;0.1413,0.1445,0.1434,50
ISTGNN_PeMSD7_occ,1,0.1822,0.1592;0.1919,0.1778,0.1778,0
ISTGNN_PeMSD7_occ,2,0.1795,0.1587;0.1699,0.1694,0.1694,0
ISTGNN_PeMSD7_occ,3,0.1777,0.1579;0.1720,0.1692,0.1692,0
ISTGNN_PeMSD7_occ,4,0.1799,0.1578;0.1776,0.1718,0.1692,1
ISTGNN_PeMSD7_occ,5,0.1765,0.1564;0.1691,0.1673,0.1673,0
ISTGNN_PeMSD7_occ,6,0.1766,0.1610;0.1703,0.1693,0.1673,1
ISTGNN_PeMSD7_occ,7,0.1755,0.1562;0.1681,0.1666,0.1666,0
ISTGNN_PeMSD7_occ,8,0.1754,0.1548;0.1673,0.1659,0.1659,0
ISTGNN_PeMSD7_occ,9,0.1785,0.1610;0.1676,0.1690,0.1659,1
ISTGNN_PeMSD7_occ,10,0.1773,0.1573;0.1670,0.1672,0.1659,2
ISTGNN_PeMSD7_occ,11,0.1752,0.1580;0.1681,0.1671,0.1659,3
ISTGNN_PeMSD7_occ,12,0.1755,0.1577;0.1669,0.1667,0.1659,4
ISTGNN_PeMSD7_occ,13,0.1770,0.1563;0.1705,0.1680,0.1659,5
ISTGNN_PeMSD7_occ,14,0.1789,0.1547;0.1710,0.1682,0.1659,6
ISTGNN_PeMSD7_occ,15,0.1775,0.1553;0.1652,0.1660,0.1659,7
ISTGNN_PeMSD7_occ,16,0.1801,0.1551;0.1688,0.1680,0.1659,8
ISTGNN_PeMSD7_occ,17,0.1772,0.1556;0.1678,0.1669,0.1659,9
ISTGNN_PeMSD7_occ,18,0.1812,0.1555;0.1683,0.1683,0.1659,10
ISTGNN_PeMSD7_occ,19,0.1746,0.1550;0.1676,0.1658,0.1659,11
ISTGNN_PeMSD7_occ,20,0.1774,0.1547;0.1657,0.1659,0.1659,12
ISTGNN_PeMSD7_occ,21,0.1755,0.1546;0.1717,0.1673,0.1659,13
ISTGNN_PeMSD7_occ,22,0.1783,0.1546;0.1703,0.1677,0.1659,14
ISTGNN_PeMSD7_occ,23,0.1769,0.1573;0.1680,0.1674,0.1659,15
ISTGNN_PeMSD7_occ,24,0.1770,0.1536;0.1661,0.1656,0.1656,0
ISTGNN_PeMSD7_occ,25,0.1753,0.1541;0.1650,0.1648,0.1648,0
ISTGNN_PeMSD7_occ,26,0.1749,0.1539;0.1654,0.1647,0.1648,1
ISTGNN_PeMSD7_occ,27,0.1742,0.1555;0.1651,0.1649,0.1648,2
ISTGNN_PeMSD7_occ,28,0.1796,0.1553;0.1649,0.1666,0.1648,3
ISTGNN_PeMSD7_occ,29,0.1750,0.1561;0.1657,0.1656,0.1648,4
ISTGNN_PeMSD7_occ,30,0.1747,0.1542;0.1657,0.1649,0.1648,5
ISTGNN_PeMSD7_occ,31,0.1752,0.1582;0.1698,0.1678,0.1648,6
ISTGNN_PeMSD7_occ,32,0.1769,0.1548;0.1653,0.1657,0.1648,7
ISTGNN_PeMSD7_occ,33,0.1738,0.1550;0.1646,0.1645,0.1645,0
ISTGNN_PeMSD7_occ,34,0.1751,0.1536;0.1689,0.1659,0.1645,1
ISTGNN_PeMSD7_occ,35,0.1773,0.1535;0.1663,0.1657,0.1645,2
ISTGNN_PeMSD7_occ,36,0.1743,0.1549;0.1693,0.1662,0.1645,3
ISTGNN_PeMSD7_occ,37,0.1733,0.1544;0.1692,0.1656,0.1645,4
ISTGNN_PeMSD7_occ,38,0.1739,0.1549;0.1671,0.1653,0.1645,5
ISTGNN_PeMSD7_occ,39,0.1754,0.1536;0.1639,0.1643,0.1643,0
ISTGNN_PeMSD7_occ,40,0.1743,0.1539;0.1643,0.1642,0.1642,0
ISTGNN_PeMSD7_occ,41,0.1744,0.1530;0.1687,0.1654,0.1642,1
ISTGNN_PeMSD7_occ,42,0.1735,0.1543;0.1648,0.1642,0.1642,2
ISTGNN_PeMSD7_occ,43,0.1738,0.1545;0.1654,0.1646,0.1642,3
ISTGNN_PeMSD7_occ,44,0.1734,0.1538;0.1642,0.1638,0.1638,0
ISTGNN_PeMSD7_occ,45,0.1745,0.1563;0.1646,0.1651,0.1638,1
ISTGNN_PeMSD7_occ,46,0.1736,0.1550;0.1656,0.1647,0.1638,2
ISTGNN_PeMSD7_occ,47,0.1745,0.1537;0.1740,0.1674,0.1638,3
ISTGNN_PeMSD7_occ,48,0.1740,0.1573;0.1710,0.1674,0.1638,4
ISTGNN_PeMSD7_occ,49,0.1757,0.1546;0.1646,0.1649,0.1638,5
ISTGNN_PeMSD7_occ,50,0.1732,0.1529;0.1685,0.1649,0.1638,6
ISTGNN_PeMSD7_occ,51,0.1775,0.1563;0.1679,0.1672,0.1638,7
ISTGNN_PeMSD7_occ,52,0.1727,0.1546;0.1650,0.1641,0.1638,8
ISTGNN_PeMSD7_occ,53,0.1734,0.1533;0.1655,0.1640,0.1638,9
ISTGNN_PeMSD7_occ,54,0.1737,0.1545;0.1646,0.1643,0.1638,10
ISTGNN_PeMSD7_occ,55,0.1767,0.1549;0.1643,0.1653,0.1638,11
ISTGNN_PeMSD7_occ,56,0.1742,0.1537;0.1648,0.1643,0.1638,12
ISTGNN_PeMSD7_occ,57,0.1729,0.1525;0.1639,0.1631,0.1631,0
ISTGNN_PeMSD7_occ,58,0.1746,0.1609;0.1654,0.1670,0.1631,1
ISTGNN_PeMSD7_occ,59,0.1813,0.1539;0.1648,0.1667,0.1631,2
ISTGNN_PeMSD7_occ,60,0.1728,0.1525;0.1642,0.1632,0.1631,3
ISTGNN_PeMSD7_occ,61,0.1723,0.1533;0.1671,0.1643,0.1631,4
ISTGNN_PeMSD7_occ,62,0.1736,0.1632;0.1638,0.1668,0.1631,5
ISTGNN_PeMSD7_occ,63,0.1759,0.1552;0.1646,0.1652,0.1631,6
ISTGNN_PeMSD7_occ,64,0.1718,0.1561;0.1671,0.1650,0.1631,7
ISTGNN_PeMSD7_occ,65,0.1745,0.1525;0.1658,0.1643,0.1631,8
ISTGNN_PeMSD7_occ,66,0.1742,0.1587;0.1688,0.1672,0.1631,9
ISTGNN_PeMSD7_occ,67,0.1747,0.1536;0.1663,0.1648,0.1631,10
ISTGNN_PeMSD7_occ,68,0.1719,0.1522;0.1644,0.1628,0.1628,0
ISTGNN_PeMSD7_occ,69,0.1750,0.1539;0.1642,0.1643,0.1628,1
ISTGNN_PeMSD7_occ,70,0.1734,0.1527;0.1666,0.1642,0.1628,2
ISTGNN_PeMSD7_occ,71,0.1724,0.1533;0.1655,0.1637,0.1628,3
ISTGNN_PeMSD7_occ,72,0.1737,0.1547;0.1649,0.1644,0.1628,4
ISTGNN_PeMSD7_occ,73,0.1748,0.1550;0.1647,0.1648,0.1628,5
ISTGNN_PeMSD7_occ,74,0.1744,0.1525;0.1653,0.1641,0.1628,6
ISTGNN_PeMSD7_occ,75,0.1728,0.1531;0.1644,0.1634,0.1628,7
ISTGNN_PeMSD7_occ,76,0.1727,0.1529;0.1651,0.1636,0.1628,8
ISTGNN_PeMSD7_occ,77,0.1722,0.1561;0.1664,0.1649,0.1628,9
ISTGNN_PeMSD7_occ,78,0.1722,0.1543;0.1648,0.1638,0.1628,10
ISTGNN_PeMSD7_occ,79,0.1743,0.1569;0.1656,0.1656,0.1628,11
ISTGNN_PeMSD7_occ,80,0.1719,0.1552;0.1672,0.1648,0.1628,12
ISTGNN_PeMSD7_occ,81,0.1715,0.1538;0.1641,0.1631,0.1628,13
ISTGNN_PeMSD7_occ,82,0.1726,0.1544;0.1644,0.1638,0.1628,14
ISTGNN_PeMSD7_occ,83,0.1736,0.1546;0.1654,0.1645,0.1628,15
ISTGNN_PeMSD7_occ,84,0.1729,0.1525;0.1642,0.1632,0.1628,16
ISTGNN_PeMSD7_occ,85,0.1729,0.1527;0.1658,0.1638,0.1628,17
ISTGNN_PeMSD7_occ,86,0.1724,0.1524;0.1642,0.1630,0.1628,18
ISTGNN_PeMSD7_occ,87,0.1750,0.1528;0.1643,0.1640,0.1628,19
ISTGNN_PeMSD7_occ,88,0.1732,0.1544;0.1649,0.1642,0.1628,20
ISTGNN_PeMSD7_occ,89,0.1731,0.1521;0.1654,0.1635,0.1628,21
ISTGNN_PeMSD7_occ,90,0.1731,0.1522;0.1641,0.1631,0.1628,22
ISTGNN_PeMSD7_occ,91,0.1726,0.1524;0.1654,0.1634,0.1628,23
ISTGNN_PeMSD7_occ,92,0.1711,0.1519;0.1636,0.1622,0.1622,0
ISTGNN_PeMSD7_occ,93,0.1721,0.1536;0.1655,0.1637,0.1622,1
ISTGNN_PeMSD7_occ,94,0.1726,0.1536;0.1643,0.1635,0.1622,2
ISTGNN_PeMSD7_occ,95,0.1718,0.1540;0.1660,0.1639,0.1622,3
ISTGNN_PeMSD7_occ,96,0.1735,0.1521;0.1636,0.1630,0.1622,4
ISTGNN_PeMSD7_occ,97,0.1731,0.1529;0.1633,0.1631,0.1622,5
ISTGNN_PeMSD7_occ,98,0.1710,0.1564;0.1641,0.1638,0.1622,6
ISTGNN_PeMSD7_occ,99,0.1734,0.1530;0.1667,0.1643,0.1622,7
ISTGNN_PeMSD7_occ,100,0.1726,0.1519;0.1631,0.1626,0.1622,8
ISTGNN_PeMSD7_occ,101,0.1735,0.1525;0.1652,0.1637,0.1622,9
ISTGNN_PeMSD7_occ,102,0.1747,0.1524;0.1645,0.1638,0.1622,10
ISTGNN_PeMSD7_occ,103,0.1725,0.1531;0.1646,0.1634,0.1622,11
ISTGNN_PeMSD7_occ,104,0.1718,0.1539;0.1658,0.1638,0.1622,12
ISTGNN_PeMSD7_occ,105,0.1711,0.1516;0.1633,0.1620,0.1620,0
ISTGNN_PeMSD7_occ,106,0.1717,0.1522;0.1657,0.1632,0.1620,1
ISTGNN_PeMSD7_occ,107,0.1710,0.1528;0.1648,0.1629,0.1620,2
ISTGNN_PeMSD7_occ,108,0.1726,0.1516;0.1639,0.1627,0.1620,3
ISTGNN_PeMSD7_occ,109,0.1734,0.1563;0.1655,0.1651,0.1620,4
ISTGNN_PeMSD7_occ,110,0.1722,0.1531;0.1659,0.1637,0.1620,5
ISTGNN_PeMSD7_occ,111,0.1721,0.1542;0.1648,0.1637,0.1620,6
ISTGNN_PeMSD7_occ,112,0.1742,0.1524;0.1648,0.1638,0.1620,7
ISTGNN_PeMSD7_occ,113,0.1736,0.1530;0.1641,0.1636,0.1620,8
ISTGNN_PeMSD7_occ,114,0.1725,0.1533;0.1630,0.1629,0.1620,9
ISTGNN_PeMSD7_occ,115,0.1727,0.1528;0.1642,0.1632,0.1620,10
ISTGNN_PeMSD7_occ,116,0.1729,0.1527;0.1682,0.1646,0.1620,11
ISTGNN_PeMSD7_occ,117,0.1716,0.1527;0.1657,0.1633,0.1620,12
ISTGNN_PeMSD7_occ,118,0.1731,0.1548;0.1658,0.1646,0.1620,13
ISTGNN_PeMSD7_occ,119,0.1730,0.1577;0.1668,0.1658,0.1620,14
ISTGNN_PeMSD7_occ,120,0.1713,0.1526;0.1644,0.1628,0.1620,15
ISTGNN_PeMSD7_occ,121,0.1712,0.1536;0.1640,0.1629,0.1620,16
ISTGNN_PeMSD7_occ,122,0.1730,0.1525;0.1643,0.1633,0.1620,17
ISTGNN_PeMSD7_occ,123,0.1714,0.1543;0.1644,0.1634,0.1620,18
ISTGNN_PeMSD7_occ,124,0.1708,0.1530;0.1633,0.1623,0.1620,19
ISTGNN_PeMSD7_occ,125,0.1712,0.1548;0.1677,0.1645,0.1620,20
ISTGNN_PeMSD7_occ,126,0.1777,0.1513;0.1648,0.1646,0.1620,21
ISTGNN_PeMSD7_occ,127,0.1713,0.1521;0.1648,0.1627,0.1620,22
ISTGNN_PeMSD7_occ,128,0.1729,0.1518;0.1637,0.1628,0.1620,23
ISTGNN_PeMSD7_occ,129,0.1719,0.1526;0.1634,0.1627,0.1620,24
ISTGNN_PeMSD7_occ,130,0.1715,0.1515;0.1643,0.1625,0.1620,25
ISTGNN_PeMSD7_occ,131,0.1732,0.1534;0.1632,0.1633,0.1620,26
ISTGNN_PeMSD7_occ,132,0.1742,0.1525;0.1647,0.1638,0.1620,27
ISTGNN_PeMSD7_occ,133,0.1726,0.1537;0.1646,0.1636,0.1620,28
ISTGNN_PeMSD7_occ,134,0.1737,0.1536;0.1659,0.1644,0.1620,29
ISTGNN_PeMSD7_occ,135,0.1717,0.1525;0.1630,0.1624,0.1620,30
ISTGNN_PeMSD7_occ,136,0.1728,0.1536;0.1649,0.1638,0.1620,31
ISTGNN_PeMSD7_occ,137,0.1737,0.1527;0.1634,0.1632,0.1620,32
ISTGNN_PeMSD7_occ,138,0.1722,0.1538;0.1669,0.1643,0.1620,33
ISTGNN_PeMSD7_occ,139,0.1740,0.1515;0.1664,0.1640,0.1620,34
ISTGNN_PeMSD7_occ,140,0.1721,0.1523;0.1651,0.1632,0.1620,35
ISTGNN_PeMSD7_occ,141,0.1723,0.1520;0.1637,0.1627,0.1620,36
ISTGNN_PeMSD7_occ,142,0.1714,0.1534;0.1667,0.1638,0.1620,37
ISTGNN_PeMSD7_occ,143,0.1739,0.1519;0.1631,0.1630,0.1620,38
ISTGNN_PeMSD7_occ,144,0.1716,0.1517;0.1640,0.1624,0.1620,39
ISTGNN_PeMSD7_occ,145,0.1712,0.1549;0.1637,0.1633,0.1620,40
ISTGNN_PeMSD7_occ,146,0.1729,0.1553;0.1650,0.1644,0.1620,41
ISTGNN_PeMSD7_occ,147,0.1714,0.1518;0.1669,0.1633,0.1620,42
ISTGNN_PeMSD7_occ,148,0.1765,0.1525;0.1654,0.1648,0.1620,43
ISTGNN_PeMSD7_occ,149,0.1711,0.1520;0.1628,0.1619,0.1620,44
ISTGNN_PeMSD7_occ,150,0.1712,0.1526;0.1677,0.1638,0.1620,45
ISTGNN_PeMSD7_occ,151,0.1724,0.1524;0.1627,0.1625,0.1620,46
ISTGNN_PeMSD7_occ,152,0.1721,0.1519;0.1657,0.1633,0.1620,47
ISTGNN_PeMSD7_occ,153,0.1714,0.1542;0.1652,0.1636,0.1620,48
ISTGNN_PeMSD7_occ,154,0.1729,0.1524;0.1645,0.1633,0.1620,49
ISTGNN_PeMSD7_occ,155,0.1715,0.1526;0.1648,0.1629,0.1620,50
ISTGNN_PeMS08_flow,1,0.1259,0.1057;0.1219,0.1178,0.1178,0
ISTGNN_PeMS08_flow,2,0.1222,0.1044;0.1187,0.1151,0.1151,0
ISTGNN_PeMS08_flow,3,0.1272,0.1056;0.1170,0.1166,0.1151,1
ISTGNN_PeMS08_flow,4,0.1316,0.1013;0.1169,0.1166,0.1151,2
ISTGNN_PeMS08_flow,5,0.1213,0.1020;0.1166,0.1133,0.1133,0
ISTGNN_PeMS08_flow,6,0.1246,0.1010;0.1165,0.1140,0.1133,1
ISTGNN_PeMS08_flow,7,0.1199,0.1007;0.1169,0.1125,0.1125,0
ISTGNN_PeMS08_flow,8,0.1210,0.1013;0.1170,0.1131,0.1125,1
ISTGNN_PeMS08_flow,9,0.1200,0.1015;0.1187,0.1134,0.1125,2
ISTGNN_PeMS08_flow,10,0.1259,0.1021;0.1165,0.1148,0.1125,3
ISTGNN_PeMS08_flow,11,0.1206,0.1015;0.1166,0.1129,0.1125,4
ISTGNN_PeMS08_flow,12,0.1194,0.1007;0.1212,0.1138,0.1125,5
ISTGNN_PeMS08_flow,13,0.1214,0.1024;0.1225,0.1154,0.1125,6
ISTGNN_PeMS08_flow,14,0.1200,0.1008;0.1154,0.1120,0.1120,0
ISTGNN_PeMS08_flow,15,0.1218,0.1016;0.1152,0.1129,0.1120,1
ISTGNN_PeMS08_flow,16,0.1187,0.1012;0.1156,0.1118,0.1118,0
ISTGNN_PeMS08_flow,17,0.1196,0.0998;0.1168,0.1120,0.1118,1
ISTGNN_PeMS08_flow,18,0.1234,0.0998;0.1153,0.1129,0.1118,2
ISTGNN_PeMS08_flow,19,0.1233,0.1043;0.1169,0.1148,0.1118,3
ISTGNN_PeMS08_flow,20,0.1199,0.1006;0.1149,0.1118,0.1118,4
ISTGNN_PeMS08_flow,21,0.1191,0.1002;0.1152,0.1115,0.1115,0
ISTGNN_PeMS08_flow,22,0.1182,0.1003;0.1146,0.1111,0.1111,0
ISTGNN_PeMS08_flow,23,0.1196,0.1033;0.1180,0.1136,0.1111,1
ISTGNN_PeMS08_flow,24,0.1188,0.1002;0.1159,0.1116,0.1111,2
ISTGNN_PeMS08_flow,25,0.1184,0.1020;0.1222,0.1142,0.1111,3
ISTGNN_PeMS08_flow,26,0.1194,0.1018;0.1144,0.1119,0.1111,4
ISTGNN_PeMS08_flow,27,0.1210,0.1005;0.1144,0.1120,0.1111,5
ISTGNN_PeMS08_flow,28,0.1227,0.1054;0.1172,0.1151,0.1111,6
ISTGNN_PeMS08_flow,29,0.1195,0.0996;0.1172,0.1121,0.1111,7
ISTGNN_PeMS08_flow,30,0.1200,0.1064;0.1147,0.1137,0.1111,8
ISTGNN_PeMS08_flow,31,0.1226,0.0998;0.1155,0.1126,0.1111,9
ISTGNN_PeMS08_flow,32,0.1184,0.0995;0.1141,0.1107,0.1107,0
ISTGNN_PeMS08_flow,33,0.1198,0.0997;0.1220,0.1138,0.1107,1
ISTGNN_PeMS08_flow,34,0.1219,0.1001;0.1144,0.1121,0.1107,2
ISTGNN_PeMS08_flow,35,0.1186,0.1009;0.1141,0.1112,0.1107,3
ISTGNN_PeMS08_flow,36,0.1201,0.0990;0.1167,0.1120,0.1107,4
ISTGNN_PeMS08_flow,37,0.1171,0.0989;0.1146,0.1102,0.1102,0
ISTGNN_PeMS08_flow,38,0.1177,0.1008;0.1136,0.1107,0.1102,1
ISTGNN_PeMS08_flow,39,0.1173,0.0987;0.1167,0.1109,0.1102,2
ISTGNN_PeMS08_flow,40,0.1178,0.1011;0.1155,0.1115,0.1102,3
ISTGNN_PeMS08_flow,41,0.1181,0.1036;0.1139,0.1119,0.1102,4
ISTGNN_PeMS08_flow,42,0.1178,0.0994;0.1164,0.1112,0.1102,5
ISTGNN_PeMS08_flow,43,0.1165,0.0997;0.1137,0.1100,0.1100,0
ISTGNN_PeMS08_flow,44,0.1201,0.1014;0.1130,0.1115,0.1100,1
ISTGNN_PeMS08_flow,45,0.1164,0.0994;0.1132,0.1097,0.1097,0
ISTGNN_PeMS08_flow,46,0.1168,0.0996;0.1151,0.1105,0.1097,1
ISTGNN_PeMS08_flow,47,0.1165,0.0989;0.1127,0.1094,0.1094,0
ISTGNN_PeMS08_flow,48,0.1165,0.0991;0.1130,0.1095,0.1094,1
ISTGNN_PeMS08_flow,49,0.1245,0.1012;0.1136,0.1131,0.1094,2
ISTGNN_PeMS08_flow,50,0.1179,0.1007;0.1130,0.1105,0.1094,3
ISTGNN_PeMS08_flow,51,0.1181,0.0995;0.1126,0.1101,0.1094,4
ISTGNN_PeMS08_flow,52,0.1162,0.1008;0.1174,0.1115,0.1094,5
ISTGNN_PeMS08_flow,53,0.1155,0.0993;0.1130,0.1093,0.1093,0
ISTGNN_PeMS08_flow,54,0.1155,0.0988;0.1128,0.1090,0.1090,0
ISTGNN_PeMS08_flow,55,0.1165,0.1025;0.1144,0.1111,0.1090,1
ISTGNN_PeMS08_flow,56,0.1169,0.1024;0.1145,0.1112,0.1090,2
ISTGNN_PeMS08_flow,57,0.1161,0.1017;0.1128,0.1102,0.1090,3
ISTGNN_PeMS08_flow,58,0.1200,0.0989;0.1132,0.1107,0.1090,4
ISTGNN_PeMS08_flow,59,0.1152,0.0996;0.1116,0.1088,0.1088,0
ISTGNN_PeMS08_flow,60,0.1154,0.1037;0.1122,0.1104,0.1088,1
ISTGNN_PeMS08_flow,61,0.1154,0.1008;0.1126,0.1096,0.1088,2
ISTGNN_PeMS08_flow,62,0.1151,0.1007;0.1124,0.1094,0.1088,3
ISTGNN_PeMS08_flow,63,0.1149,0.0982;0.1116,0.1082,0.1082,0
ISTGNN_PeMS08_flow,64,0.1157,0.0985;0.1123,0.1088,0.1082,1
ISTGNN_PeMS08_flow,65,0.1151,0.1011;0.1124,0.1095,0.1082,2
ISTGNN_PeMS08_flow,66,0.1154,0.0992;0.1117,0.1087,0.1082,3
ISTGNN_PeMS08_flow,67,0.1144,0.0982;0.1116,0.1081,0.1081,0
ISTGNN_PeMS08_flow,68,0.1173,0.0991;0.1126,0.1096,0.1081,1
ISTGNN_PeMS08_flow,69,0.1152,0.0989;0.1115,0.1086,0.1081,2
ISTGNN_PeMS08_flow,70,0.1150,0.0993;0.1112,0.1085,0.1081,3
ISTGNN_PeMS08_flow,71,0.1164,0.0980;0.1150,0.1098,0.1081,4
ISTGNN_PeMS08_flow,72,0.1142,0.0985;0.1113,0.1080,0.1081,5
ISTGNN_PeMS08_flow,73,0.1165,0.1005;0.1114,0.1095,0.1081,6
ISTGNN_PeMS08_flow,74,0.1146,0.0987;0.1136,0.1090,0.1081,7
ISTGNN_PeMS08_flow,75,0.1164,0.0981;0.1114,0.1086,0.1081,8
ISTGNN_PeMS08_flow,76,0.1161,0.0983;0.1109,0.1084,0.1081,9
ISTGNN_PeMS08_flow,77,0.1151,0.0977;0.1115,0.1081,0.1081,10
ISTGNN_PeMS08_flow,78,0.1149,0.0976;0.1110,0.1078,0.1078,0
ISTGNN_PeMS08_flow,79,0.1153,0.0989;0.1117,0.1087,0.1078,1
ISTGNN_PeMS08_flow,80,0.1170,0.0997;0.1117,0.1095,0.1078,2
ISTGNN_PeMS08_flow,81,0.1136,0.0983;0.1115,0.1078,0.1078,3
ISTGNN_PeMS08_flow,82,0.1138,0.0976;0.1119,0.1078,0.1078,4
ISTGNN_PeMS08_flow,83,0.1155,0.0982;0.1148,0.1095,0.1078,5
ISTGNN_PeMS08_flow,84,0.1148,0.0973;0.1115,0.1079,0.1078,6
ISTGNN_PeMS08_flow,85,0.1144,0.0992;0.1115,0.1083,0.1078,7
ISTGNN_PeMS08_flow,86,0.1138,0.0988;0.1119,0.1082,0.1078,8
ISTGNN_PeMS08_flow,87,0.1137,0.0973;0.1109,0.1073,0.1073,0
ISTGNN_PeMS08_flow,88,0.1153,0.1043;0.1126,0.1107,0.1073,1
ISTGNN_PeMS08_flow,89,0.1183,0.0988;0.1114,0.1095,0.1073,2
ISTGNN_PeMS08_flow,90,0.1148,0.0994;0.1106,0.1082,0.1073,3
ISTGNN_PeMS08_flow,91,0.1152,0.0999;0.1118,0.1090,0.1073,4
ISTGNN_PeMS08_flow,92,0.1138,0.0985;0.1113,0.1078,0.1073,5
ISTGNN_PeMS08_flow,93,0.1146,0.0988;0.1115,0.1083,0.1073,6
ISTGNN_PeMS08_flow,94,0.1146,0.0990;0.1120,0.1085,0.1073,7
ISTGNN_PeMS08_flow,95,0.1133,0.0980;0.1113,0.1075,0.1073,8
ISTGNN_PeMS08_flow,96,0.1140,0.0973;0.1105,0.1073,0.1073,9
ISTGNN_PeMS08_flow,97,0.1146,0.0986;0.1116,0.1083,0.1073,10
ISTGNN_PeMS08_flow,98,0.1134,0.0982;0.1112,0.1076,0.1073,11
ISTGNN_PeMS08_flow,99,0.1153,0.0980;0.1106,0.1080,0.1073,12
ISTGNN_PeMS08_flow,100,0.1133,0.0993;0.1110,0.1079,0.1073,13
ISTGNN_PeMS08_flow,101,0.1135,0.0993;0.1110,0.1079,0.1073,14
ISTGNN_PeMS08_flow,102,0.1128,0.0979;0.1119,0.1075,0.1073,15
ISTGNN_PeMS08_flow,103,0.1197,0.0997;0.1108,0.1101,0.1073,16
ISTGNN_PeMS08_flow,104,0.1145,0.0981;0.1104,0.1076,0.1073,17
ISTGNN_PeMS08_flow,105,0.1129,0.0980;0.1110,0.1073,0.1073,18
ISTGNN_PeMS08_flow,106,0.1133,0.0977;0.1118,0.1076,0.1073,19
ISTGNN_PeMS08_flow,107,0.1138,0.0986;0.1105,0.1077,0.1073,20
ISTGNN_PeMS08_flow,108,0.1158,0.0992;0.1119,0.1090,0.1073,21
ISTGNN_PeMS08_flow,109,0.1134,0.0982;0.1111,0.1076,0.1073,22
ISTGNN_PeMS08_flow,110,0.1137,0.0976;0.1105,0.1073,0.1073,23
ISTGNN_PeMS08_flow,111,0.1132,0.0973;0.1101,0.1069,0.1069,0
ISTGNN_PeMS08_flow,112,0.1129,0.0982;0.1110,0.1074,0.1069,1
ISTGNN_PeMS08_flow,113,0.1131,0.0987;0.1104,0.1074,0.1069,2
ISTGNN_PeMS08_flow,114,0.1137,0.0991;0.1121,0.1083,0.1069,3
ISTGNN_PeMS08_flow,115,0.1131,0.0996;0.1118,0.1081,0.1069,4
ISTGNN_PeMS08_flow,116,0.1136,0.0973;0.1109,0.1072,0.1069,5
ISTGNN_PeMS08_flow,117,0.1133,0.0973;0.1121,0.1076,0.1069,6
ISTGNN_PeMS08_flow,118,0.1153,0.0971;0.1111,0.1079,0.1069,7
ISTGNN_PeMS08_flow,119,0.1125,0.0972;0.1118,0.1072,0.1069,8
ISTGNN_PeMS08_flow,120,0.1143,0.0973;0.1106,0.1074,0.1069,9
ISTGNN_PeMS08_flow,121,0.1131,0.0976;0.1111,0.1072,0.1069,10
ISTGNN_PeMS08_flow,122,0.1165,0.0979;0.1108,0.1084,0.1069,11
ISTGNN_PeMS08_flow,123,0.1131,0.0987;0.1125,0.1081,0.1069,12
ISTGNN_PeMS08_flow,124,0.1135,0.0973;0.1104,0.1071,0.1069,13
ISTGNN_PeMS08_flow,125,0.1137,0.0979;0.1106,0.1074,0.1069,14
ISTGNN_PeMS08_flow,126,0.1125,0.0978;0.1155,0.1086,0.1069,15
ISTGNN_PeMS08_flow,127,0.1129,0.0966;0.1110,0.1068,0.1069,16
ISTGNN_PeMS08_flow,128,0.1155,0.0971;0.1117,0.1081,0.1069,17
ISTGNN_PeMS08_flow,129,0.1130,0.0977;0.1105,0.1071,0.1069,18
ISTGNN_PeMS08_flow,130,0.1151,0.0971;0.1104,0.1075,0.1069,19
ISTGNN_PeMS08_flow,131,0.1130,0.0982;0.1107,0.1073,0.1069,20
ISTGNN_PeMS08_flow,132,0.1136,0.0975;0.1118,0.1076,0.1069,21
ISTGNN_PeMS08_flow,133,0.1164,0.0997;0.1122,0.1094,0.1069,22
ISTGNN_PeMS08_flow,134,0.1131,0.1022;0.1108,0.1087,0.1069,23
ISTGNN_PeMS08_flow,135,0.1123,0.0981;0.1115,0.1073,0.1069,24
ISTGNN_PeMS08_flow,136,0.1128,0.0970;0.1108,0.1069,0.1069,25
ISTGNN_PeMS08_flow,137,0.1131,0.0968;0.1105,0.1068,0.1069,26
ISTGNN_PeMS08_flow,138,0.1139,0.0966;0.1106,0.1070,0.1069,27
ISTGNN_PeMS08_flow,139,0.1124,0.0977;0.1099,0.1067,0.1067,0
ISTGNN_PeMS08_flow,140,0.1139,0.0981;0.1111,0.1077,0.1067,1
ISTGNN_PeMS08_flow,141,0.1134,0.0981;0.1119,0.1078,0.1067,2
ISTGNN_PeMS08_flow,142,0.1128,0.0982;0.1103,0.1071,0.1067,3
ISTGNN_PeMS08_flow,143,0.1128,0.0972;0.1111,0.1070,0.1067,4
ISTGNN_PeMS08_flow,144,0.1127,0.0978;0.1121,0.1075,0.1067,5
ISTGNN_PeMS08_flow,145,0.1128,0.0986;0.1104,0.1073,0.1067,6
ISTGNN_PeMS08_flow,146,0.1130,0.0980;0.1099,0.1070,0.1067,7
ISTGNN_PeMS08_flow,147,0.1131,0.0981;0.1098,0.1070,0.1067,8
ISTGNN_PeMS08_flow,148,0.1150,0.0985;0.1100,0.1078,0.1067,9
ISTGNN_PeMS08_flow,149,0.1128,0.0969;0.1114,0.1071,0.1067,10
ISTGNN_PeMS08_flow,150,0.1123,0.0970;0.1104,0.1066,0.1066,0
ISTGNN_PeMS08_flow,151,0.1156,0.0974;0.1105,0.1078,0.1066,1
ISTGNN_PeMS08_flow,152,0.1127,0.0965;0.1112,0.1068,0.1066,2
ISTGNN_PeMS08_flow,153,0.1123,0.0963;0.1102,0.1063,0.1063,0
ISTGNN_PeMS08_flow,154,0.1125,0.0964;0.1107,0.1066,0.1063,1
ISTGNN_PeMS08_flow,155,0.1137,0.0984;0.1100,0.1073,0.1063,2
ISTGNN_PeMS08_flow,156,0.1131,0.0966;0.1107,0.1068,0.1063,3
ISTGNN_PeMS08_flow,157,0.1135,0.0965;0.1117,0.1072,0.1063,4
ISTGNN_PeMS08_flow,158,0.1124,0.0964;0.1101,0.1063,0.1063,5
ISTGNN_PeMS08_flow,159,0.1149,0.0968;0.1099,0.1072,0.1063,6
ISTGNN_PeMS08_flow,160,0.1124,0.0962;0.1100,0.1062,0.1063,7
ISTGNN_PeMS08_flow,161,0.1131,0.1004;0.1101,0.1079,0.1063,8
ISTGNN_PeMS08_flow,162,0.1146,0.0967;0.1111,0.1075,0.1063,9
ISTGNN_PeMS08_flow,163,0.1120,0.0965;0.1119,0.1068,0.1063,10
ISTGNN_PeMS08_flow,164,0.1121,0.0971;0.1099,0.1064,0.1063,11
ISTGNN_PeMS08_flow,165,0.1127,0.0967;0.1103,0.1066,0.1063,12
ISTGNN_PeMS08_flow,166,0.1134,0.0989;0.1099,0.1074,0.1063,13
ISTGNN_PeMS08_flow,167,0.1125,0.0976;0.1104,0.1068,0.1063,14
ISTGNN_PeMS08_flow,168,0.1131,0.0963;0.1113,0.1069,0.1063,15
ISTGNN_PeMS08_flow,169,0.1129,0.0973;0.1099,0.1067,0.1063,16
ISTGNN_PeMS08_flow,170,0.1143,0.0962;0.1102,0.1069,0.1063,17
ISTGNN_PeMS08_flow,171,0.1135,0.0963;0.1098,0.1065,0.1063,18
ISTGNN_PeMS08_flow,172,0.1122,0.0979;0.1105,0.1069,0.1063,19
ISTGNN_PeMS08_flow,173,0.1136,0.0976;0.1100,0.1070,0.1063,20
ISTGNN_PeMS08_flow,174,0.1121,0.0990;0.1105,0.1072,0.1063,21
ISTGNN_PeMS08_flow,175,0.1137,0.0975;0.1099,0.1070,0.1063,22
ISTGNN_PeMS08_flow,176,0.1123,0.0986;0.1102,0.1070,0.1063,23
ISTGNN_PeMS08_flow,177,0.1122,0.1007;0.1101,0.1077,0.1063,24
ISTGNN_PeMS08_flow,178,0.1123,0.0987;0.1108,0.1073,0.1063,25
ISTGNN_PeMS08_flow,179,0.1122,0.0969;0.1101,0.1064,0.1063,26
ISTGNN_PeMS08_flow,180,0.1118,0.0964;0.1104,0.1062,0.1063,27
ISTGNN_PeMS08_flow,181,0.1135,0.0970;0.1098,0.1068,0.1063,28
ISTGNN_PeMS08_flow,182,0.1124,0.0974;0.1123,0.1074,0.1063,29
ISTGNN_PeMS08_flow,183,0.1128,0.0977;0.1101,0.1068,0.1063,30
ISTGNN_PeMS08_flow,184,0.1149,0.0965;0.1112,0.1075,0.1063,31
ISTGNN_PeMS08_flow,185,0.1119,0.0963;0.1105,0.1062,0.1063,32
ISTGNN_PeMS08_flow,186,0.1137,0.0959;0.1099,0.1065,0.1063,33
ISTGNN_PeMS08_flow,187,0.1157,0.0967;0.1105,0.1076,0.1063,34
ISTGNN_PeMS08_flow,188,0.1138,0.0989;0.1099,0.1075,0.1063,35
ISTGNN_PeMS08_flow,189,0.1119,0.0968;0.1130,0.1072,0.1063,36
ISTGNN_PeMS08_flow,190,0.1114,0.0960;0.1114,0.1063,0.1063,37
ISTGNN_PeMS08_flow,191,0.1120,0.0965;0.1104,0.1063,0.1063,38
ISTGNN_PeMS08_flow,192,0.1114,0.0966;0.1098,0.1060,0.1060,0
ISTGNN_PeMS08_flow,193,0.1114,0.0972;0.1096,0.1061,0.1060,1
ISTGNN_PeMS08_flow,194,0.1123,0.0961;0.1096,0.1060,0.1060,2
ISTGNN_PeMS08_flow,195,0.1114,0.0967;0.1103,0.1061,0.1060,3
ISTGNN_PeMS08_flow,196,0.1129,0.0965;0.1103,0.1065,0.1060,4
ISTGNN_PeMS08_flow,197,0.1123,0.0970;0.1102,0.1065,0.1060,5
ISTGNN_PeMS08_flow,198,0.1124,0.0979;0.1096,0.1066,0.1060,6
ISTGNN_PeMS08_flow,199,0.1120,0.0969;0.1103,0.1064,0.1060,7
ISTGNN_PeMS08_flow,200,0.1153,0.0966;0.1099,0.1073,0.1060,8
ISTGNN_PeMS08_flow,201,0.1119,0.0974;0.1100,0.1064,0.1060,9
ISTGNN_PeMS08_flow,202,0.1130,0.0961;0.1111,0.1067,0.1060,10
ISTGNN_PeMS08_flow,203,0.1130,0.0992;0.1113,0.1079,0.1060,11
ISTGNN_PeMS08_flow,204,0.1120,0.0971;0.1137,0.1076,0.1060,12
ISTGNN_PeMS08_flow,205,0.1117,0.0965;0.1128,0.1070,0.1060,13
ISTGNN_PeMS08_flow,206,0.1119,0.0968;0.1095,0.1061,0.1060,14
ISTGNN_PeMS08_flow,207,0.1127,0.0972;0.1159,0.1086,0.1060,15
ISTGNN_PeMS08_flow,208,0.1151,0.0972;0.1098,0.1073,0.1060,16
ISTGNN_PeMS08_flow,209,0.1121,0.0965;0.1101,0.1062,0.1060,17
ISTGNN_PeMS08_flow,210,0.1129,0.0968;0.1101,0.1066,0.1060,18
ISTGNN_PeMS08_flow,211,0.1123,0.0980;0.1120,0.1074,0.1060,19
ISTGNN_PeMS08_flow,212,0.1120,0.0981;0.1113,0.1071,0.1060,20
ISTGNN_PeMS08_flow,213,0.1122,0.0960;0.1114,0.1066,0.1060,21
ISTGNN_PeMS08_flow,214,0.1132,0.0962;0.1103,0.1066,0.1060,22
ISTGNN_PeMS08_flow,215,0.1123,0.0964;0.1109,0.1065,0.1060,23
ISTGNN_PeMS08_flow,216,0.1115,0.0968;0.1106,0.1063,0.1060,24
ISTGNN_PeMS08_flow,217,0.1123,0.0961;0.1107,0.1064,0.1060,25
ISTGNN_PeMS08_flow,218,0.1113,0.0970;0.1112,0.1065,0.1060,26
ISTGNN_PeMS08_flow,219,0.1131,0.0971;0.1104,0.1069,0.1060,27
ISTGNN_PeMS08_flow,220,0.1117,0.0970;0.1107,0.1064,0.1060,28
ISTGNN_PeMS08_flow,221,0.1175,0.0968;0.1105,0.1083,0.1060,29
ISTGNN_PeMS08_flow,222,0.1126,0.0959;0.1098,0.1061,0.1060,30
ISTGNN_PeMS08_flow,223,0.1151,0.0973;0.1113,0.1079,0.1060,31
ISTGNN_PeMS08_flow,224,0.1123,0.0991;0.1094,0.1070,0.1060,32
ISTGNN_PeMS08_flow,225,0.1118,0.0963;0.1112,0.1064,0.1060,33
ISTGNN_PeMS08_flow,226,0.1153,0.0963;0.1120,0.1079,0.1060,34
ISTGNN_PeMS08_flow,227,0.1130,0.0967;0.1098,0.1065,0.1060,35
ISTGNN_PeMS08_flow,228,0.1131,0.0965;0.1110,0.1069,0.1060,36
ISTGNN_PeMS08_flow,229,0.1132,0.0963;0.1095,0.1063,0.1060,37
ISTGNN_PeMS08_flow,230,0.1127,0.0969;0.1099,0.1065,0.1060,38
ISTGNN_PeMS08_flow,231,0.1121,0.0960;0.1094,0.1058,0.1058,0
ISTGNN_PeMS08_flow,232,0.1162,0.1045;0.1091,0.1099,0.1058,1
ISTGNN_PeMS08_flow,233,0.1126,0.0975;0.1100,0.1067,0.1058,2
ISTGNN_PeMS08_flow,234,0.1121,0.0961;0.1098,0.1060,0.1058,3
ISTGNN_PeMS08_flow,235,0.1109,0.0960;0.1116,0.1062,0.1058,4
ISTGNN_PeMS08_flow,236,0.1131,0.0960;0.1113,0.1068,0.1058,5
ISTGNN_PeMS08_flow,237,0.1123,0.0967;0.1096,0.1062,0.1058,6
ISTGNN_PeMS08_flow,238,0.1134,0.0967;0.1108,0.1070,0.1058,7
ISTGNN_PeMS08_flow,239,0.1115,0.0966;0.1097,0.1059,0.1058,8
ISTGNN_PeMS08_flow,240,0.1115,0.0958;0.1096,0.1056,0.1056,0
ISTGNN_PeMS08_flow,241,0.1162,0.0964;0.1101,0.1076,0.1056,1
ISTGNN_PeMS08_flow,242,0.1134,0.0965;0.1095,0.1065,0.1056,2
ISTGNN_PeMS08_flow,243,0.1119,0.0971;0.1103,0.1064,0.1056,3
ISTGNN_PeMS08_flow,244,0.1114,0.0961;0.1104,0.1060,0.1056,4
ISTGNN_PeMS08_flow,245,0.1120,0.0964;0.1103,0.1062,0.1056,5
ISTGNN_PeMS08_flow,246,0.1115,0.0973;0.1108,0.1066,0.1056,6
ISTGNN_PeMS08_flow,247,0.1120,0.0961;0.1094,0.1058,0.1056,7
ISTGNN_PeMS08_flow,248,0.1114,0.0976;0.1094,0.1062,0.1056,8
ISTGNN_PeMS08_flow,249,0.1136,0.0972;0.1096,0.1068,0.1056,9
ISTGNN_PeMS08_flow,250,0.1119,0.0964;0.1126,0.1070,0.1056,10
ISTGNN_PeMS08_flow,251,0.1125,0.0965;0.1102,0.1064,0.1056,11
ISTGNN_PeMS08_flow,252,0.1126,0.0963;0.1095,0.1061,0.1056,12
ISTGNN_PeMS08_flow,253,0.1161,0.0963;0.1112,0.1079,0.1056,13
ISTGNN_PeMS08_flow,254,0.1118,0.0965;0.1119,0.1067,0.1056,14
ISTGNN_PeMS08_flow,255,0.1114,0.0988;0.1096,0.1066,0.1056,15
ISTGNN_PeMS08_flow,256,0.1111,0.0962;0.1098,0.1057,0.1056,16
ISTGNN_PeMS08_flow,257,0.1127,0.0970;0.1094,0.1064,0.1056,17
ISTGNN_PeMS08_flow,258,0.1115,0.0959;0.1092,0.1055,0.1056,18
ISTGNN_PeMS08_flow,259,0.1113,0.0998;0.1095,0.1069,0.1056,19
ISTGNN_PeMS08_flow,260,0.1110,0.0957;0.1095,0.1054,0.1054,0
ISTGNN_PeMS08_flow,261,0.1119,0.0982;0.1101,0.1068,0.1054,1
ISTGNN_PeMS08_flow,262,0.1120,0.0959;0.1095,0.1058,0.1054,2
ISTGNN_PeMS08_flow,263,0.1117,0.0964;0.1107,0.1063,0.1054,3
ISTGNN_PeMS08_flow,264,0.1126,0.0962;0.1095,0.1061,0.1054,4
ISTGNN_PeMS08_flow,265,0.1133,0.0961;0.1123,0.1072,0.1054,5
ISTGNN_PeMS08_flow,266,0.1115,0.0967;0.1095,0.1059,0.1054,6
ISTGNN_PeMS08_flow,267,0.1116,0.0983;0.1113,0.1071,0.1054,7
ISTGNN_PeMS08_flow,268,0.1117,0.0967;0.1103,0.1062,0.1054,8
ISTGNN_PeMS08_flow,269,0.1115,0.0961;0.1094,0.1057,0.1054,9
ISTGNN_PeMS08_flow,270,0.1113,0.0973;0.1111,0.1066,0.1054,10
ISTGNN_PeMS08_flow,271,0.1109,0.0957;0.1116,0.1061,0.1054,11
ISTGNN_PeMS08_flow,272,0.1108,0.0967;0.1096,0.1057,0.1054,12
ISTGNN_PeMS08_flow,273,0.1131,0.0958;0.1100,0.1063,0.1054,13
ISTGNN_PeMS08_flow,274,0.1112,0.0958;0.1095,0.1055,0.1054,14
ISTGNN_PeMS08_flow,275,0.1118,0.0972;0.1095,0.1062,0.1054,15
ISTGNN_PeMS08_flow,276,0.1113,0.0959;0.1098,0.1056,0.1054,16
ISTGNN_PeMS08_flow,277,0.1114,0.0969;0.1105,0.1063,0.1054,17
ISTGNN_PeMS08_flow,278,0.1129,0.0960;0.1107,0.1065,0.1054,18
ISTGNN_PeMS08_flow,279,0.1119,0.0962;0.1104,0.1062,0.1054,19
ISTGNN_PeMS08_flow,280,0.1116,0.0968;0.1096,0.1060,0.1054,20
ISTGNN_PeMS08_flow,281,0.1113,0.0978;0.1098,0.1063,0.1054,21
ISTGNN_PeMS08_flow,282,0.1112,0.0965;0.1103,0.1060,0.1054,22
ISTGNN_PeMS08_flow,283,0.1113,0.0968;0.1113,0.1065,0.1054,23
ISTGNN_PeMS08_flow,284,0.1128,0.0966;0.1095,0.1063,0.1054,24
ISTGNN_PeMS08_flow,285,0.1110,0.0966;0.1096,0.1057,0.1054,25
ISTGNN_PeMS08_flow,286,0.1116,0.0961;0.1092,0.1056,0.1054,26
ISTGNN_PeMS08_flow,287,0.1116,0.0969;0.1094,0.1060,0.1054,27
ISTGNN_PeMS08_flow,288,0.1117,0.0965;0.1100,0.1061,0.1054,28
ISTGNN_PeMS08_flow,289,0.1116,0.0969;0.1096,0.1060,0.1054,29
ISTGNN_PeMS08_flow,290,0.1130,0.0962;0.1105,0.1066,0.1054,30
ISTGNN_PeMS08_flow,291,0.1113,0.0966;0.1096,0.1058,0.1054,31
ISTGNN_PeMS08_flow,292,0.1109,0.0976;0.1118,0.1068,0.1054,32
ISTGNN_PeMS08_flow,293,0.1116,0.0961;0.1100,0.1059,0.1054,33
ISTGNN_PeMS08_flow,294,0.1124,0.0966;0.1093,0.1061,0.1054,34
ISTGNN_PeMS08_flow,295,0.1115,0.0957;0.1094,0.1055,0.1054,35
ISTGNN_PeMS08_flow,296,0.1117,0.0957;0.1098,0.1057,0.1054,36
ISTGNN_PeMS08_flow,297,0.1127,0.0975;0.1107,0.1070,0.1054,37
ISTGNN_PeMS08_flow,298,0.1119,0.0956;0.1096,0.1057,0.1054,38
ISTGNN_PeMS08_flow,299,0.1111,0.0968;0.1101,0.1060,0.1054,39
ISTGNN_PeMS08_flow,300,0.1109,0.0960;0.1107,0.1059,0.1054,40
ISTGNN_PeMS08_flow,301,0.1133,0.0973;0.1091,0.1066,0.1054,41
ISTGNN_PeMS08_flow,302,0.1120,0.0983;0.1097,0.1067,0.1054,42
ISTGNN_PeMS08_flow,303,0.1110,0.0971;0.1096,0.1059,0.1054,43
ISTGNN_PeMS08_flow,304,0.1124,0.0977;0.1102,0.1067,0.1054,44
ISTGNN_PeMS08_flow,305,0.1129,0.0961;0.1097,0.1062,0.1054,45
ISTGNN_PeMS08_flow,306,0.1113,0.0958;0.1100,0.1057,0.1054,46
ISTGNN_PeMS08_flow,307,0.1113,0.0957;0.1094,0.1055,0.1054,47
ISTGNN_PeMS08_flow,308,0.1114,0.0957;0.1104,0.1058,0.1054,48
ISTGNN_PeMS08_flow,309,0.1108,0.0969;0.1109,0.1062,0.1054,49
ISTGNN_PeMS08_flow,310,0.1119,0.0958;0.1094,0.1057,0.1054,50
ISTGNN_PeMS08_speed,1,0.1574,0.1465;0.1838,0.1625,0.1625,0
ISTGNN_PeMS08_speed,2,0.1718,0.1463;0.1812,0.1664,0.1625,1
ISTGNN_PeMS08_speed,3,0.1629,0.1424;0.1789,0.1614,0.1614,0
ISTGNN_PeMS08_speed,4,0.1578,0.1449;0.1757,0.1595,0.1595,0
ISTGNN_PeMS08_speed,5,0.1558,0.1421;0.1797,0.1592,0.1592,0
ISTGNN_PeMS08_speed,6,0.1541,0.1490;0.1751,0.1594,0.1592,1
ISTGNN_PeMS08_speed,7,0.1564,0.1449;0.1770,0.1594,0.1592,2
ISTGNN_PeMS08_speed,8,0.1613,0.1401;0.1777,0.1597,0.1592,3
ISTGNN_PeMS08_speed,9,0.1608,0.1413;0.1740,0.1587,0.1587,0
ISTGNN_PeMS08_speed,10,0.1548,0.1421;0.1753,0.1574,0.1574,0
ISTGNN_PeMS08_speed,11,0.1559,0.1430;0.1750,0.1580,0.1574,1
ISTGNN_PeMS08_speed,12,0.1536,0.1416;0.1778,0.1577,0.1574,2
ISTGNN_PeMS08_speed,13,0.1532,0.1405;0.1744,0.1560,0.1560,0
ISTGNN_PeMS08_speed,14,0.1539,0.1407;0.1725,0.1557,0.1557,0
ISTGNN_PeMS08_speed,15,0.1547,0.1406;0.1752,0.1568,0.1557,1
ISTGNN_PeMS08_speed,16,0.1558,0.1410;0.1725,0.1564,0.1557,2
ISTGNN_PeMS08_speed,17,0.1547,0.1409;0.1771,0.1576,0.1557,3
ISTGNN_PeMS08_speed,18,0.1514,0.1401;0.1742,0.1552,0.1552,0
ISTGNN_PeMS08_speed,19,0.1548,0.1417;0.1751,0.1572,0.1552,1
ISTGNN_PeMS08_speed,20,0.1519,0.1431;0.1755,0.1568,0.1552,2
ISTGNN_PeMS08_speed,21,0.1539,0.1411;0.1731,0.1560,0.1552,3
ISTGNN_PeMS08_speed,22,0.1515,0.1396;0.1738,0.1550,0.1550,0
ISTGNN_PeMS08_speed,23,0.1534,0.1442;0.1749,0.1575,0.1550,1
ISTGNN_PeMS08_speed,24,0.1526,0.1392;0.1723,0.1547,0.1547,0
ISTGNN_PeMS08_speed,25,0.1527,0.1397;0.1728,0.1551,0.1547,1
ISTGNN_PeMS08_speed,26,0.1532,0.1389;0.1742,0.1554,0.1547,2
ISTGNN_PeMS08_speed,27,0.1565,0.1400;0.1719,0.1561,0.1547,3
ISTGNN_PeMS08_speed,28,0.1538,0.1414;0.1727,0.1560,0.1547,4
ISTGNN_PeMS08_speed,29,0.1526,0.1410;0.1753,0.1563,0.1547,5
ISTGNN_PeMS08_speed,30,0.1559,0.1410;0.1731,0.1567,0.1547,6
ISTGNN_PeMS08_speed,31,0.1525,0.1398;0.1759,0.1561,0.1547,7
ISTGNN_PeMS08_speed,32,0.1519,0.1402;0.1739,0.1554,0.1547,8
ISTGNN_PeMS08_speed,33,0.1518,0.1512;0.1721,0.1584,0.1547,9
ISTGNN_PeMS08_speed,34,0.1513,0.1427;0.1741,0.1560,0.1547,10
ISTGNN_PeMS08_speed,35,0.1525,0.1407;0.1735,0.1556,0.1547,11
ISTGNN_PeMS08_speed,36,0.1518,0.1398;0.1740,0.1552,0.1547,12
ISTGNN_PeMS08_speed,37,0.1517,0.1395;0.1756,0.1556,0.1547,13
ISTGNN_PeMS08_speed,38,0.1522,0.1448;0.1743,0.1571,0.1547,14
ISTGNN_PeMS08_speed,39,0.1520,0.1423;0.1732,0.1558,0.1547,15
ISTGNN_PeMS08_speed,40,0.1511,0.1408;0.1728,0.1549,0.1547,16
ISTGNN_PeMS08_speed,41,0.1549,0.1415;0.1741,0.1568,0.1547,17
ISTGNN_PeMS08_speed,42,0.1529,0.1395;0.1739,0.1554,0.1547,18
ISTGNN_PeMS08_speed,43,0.1540,0.1408;0.1736,0.1561,0.1547,19
ISTGNN_PeMS08_speed,44,0.1523,0.1408;0.1735,0.1555,0.1547,20
ISTGNN_PeMS08_speed,45,0.1545,0.1396;0.1760,0.1567,0.1547,21
ISTGNN_PeMS08_speed,46,0.1507,0.1383;0.1737,0.1542,0.1542,0
ISTGNN_PeMS08_speed,47,0.1530,0.1397;0.1731,0.1553,0.1542,1
ISTGNN_PeMS08_speed,48,0.1511,0.1408;0.1743,0.1554,0.1542,2
ISTGNN_PeMS08_speed,49,0.1537,0.1385;0.1743,0.1555,0.1542,3
ISTGNN_PeMS08_speed,50,0.1509,0.1393;0.1736,0.1546,0.1542,4
ISTGNN_PeMS08_speed,51,0.1545,0.1402;0.1736,0.1561,0.1542,5
ISTGNN_PeMS08_speed,52,0.1520,0.1428;0.1757,0.1568,0.1542,6
ISTGNN_PeMS08_speed,53,0.1520,0.1389;0.1723,0.1544,0.1542,7
ISTGNN_PeMS08_speed,54,0.1515,0.1428;0.1723,0.1555,0.1542,8
ISTGNN_PeMS08_speed,55,0.1507,0.1459;0.1779,0.1581,0.1542,9
ISTGNN_PeMS08_speed,56,0.1553,0.1435;0.1726,0.1571,0.1542,10
ISTGNN_PeMS08_speed,57,0.1506,0.1385;0.1735,0.1542,0.1542,11
ISTGNN_PeMS08_speed,58,0.1555,0.1454;0.1741,0.1583,0.1542,12
ISTGNN_PeMS08_speed,59,0.1521,0.1388;0.1734,0.1548,0.1542,13
ISTGNN_PeMS08_speed,60,0.1527,0.1399;0.1718,0.1548,0.1542,14
ISTGNN_PeMS08_speed,61,0.1525,0.1401;0.1729,0.1552,0.1542,15
ISTGNN_PeMS08_speed,62,0.1517,0.1403;0.1741,0.1553,0.1542,16
ISTGNN_PeMS08_speed,63,0.1506,0.1391;0.1736,0.1545,0.1542,17
ISTGNN_PeMS08_speed,64,0.1502,0.1413;0.1750,0.1555,0.1542,18
ISTGNN_PeMS08_speed,65,0.1526,0.1397;0.1730,0.1551,0.1542,19
ISTGNN_PeMS08_speed,66,0.1515,0.1425;0.1770,0.1570,0.1542,20
ISTGNN_PeMS08_speed,67,0.1509,0.1395;0.1736,0.1547,0.1542,21
ISTGNN_PeMS08_speed,68,0.1515,0.1402;0.1729,0.1549,0.1542,22
ISTGNN_PeMS08_speed,69,0.1513,0.1390;0.1735,0.1546,0.1542,23
ISTGNN_PeMS08_speed,70,0.1518,0.1387;0.1721,0.1542,0.1542,24
ISTGNN_PeMS08_speed,71,0.1515,0.1403;0.1714,0.1544,0.1542,25
ISTGNN_PeMS08_speed,72,0.1523,0.1393;0.1723,0.1546,0.1542,26
ISTGNN_PeMS08_speed,73,0.1515,0.1390;0.1726,0.1544,0.1542,27
ISTGNN_PeMS08_speed,74,0.1500,0.1456;0.1725,0.1560,0.1542,28
ISTGNN_PeMS08_speed,75,0.1523,0.1415;0.1738,0.1559,0.1542,29
ISTGNN_PeMS08_speed,76,0.1518,0.1390;0.1730,0.1546,0.1542,30
ISTGNN_PeMS08_speed,77,0.1513,0.1394;0.1760,0.1556,0.1542,31
ISTGNN_PeMS08_speed,78,0.1513,0.1397;0.1731,0.1547,0.1542,32
ISTGNN_PeMS08_speed,79,0.1513,0.1398;0.1727,0.1546,0.1542,33
ISTGNN_PeMS08_speed,80,0.1529,0.1401;0.1715,0.1548,0.1542,34
ISTGNN_PeMS08_speed,81,0.1511,0.1406;0.1729,0.1549,0.1542,35
ISTGNN_PeMS08_speed,82,0.1511,0.1395;0.1743,0.1550,0.1542,36
ISTGNN_PeMS08_speed,83,0.1518,0.1416;0.1735,0.1556,0.1542,37
ISTGNN_PeMS08_speed,84,0.1510,0.1408;0.1742,0.1553,0.1542,38
ISTGNN_PeMS08_speed,85,0.1516,0.1453;0.1738,0.1569,0.1542,39
ISTGNN_PeMS08_speed,86,0.1546,0.1417;0.1751,0.1571,0.1542,40
ISTGNN_PeMS08_speed,87,0.1539,0.1387;0.1724,0.1550,0.1542,41
ISTGNN_PeMS08_speed,88,0.1523,0.1416;0.1745,0.1561,0.1542,42
ISTGNN_PeMS08_speed,89,0.1520,0.1393;0.1729,0.1547,0.1542,43
ISTGNN_PeMS08_speed,90,0.1510,0.1424;0.1746,0.1560,0.1542,44
ISTGNN_PeMS08_speed,91,0.1511,0.1441;0.1726,0.1559,0.1542,45
ISTGNN_PeMS08_speed,92,0.1515,0.1388;0.1725,0.1543,0.1542,46
ISTGNN_PeMS08_speed,93,0.1511,0.1402;0.1732,0.1548,0.1542,47
ISTGNN_PeMS08_speed,94,0.1515,0.1392;0.1746,0.1551,0.1542,48
ISTGNN_PeMS08_speed,95,0.1505,0.1400;0.1727,0.1544,0.1542,49
ISTGNN_PeMS08_speed,96,0.1506,0.1397;0.1740,0.1548,0.1542,50
ISTGNN_PeMS08_occ,1,0.1408,0.1515;0.1625,0.1516,0.1516,0
ISTGNN_PeMS08_occ,2,0.1390,0.1455;0.1601,0.1482,0.1482,0
ISTGNN_PeMS08_occ,3,0.1380,0.1436;0.1560,0.1458,0.1458,0
ISTGNN_PeMS08_occ,4,0.1374,0.1460;0.1554,0.1463,0.1458,1
ISTGNN_PeMS08_occ,5,0.1387,0.1407;0.1574,0.1456,0.1456,0
ISTGNN_PeMS08_occ,6,0.1352,0.1393;0.1617,0.1454,0.1454,0
ISTGNN_PeMS08_occ,7,0.1365,0.1404;0.1547,0.1439,0.1439,0
ISTGNN_PeMS08_occ,8,0.1395,0.1426;0.1562,0.1461,0.1439,1
ISTGNN_PeMS08_occ,9,0.1343,0.1365;0.1579,0.1429,0.1429,0
ISTGNN_PeMS08_occ,10,0.1340,0.1365;0.1585,0.1430,0.1429,1
ISTGNN_PeMS08_occ,11,0.1479,0.1381;0.1537,0.1466,0.1429,2
ISTGNN_PeMS08_occ,12,0.1342,0.1369;0.1553,0.1422,0.1422,0
ISTGNN_PeMS08_occ,13,0.1348,0.1404;0.1546,0.1433,0.1422,1
ISTGNN_PeMS08_occ,14,0.1331,0.1414;0.1577,0.1441,0.1422,2
ISTGNN_PeMS08_occ,15,0.1429,0.1379;0.1591,0.1466,0.1422,3
ISTGNN_PeMS08_occ,16,0.1344,0.1365;0.1539,0.1416,0.1416,0
ISTGNN_PeMS08_occ,17,0.1373,0.1356;0.1547,0.1425,0.1416,1
ISTGNN_PeMS08_occ,18,0.1362,0.1386;0.1540,0.1429,0.1416,2
ISTGNN_PeMS08_occ,19,0.1358,0.1446;0.1549,0.1451,0.1416,3
ISTGNN_PeMS08_occ,20,0.1327,0.1351;0.1568,0.1415,0.1416,4
ISTGNN_PeMS08_occ,21,0.1335,0.1357;0.1566,0.1420,0.1416,5
ISTGNN_PeMS08_occ,22,0.1329,0.1361;0.1606,0.1432,0.1416,6
ISTGNN_PeMS08_occ,23,0.1331,0.1352;0.1519,0.1401,0.1401,0
ISTGNN_PeMS08_occ,24,0.1355,0.1357;0.1560,0.1424,0.1401,1
ISTGNN_PeMS08_occ,25,0.1324,0.1355;0.1526,0.1402,0.1401,2
ISTGNN_PeMS08_occ,26,0.1347,0.1357;0.1555,0.1420,0.1401,3
ISTGNN_PeMS08_occ,27,0.1392,0.1358;0.1545,0.1432,0.1401,4
ISTGNN_PeMS08_occ,28,0.1352,0.1349;0.1528,0.1409,0.1401,5
ISTGNN_PeMS08_occ,29,0.1362,0.1413;0.1540,0.1438,0.1401,6
ISTGNN_PeMS08_occ,30,0.1322,0.1438;0.1548,0.1436,0.1401,7
ISTGNN_PeMS08_occ,31,0.1382,0.1362;0.1523,0.1422,0.1401,8
ISTGNN_PeMS08_occ,32,0.1358,0.1348;0.1531,0.1412,0.1401,9
ISTGNN_PeMS08_occ,33,0.1333,0.1350;0.1528,0.1404,0.1401,10
ISTGNN_PeMS08_occ,34,0.1317,0.1362;0.1517,0.1399,0.1399,0
ISTGNN_PeMS08_occ,35,0.1339,0.1342;0.1525,0.1402,0.1399,1
ISTGNN_PeMS08_occ,36,0.1324,0.1357;0.1546,0.1409,0.1399,2
ISTGNN_PeMS08_occ,37,0.1341,0.1347;0.1580,0.1423,0.1399,3
ISTGNN_PeMS08_occ,38,0.1323,0.1372;0.1532,0.1409,0.1399,4
ISTGNN_PeMS08_occ,39,0.1321,0.1343;0.1536,0.1400,0.1399,5
ISTGNN_PeMS08_occ,40,0.1315,0.1359;0.1529,0.1401,0.1399,6
ISTGNN_PeMS08_occ,41,0.1324,0.1340;0.1544,0.1403,0.1399,7
ISTGNN_PeMS08_occ,42,0.1321,0.1364;0.1518,0.1401,0.1399,8
ISTGNN_PeMS08_occ,43,0.1346,0.1366;0.1518,0.1410,0.1399,9
ISTGNN_PeMS08_occ,44,0.1310,0.1346;0.1529,0.1395,0.1395,0
ISTGNN_PeMS08_occ,45,0.1324,0.1392;0.1521,0.1413,0.1395,1
ISTGNN_PeMS08_occ,46,0.1312,0.1353;0.1526,0.1397,0.1395,2
ISTGNN_PeMS08_occ,47,0.1333,0.1357;0.1517,0.1402,0.1395,3
ISTGNN_PeMS08_occ,48,0.1316,0.1373;0.1526,0.1405,0.1395,4
ISTGNN_PeMS08_occ,49,0.1310,0.1364;0.1525,0.1400,0.1395,5
ISTGNN_PeMS08_occ,50,0.1321,0.1370;0.1519,0.1403,0.1395,6
ISTGNN_PeMS08_occ,51,0.1312,0.1359;0.1562,0.1411,0.1395,7
ISTGNN_PeMS08_occ,52,0.1304,0.1335;0.1532,0.1390,0.1390,0
ISTGNN_PeMS08_occ,53,0.1317,0.1334;0.1517,0.1389,0.1389,0
ISTGNN_PeMS08_occ,54,0.1323,0.1344;0.1513,0.1393,0.1389,1
ISTGNN_PeMS08_occ,55,0.1310,0.1358;0.1533,0.1400,0.1389,2
ISTGNN_PeMS08_occ,56,0.1311,0.1369;0.1525,0.1402,0.1389,3
ISTGNN_PeMS08_occ,57,0.1323,0.1357;0.1527,0.1402,0.1389,4
ISTGNN_PeMS08_occ,58,0.1322,0.1328;0.1525,0.1392,0.1389,5
ISTGNN_PeMS08_occ,59,0.1303,0.1373;0.1522,0.1399,0.1389,6
ISTGNN_PeMS08_occ,60,0.1318,0.1338;0.1520,0.1392,0.1389,7
ISTGNN_PeMS08_occ,61,0.1339,0.1344;0.1522,0.1402,0.1389,8
ISTGNN_PeMS08_occ,62,0.1337,0.1347;0.1531,0.1405,0.1389,9
ISTGNN_PeMS08_occ,63,0.1315,0.1344;0.1510,0.1390,0.1389,10
ISTGNN_PeMS08_occ,64,0.1309,0.1362;0.1518,0.1396,0.1389,11
ISTGNN_PeMS08_occ,65,0.1319,0.1355;0.1513,0.1396,0.1389,12
ISTGNN_PeMS08_occ,66,0.1315,0.1344;0.1514,0.1391,0.1389,13
ISTGNN_PeMS08_occ,67,0.1303,0.1358;0.1524,0.1395,0.1389,14
ISTGNN_PeMS08_occ,68,0.1327,0.1339;0.1542,0.1403,0.1389,15
ISTGNN_PeMS08_occ,69,0.1332,0.1335;0.1519,0.1395,0.1389,16
ISTGNN_PeMS08_occ,70,0.1310,0.1355;0.1514,0.1393,0.1389,17
ISTGNN_PeMS08_occ,71,0.1312,0.1343;0.1517,0.1391,0.1389,18
ISTGNN_PeMS08_occ,72,0.1319,0.1364;0.1523,0.1402,0.1389,19
ISTGNN_PeMS08_occ,73,0.1315,0.1386;0.1515,0.1405,0.1389,20
ISTGNN_PeMS08_occ,74,0.1314,0.1335;0.1524,0.1391,0.1389,21
ISTGNN_PeMS08_occ,75,0.1319,0.1354;0.1530,0.1401,0.1389,22
ISTGNN_PeMS08_occ,76,0.1309,0.1349;0.1536,0.1398,0.1389,23
ISTGNN_PeMS08_occ,77,0.1339,0.1330;0.1527,0.1399,0.1389,24
ISTGNN_PeMS08_occ,78,0.1320,0.1349;0.1514,0.1394,0.1389,25
ISTGNN_PeMS08_occ,79,0.1313,0.1353;0.1522,0.1396,0.1389,26
ISTGNN_PeMS08_occ,80,0.1324,0.1354;0.1522,0.1400,0.1389,27
ISTGNN_PeMS08_occ,81,0.1327,0.1346;0.1529,0.1400,0.1389,28
ISTGNN_PeMS08_occ,82,0.1307,0.1333;0.1522,0.1388,0.1388,0
ISTGNN_PeMS08_occ,83,0.1329,0.1342;0.1522,0.1398,0.1388,1
ISTGNN_PeMS08_occ,84,0.1316,0.1338;0.1516,0.1390,0.1388,2
ISTGNN_PeMS08_occ,85,0.1320,0.1348;0.1520,0.1396,0.1388,3
ISTGNN_PeMS08_occ,86,0.1328,0.1346;0.1536,0.1404,0.1388,4
ISTGNN_PeMS08_occ,87,0.1335,0.1370;0.1514,0.1406,0.1388,5
ISTGNN_PeMS08_occ,88,0.1336,0.1377;0.1535,0.1416,0.1388,6
ISTGNN_PeMS08_occ,89,0.1313,0.1402;0.1516,0.1410,0.1388,7
ISTGNN_PeMS08_occ,90,0.1323,0.1365;0.1539,0.1409,0.1388,8
ISTGNN_PeMS08_occ,91,0.1316,0.1352;0.1524,0.1397,0.1388,9
ISTGNN_PeMS08_occ,92,0.1335,0.1351;0.1511,0.1399,0.1388,10
ISTGNN_PeMS08_occ,93,0.1314,0.1371;0.1518,0.1401,0.1388,11
ISTGNN_PeMS08_occ,94,0.1319,0.1367;0.1513,0.1400,0.1388,12
ISTGNN_PeMS08_occ,95,0.1326,0.1359;0.1533,0.1406,0.1388,13
ISTGNN_PeMS08_occ,96,0.1323,0.1344;0.1525,0.1397,0.1388,14
ISTGNN_PeMS08_occ,97,0.1316,0.1366;0.1548,0.1410,0.1388,15
ISTGNN_PeMS08_occ,98,0.1343,0.1374;0.1521,0.1413,0.1388,16
ISTGNN_PeMS08_occ,99,0.1323,0.1364;0.1554,0.1414,0.1388,17
ISTGNN_PeMS08_occ,100,0.1336,0.1342;0.1521,0.1400,0.1388,18
ISTGNN_PeMS08_occ,101,0.1360,0.1339;0.1521,0.1407,0.1388,19
ISTGNN_PeMS08_occ,102,0.1320,0.1359;0.1512,0.1397,0.1388,20
ISTGNN_PeMS08_occ,103,0.1313,0.1361;0.1521,0.1398,0.1388,21
ISTGNN_PeMS08_occ,104,0.1342,0.1345;0.1555,0.1414,0.1388,22
ISTGNN_PeMS08_occ,105,0.1303,0.1344;0.1530,0.1392,0.1388,23
ISTGNN_PeMS08_occ,106,0.1324,0.1355;0.1520,0.1400,0.1388,24
ISTGNN_PeMS08_occ,107,0.1324,0.1360;0.1516,0.1400,0.1388,25
ISTGNN_PeMS08_occ,108,0.1320,0.1353;0.1514,0.1396,0.1388,26
ISTGNN_PeMS08_occ,109,0.1324,0.1342;0.1524,0.1397,0.1388,27
ISTGNN_PeMS08_occ,110,0.1323,0.1346;0.1523,0.1398,0.1388,28
ISTGNN_PeMS08_occ,111,0.1326,0.1352;0.1515,0.1398,0.1388,29
ISTGNN_PeMS08_occ,112,0.1326,0.1342;0.1537,0.1401,0.1388,30
ISTGNN_PeMS08_occ,113,0.1335,0.1346;0.1516,0.1399,0.1388,31
ISTGNN_PeMS08_occ,114,0.1301,0.1355;0.1521,0.1392,0.1388,32
ISTGNN_PeMS08_occ,115,0.1335,0.1351;0.1523,0.1403,0.1388,33
ISTGNN_PeMS08_occ,116,0.1311,0.1342;0.1510,0.1387,0.1388,34
ISTGNN_PeMS08_occ,117,0.1322,0.1352;0.1528,0.1401,0.1388,35
ISTGNN_PeMS08_occ,118,0.1329,0.1352;0.1519,0.1400,0.1388,36
ISTGNN_PeMS08_occ,119,0.1322,0.1359;0.1520,0.1400,0.1388,37
ISTGNN_PeMS08_occ,120,0.1325,0.1365;0.1519,0.1403,0.1388,38
ISTGNN_PeMS08_occ,121,0.1315,0.1362;0.1513,0.1397,0.1388,39
ISTGNN_PeMS08_occ,122,0.1325,0.1415;0.1519,0.1420,0.1388,40
ISTGNN_PeMS08_occ,123,0.1319,0.1363;0.1531,0.1404,0.1388,41
ISTGNN_PeMS08_occ,124,0.1320,0.1382;0.1541,0.1414,0.1388,42
ISTGNN_PeMS08_occ,125,0.1337,0.1345;0.1525,0.1402,0.1388,43
ISTGNN_PeMS08_occ,126,0.1323,0.1349;0.1517,0.1396,0.1388,44
ISTGNN_PeMS08_occ,127,0.1309,0.1349;0.1531,0.1396,0.1388,45
ISTGNN_PeMS08_occ,128,0.1322,0.1386;0.1524,0.1411,0.1388,46
ISTGNN_PeMS08_occ,129,0.1340,0.1364;0.1523,0.1409,0.1388,47
ISTGNN_PeMS08_occ,130,0.1320,0.1356;0.1525,0.1401,0.1388,48
ISTGNN_PeMS08_occ,131,0.1351,0.1354;0.1526,0.1410,0.1388,49
ISTGNN_PeMS08_occ,132,0.1335,0.1373;0.1523,0.1410,0.1388,50
ISTGNN_PeMS03_flow,1,0.1075,0.1074;0.1094,0.1081,0.1081,0
ISTGNN_PeMS03_flow,2,0.1067,0.1071;0.1092,0.1077,0.1077,0
ISTGNN_PeMS03_flow,3,0.1060,0.1102;0.1099,0.1087,0.1077,1
ISTGNN_PeMS03_flow,4,0.1062,0.1057;0.1081,0.1066,0.1066,0
ISTGNN_PeMS03_flow,5,0.1059,0.1055;0.1091,0.1068,0.1066,1
ISTGNN_PeMS03_flow,6,0.1055,0.1064;0.1076,0.1065,0.1065,0
ISTGNN_PeMS03_flow,7,0.1058,0.1050;0.1077,0.1062,0.1062,0
ISTGNN_PeMS03_flow,8,0.1055,0.1051;0.1073,0.1060,0.1060,0
ISTGNN_PeMS03_flow,9,0.1062,0.1053;0.1093,0.1069,0.1060,1
ISTGNN_PeMS03_flow,10,0.1057,0.1046;0.1072,0.1058,0.1058,0
ISTGNN_PeMS03_flow,11,0.1054,0.1055;0.1095,0.1068,0.1058,1
ISTGNN_PeMS03_flow,12,0.1053,0.1046;0.1076,0.1058,0.1058,2
ISTGNN_PeMS03_flow,13,0.1065,0.1048;0.1069,0.1061,0.1058,3
ISTGNN_PeMS03_flow,14,0.1050,0.1059;0.1071,0.1060,0.1058,4
ISTGNN_PeMS03_flow,15,0.1053,0.1044;0.1079,0.1059,0.1058,5
ISTGNN_PeMS03_flow,16,0.1047,0.1075;0.1067,0.1063,0.1058,6
ISTGNN_PeMS03_flow,17,0.1049,0.1050;0.1070,0.1056,0.1056,0
ISTGNN_PeMS03_flow,18,0.1055,0.1050;0.1069,0.1058,0.1056,1
ISTGNN_PeMS03_flow,19,0.1046,0.1041;0.1081,0.1056,0.1056,2
ISTGNN_PeMS03_flow,20,0.1049,0.1041;0.1068,0.1053,0.1053,0
ISTGNN_PeMS03_flow,21,0.1051,0.1048;0.1069,0.1056,0.1053,1
ISTGNN_PeMS03_flow,22,0.1049,0.1040;0.1064,0.1051,0.1051,0
ISTGNN_PeMS03_flow,23,0.1047,0.1042;0.1062,0.1050,0.1051,1
ISTGNN_PeMS03_flow,24,0.1049,0.1040;0.1067,0.1052,0.1051,2
ISTGNN_PeMS03_flow,25,0.1045,0.1038;0.1062,0.1048,0.1048,0
ISTGNN_PeMS03_flow,26,0.1043,0.1036;0.1090,0.1056,0.1048,1
ISTGNN_PeMS03_flow,27,0.1057,0.1039;0.1068,0.1055,0.1048,2
ISTGNN_PeMS03_flow,28,0.1045,0.1044;0.1079,0.1056,0.1048,3
ISTGNN_PeMS03_flow,29,0.1055,0.1037;0.1067,0.1053,0.1048,4
ISTGNN_PeMS03_flow,30,0.1047,0.1071;0.1062,0.1060,0.1048,5
ISTGNN_PeMS03_flow,31,0.1062,0.1034;0.1063,0.1053,0.1048,6
ISTGNN_PeMS03_flow,32,0.1041,0.1032;0.1060,0.1044,0.1044,0
ISTGNN_PeMS03_flow,33,0.1049,0.1038;0.1078,0.1055,0.1044,1
ISTGNN_PeMS03_flow,34,0.1041,0.1035;0.1070,0.1049,0.1044,2
ISTGNN_PeMS03_flow,35,0.1048,0.1038;0.1075,0.1053,0.1044,3
ISTGNN_PeMS03_flow,36,0.1042,0.1038;0.1066,0.1049,0.1044,4
ISTGNN_PeMS03_flow,37,0.1041,0.1043;0.1057,0.1047,0.1044,5
ISTGNN_PeMS03_flow,38,0.1047,0.1040;0.1058,0.1048,0.1044,6
ISTGNN_PeMS03_flow,39,0.1049,0.1035;0.1064,0.1049,0.1044,7
ISTGNN_PeMS03_flow,40,0.1041,0.1031;0.1060,0.1044,0.1044,8
ISTGNN_PeMS03_flow,41,0.1040,0.1035;0.1060,0.1045,0.1044,9
ISTGNN_PeMS03_flow,42,0.1056,0.1043;0.1060,0.1053,0.1044,10
ISTGNN_PeMS03_flow,43,0.1045,0.1043;0.1059,0.1049,0.1044,11
ISTGNN_PeMS03_flow,44,0.1043,0.1037;0.1073,0.1051,0.1044,12
ISTGNN_PeMS03_flow,45,0.1050,0.1041;0.1065,0.1052,0.1044,13
ISTGNN_PeMS03_flow,46,0.1044,0.1035;0.1068,0.1049,0.1044,14
ISTGNN_PeMS03_flow,47,0.1039,0.1031;0.1062,0.1044,0.1044,15
ISTGNN_PeMS03_flow,48,0.1039,0.1047;0.1066,0.1051,0.1044,16
ISTGNN_PeMS03_flow,49,0.1040,0.1038;0.1060,0.1046,0.1044,17
ISTGNN_PeMS03_flow,50,0.1048,0.1035;0.1064,0.1049,0.1044,18
ISTGNN_PeMS03_flow,51,0.1036,0.1038;0.1057,0.1044,0.1044,19
ISTGNN_PeMS03_flow,52,0.1057,0.1033;0.1067,0.1052,0.1044,20
ISTGNN_PeMS03_flow,53,0.1040,0.1033;0.1055,0.1043,0.1043,0
ISTGNN_PeMS03_flow,54,0.1043,0.1038;0.1063,0.1048,0.1043,1
ISTGNN_PeMS03_flow,55,0.1036,0.1029;0.1056,0.1040,0.1040,0
ISTGNN_PeMS03_flow,56,0.1035,0.1036;0.1056,0.1042,0.1040,1
ISTGNN_PeMS03_flow,57,0.1036,0.1027;0.1078,0.1047,0.1040,2
ISTGNN_PeMS03_flow,58,0.1040,0.1039;0.1054,0.1044,0.1040,3
ISTGNN_PeMS03_flow,59,0.1037,0.1029;0.1059,0.1042,0.1040,4
ISTGNN_PeMS03_flow,60,0.1039,0.1026;0.1065,0.1043,0.1040,5
ISTGNN_PeMS03_flow,61,0.1038,0.1029;0.1060,0.1042,0.1040,6
ISTGNN_PeMS03_flow,62,0.1046,0.1034;0.1053,0.1044,0.1040,7
ISTGNN_PeMS03_flow,63,0.1037,0.1037;0.1052,0.1042,0.1040,8
ISTGNN_PeMS03_flow,64,0.1051,0.1030;0.1063,0.1048,0.1040,9
ISTGNN_PeMS03_flow,65,0.1052,0.1033;0.1055,0.1047,0.1040,10
ISTGNN_PeMS03_flow,66,0.1032,0.1043;0.1053,0.1043,0.1040,11
ISTGNN_PeMS03_flow,67,0.1044,0.1033;0.1054,0.1044,0.1040,12
ISTGNN_PeMS03_flow,68,0.1040,0.1039;0.1056,0.1045,0.1040,13
ISTGNN_PeMS03_flow,69,0.1042,0.1030;0.1050,0.1041,0.1040,14
ISTGNN_PeMS03_flow,70,0.1032,0.1027;0.1049,0.1036,0.1036,0
ISTGNN_PeMS03_flow,71,0.1045,0.1034;0.1051,0.1043,0.1036,1
ISTGNN_PeMS03_flow,72,0.1032,0.1032;0.1052,0.1039,0.1036,2
ISTGNN_PeMS03_flow,73,0.1034,0.1029;0.1050,0.1038,0.1036,3
ISTGNN_PeMS03_flow,74,0.1056,0.1039;0.1057,0.1051,0.1036,4
ISTGNN_PeMS03_flow,75,0.1031,0.1036;0.1053,0.1040,0.1036,5
ISTGNN_PeMS03_flow,76,0.1034,0.1028;0.1051,0.1038,0.1036,6
ISTGNN_PeMS03_flow,77,0.1036,0.1024;0.1053,0.1038,0.1036,7
ISTGNN_PeMS03_flow,78,0.1041,0.1022;0.1049,0.1037,0.1036,8
ISTGNN_PeMS03_flow,79,0.1037,0.1034;0.1069,0.1047,0.1036,9
ISTGNN_PeMS03_flow,80,0.1036,0.1046;0.1046,0.1043,0.1036,10
ISTGNN_PeMS03_flow,81,0.1031,0.1037;0.1066,0.1045,0.1036,11
ISTGNN_PeMS03_flow,82,0.1033,0.1024;0.1046,0.1034,0.1034,0
ISTGNN_PeMS03_flow,83,0.1033,0.1039;0.1048,0.1040,0.1034,1
ISTGNN_PeMS03_flow,84,0.1038,0.1032;0.1054,0.1041,0.1034,2
ISTGNN_PeMS03_flow,85,0.1035,0.1028;0.1051,0.1038,0.1034,3
ISTGNN_PeMS03_flow,86,0.1037,0.1044;0.1055,0.1046,0.1034,4
ISTGNN_PeMS03_flow,87,0.1029,0.1026;0.1048,0.1034,0.1034,5
ISTGNN_PeMS03_flow,88,0.1035,0.1024;0.1055,0.1038,0.1034,6
ISTGNN_PeMS03_flow,89,0.1036,0.1024;0.1049,0.1036,0.1034,7
ISTGNN_PeMS03_flow,90,0.1039,0.1048;0.1046,0.1044,0.1034,8
ISTGNN_PeMS03_flow,91,0.1029,0.1029;0.1056,0.1038,0.1034,9
ISTGNN_PeMS03_flow,92,0.1032,0.1036;0.1060,0.1043,0.1034,10
ISTGNN_PeMS03_flow,93,0.1038,0.1026;0.1050,0.1038,0.1034,11
ISTGNN_PeMS03_flow,94,0.1031,0.1032;0.1049,0.1037,0.1034,12
ISTGNN_PeMS03_flow,95,0.1032,0.1024;0.1049,0.1035,0.1034,13
ISTGNN_PeMS03_flow,96,0.1038,0.1026;0.1049,0.1038,0.1034,14
ISTGNN_PeMS03_flow,97,0.1031,0.1023;0.1049,0.1034,0.1034,15
ISTGNN_PeMS03_flow,98,0.1033,0.1032;0.1047,0.1037,0.1034,16
ISTGNN_PeMS03_flow,99,0.1030,0.1023;0.1047,0.1034,0.1034,17
ISTGNN_PeMS03_flow,100,0.1042,0.1030;0.1053,0.1042,0.1034,18
ISTGNN_PeMS03_flow,101,0.1036,0.1038;0.1053,0.1042,0.1034,19
ISTGNN_PeMS03_flow,102,0.1037,0.1028;0.1045,0.1037,0.1034,20
ISTGNN_PeMS03_flow,103,0.1042,0.1024;0.1046,0.1037,0.1034,21
ISTGNN_PeMS03_flow,104,0.1031,0.1026;0.1048,0.1035,0.1034,22
ISTGNN_PeMS03_flow,105,0.1031,0.1023;0.1053,0.1036,0.1034,23
ISTGNN_PeMS03_flow,106,0.1034,0.1022;0.1046,0.1034,0.1034,24
ISTGNN_PeMS03_flow,107,0.1042,0.1027;0.1050,0.1040,0.1034,25
ISTGNN_PeMS03_flow,108,0.1029,0.1028;0.1055,0.1038,0.1034,26
ISTGNN_PeMS03_flow,109,0.1028,0.1021;0.1049,0.1033,0.1033,0
ISTGNN_PeMS03_flow,110,0.1034,0.1025;0.1049,0.1036,0.1033,1
ISTGNN_PeMS03_flow,111,0.1030,0.1023;0.1048,0.1033,0.1033,2
ISTGNN_PeMS03_flow,112,0.1029,0.1019;0.1046,0.1031,0.1031,0
ISTGNN_PeMS03_flow,113,0.1035,0.1019;0.1053,0.1036,0.1031,1
ISTGNN_PeMS03_flow,114,0.1027,0.1027;0.1046,0.1033,0.1031,2
ISTGNN_PeMS03_flow,115,0.1031,0.1023;0.1044,0.1033,0.1031,3
ISTGNN_PeMS03_flow,116,0.1033,0.1021;0.1054,0.1036,0.1031,4
ISTGNN_PeMS03_flow,117,0.1034,0.1031;0.1060,0.1042,0.1031,5
ISTGNN_PeMS03_flow,118,0.1031,0.1032;0.1048,0.1037,0.1031,6
ISTGNN_PeMS03_flow,119,0.1030,0.1023;0.1045,0.1033,0.1031,7
ISTGNN_PeMS03_flow,120,0.1034,0.1020;0.1046,0.1033,0.1031,8
ISTGNN_PeMS03_flow,121,0.1042,0.1021;0.1045,0.1036,0.1031,9
ISTGNN_PeMS03_flow,122,0.1031,0.1024;0.1045,0.1033,0.1031,10
ISTGNN_PeMS03_flow,123,0.1031,0.1039;0.1045,0.1038,0.1031,11
ISTGNN_PeMS03_flow,124,0.1043,0.1022;0.1046,0.1037,0.1031,12
ISTGNN_PeMS03_flow,125,0.1028,0.1021;0.1050,0.1033,0.1031,13
ISTGNN_PeMS03_flow,126,0.1028,0.1023;0.1052,0.1034,0.1031,14
ISTGNN_PeMS03_flow,127,0.1031,0.1019;0.1044,0.1031,0.1031,15
ISTGNN_PeMS03_flow,128,0.1031,0.1019;0.1044,0.1031,0.1031,16
ISTGNN_PeMS03_flow,129,0.1028,0.1027;0.1046,0.1034,0.1031,17
ISTGNN_PeMS03_flow,130,0.1035,0.1025;0.1048,0.1036,0.1031,18
ISTGNN_PeMS03_flow,131,0.1041,0.1028;0.1043,0.1037,0.1031,19
ISTGNN_PeMS03_flow,132,0.1032,0.1042;0.1046,0.1040,0.1031,20
ISTGNN_PeMS03_flow,133,0.1025,0.1025;0.1047,0.1032,0.1031,21
ISTGNN_PeMS03_flow,134,0.1027,0.1017;0.1048,0.1030,0.1031,22
ISTGNN_PeMS03_flow,135,0.1028,0.1018;0.1050,0.1032,0.1031,23
ISTGNN_PeMS03_flow,136,0.1031,0.1019;0.1046,0.1032,0.1031,24
ISTGNN_PeMS03_flow,137,0.1025,0.1022;0.1047,0.1031,0.1031,25
ISTGNN_PeMS03_flow,138,0.1034,0.1031;0.1047,0.1037,0.1031,26
ISTGNN_PeMS03_flow,139,0.1039,0.1020;0.1044,0.1034,0.1031,27
ISTGNN_PeMS03_flow,140,0.1026,0.1023;0.1050,0.1033,0.1031,28
ISTGNN_PeMS03_flow,141,0.1034,0.1042;0.1046,0.1041,0.1031,29
ISTGNN_PeMS03_flow,142,0.1027,0.1021;0.1046,0.1031,0.1031,30
ISTGNN_PeMS03_flow,143,0.1027,0.1023;0.1049,0.1033,0.1031,31
ISTGNN_PeMS03_flow,144,0.1031,0.1021;0.1051,0.1034,0.1031,32
ISTGNN_PeMS03_flow,145,0.1028,0.1019;0.1047,0.1032,0.1031,33
ISTGNN_PeMS03_flow,146,0.1028,0.1019;0.1043,0.1030,0.1030,0
ISTGNN_PeMS03_flow,147,0.1032,0.1021;0.1043,0.1032,0.1030,1
ISTGNN_PeMS03_flow,148,0.1029,0.1027;0.1045,0.1034,0.1030,2
ISTGNN_PeMS03_flow,149,0.1027,0.1029;0.1045,0.1034,0.1030,3
ISTGNN_PeMS03_flow,150,0.1028,0.1019;0.1053,0.1033,0.1030,4
ISTGNN_PeMS03_flow,151,0.1027,0.1018;0.1042,0.1029,0.1029,0
ISTGNN_PeMS03_flow,152,0.1025,0.1019;0.1044,0.1030,0.1029,1
ISTGNN_PeMS03_flow,153,0.1027,0.1018;0.1046,0.1030,0.1029,2
ISTGNN_PeMS03_flow,154,0.1028,0.1019;0.1046,0.1031,0.1029,3
ISTGNN_PeMS03_flow,155,0.1034,0.1019;0.1046,0.1033,0.1029,4
ISTGNN_PeMS03_flow,156,0.1027,0.1017;0.1043,0.1029,0.1029,5
ISTGNN_PeMS03_flow,157,0.1029,0.1017;0.1048,0.1031,0.1029,6
ISTGNN_PeMS03_flow,158,0.1036,0.1025;0.1049,0.1037,0.1029,7
ISTGNN_PeMS03_flow,159,0.1026,0.1018;0.1048,0.1030,0.1029,8
ISTGNN_PeMS03_flow,160,0.1030,0.1018;0.1049,0.1033,0.1029,9
ISTGNN_PeMS03_flow,161,0.1028,0.1021;0.1042,0.1030,0.1029,10
ISTGNN_PeMS03_flow,162,0.1024,0.1018;0.1056,0.1033,0.1029,11
ISTGNN_PeMS03_flow,163,0.1024,0.1020;0.1048,0.1031,0.1029,12
ISTGNN_PeMS03_flow,164,0.1025,0.1019;0.1044,0.1029,0.1029,13
ISTGNN_PeMS03_flow,165,0.1030,0.1020;0.1047,0.1033,0.1029,14
ISTGNN_PeMS03_flow,166,0.1028,0.1016;0.1045,0.1030,0.1029,15
ISTGNN_PeMS03_flow,167,0.1025,0.1020;0.1041,0.1029,0.1029,16
ISTGNN_PeMS03_flow,168,0.1030,0.1016;0.1045,0.1030,0.1029,17
ISTGNN_PeMS03_flow,169,0.1025,0.1017;0.1043,0.1028,0.1029,18
ISTGNN_PeMS03_flow,1,0.1070,0.1078;0.1090,0.1079,0.1079,0
ISTGNN_PeMS03_flow,2,0.1065,0.1064;0.1137,0.1089,0.1079,1
ISTGNN_PeMS03_flow,3,0.1088,0.1100;0.1099,0.1096,0.1079,2
ISTGNN_PeMS03_flow,4,0.1062,0.1068;0.1083,0.1071,0.1071,0
ISTGNN_PeMS03_flow,5,0.1065,0.1054;0.1090,0.1070,0.1071,1
ISTGNN_PeMS03_flow,6,0.1071,0.1100;0.1084,0.1085,0.1071,2
ISTGNN_PeMS03_flow,7,0.1066,0.1050;0.1133,0.1083,0.1071,3
ISTGNN_PeMS03_flow,8,0.1070,0.1053;0.1079,0.1067,0.1067,0
ISTGNN_PeMS03_flow,9,0.1063,0.1051;0.1084,0.1066,0.1066,0
ISTGNN_PeMS03_flow,10,0.1058,0.1047;0.1089,0.1064,0.1064,0
ISTGNN_PeMS03_flow,11,0.1064,0.1047;0.1086,0.1066,0.1064,1
ISTGNN_PeMS03_flow,12,0.1054,0.1053;0.1078,0.1062,0.1062,0
ISTGNN_PeMS03_flow,13,0.1076,0.1062;0.1071,0.1070,0.1062,1
ISTGNN_PeMS03_flow,14,0.1112,0.1051;0.1078,0.1080,0.1062,2
ISTGNN_PeMS03_flow,15,0.1072,0.1047;0.1111,0.1077,0.1062,3
ISTGNN_PeMS03_flow,16,0.1060,0.1068;0.1068,0.1065,0.1062,4
ISTGNN_PeMS03_flow,17,0.1048,0.1063;0.1067,0.1059,0.1059,0
ISTGNN_PeMS03_flow,18,0.1057,0.1079;0.1080,0.1072,0.1059,1
ISTGNN_PeMS03_flow,19,0.1062,0.1051;0.1092,0.1068,0.1059,2
ISTGNN_PeMS03_flow,20,0.1078,0.1039;0.1081,0.1066,0.1059,3
ISTGNN_PeMS03_flow,21,0.1050,0.1100;0.1066,0.1072,0.1059,4
ISTGNN_PeMS03_flow,22,0.1045,0.1065;0.1066,0.1059,0.1059,5
ISTGNN_PeMS03_flow,23,0.1049,0.1059;0.1076,0.1061,0.1059,6
ISTGNN_PeMS03_flow,24,0.1051,0.1041;0.1065,0.1052,0.1052,0
ISTGNN_PeMS03_flow,25,0.1046,0.1065;0.1070,0.1061,0.1052,1
ISTGNN_PeMS03_flow,26,0.1054,0.1081;0.1082,0.1072,0.1052,2
ISTGNN_PeMS03_flow,27,0.1055,0.1044;0.1090,0.1063,0.1052,3
ISTGNN_PeMS03_flow,28,0.1044,0.1083;0.1089,0.1072,0.1052,4
ISTGNN_PeMS03_flow,29,0.1045,0.1086;0.1085,0.1072,0.1052,5
ISTGNN_PeMS03_flow,30,0.1070,0.1043;0.1065,0.1059,0.1052,6
ISTGNN_PeMS03_flow,31,0.1076,0.1041;0.1077,0.1065,0.1052,7
ISTGNN_PeMS03_flow,32,0.1064,0.1037;0.1082,0.1061,0.1052,8
ISTGNN_PeMS03_flow,33,0.1045,0.1071;0.1061,0.1059,0.1052,9
ISTGNN_PeMS03_flow,34,0.1094,0.1044;0.1077,0.1072,0.1052,10
ISTGNN_PeMS03_flow,35,0.1072,0.1037;0.1066,0.1058,0.1052,11
ISTGNN_PeMS03_flow,36,0.1043,0.1051;0.1074,0.1056,0.1052,12
ISTGNN_PeMS03_flow,37,0.1072,0.1037;0.1070,0.1060,0.1052,13
ISTGNN_PeMS03_flow,38,0.1060,0.1050;0.1061,0.1057,0.1052,14
ISTGNN_PeMS03_flow,39,0.1055,0.1044;0.1077,0.1059,0.1052,15
ISTGNN_PeMS03_flow,40,0.1050,0.1067;0.1059,0.1059,0.1052,16
ISTGNN_PeMS03_flow,41,0.1062,0.1035;0.1060,0.1053,0.1052,17
ISTGNN_PeMS03_flow,42,0.1050,0.1037;0.1065,0.1051,0.1051,0
ISTGNN_PeMS03_flow,43,0.1056,0.1051;0.1072,0.1060,0.1051,1
ISTGNN_PeMS03_flow,44,0.1042,0.1042;0.1074,0.1052,0.1051,2
ISTGNN_PeMS03_flow,45,0.1062,0.1049;0.1059,0.1057,0.1051,3
ISTGNN_PeMS03_flow,46,0.1084,0.1048;0.1070,0.1067,0.1051,4
ISTGNN_PeMS03_flow,47,0.1039,0.1066;0.1076,0.1060,0.1051,5
ISTGNN_PeMS03_flow,48,0.1049,0.1059;0.1098,0.1069,0.1051,6
ISTGNN_PeMS03_flow,49,0.1050,0.1033;0.1073,0.1052,0.1051,7
ISTGNN_PeMS03_flow,50,0.1056,0.1052;0.1057,0.1055,0.1051,8
ISTGNN_PeMS03_flow,51,0.1054,0.1038;0.1066,0.1053,0.1051,9
ISTGNN_PeMS03_flow,52,0.1047,0.1033;0.1059,0.1046,0.1046,0
ISTGNN_PeMS03_flow,53,0.1053,0.1048;0.1057,0.1053,0.1046,1
ISTGNN_PeMS03_flow,54,0.1040,0.1041;0.1061,0.1047,0.1046,2
ISTGNN_PeMS03_flow,55,0.1048,0.1035;0.1089,0.1057,0.1046,3
ISTGNN_PeMS03_flow,56,0.1044,0.1049;0.1060,0.1051,0.1046,4
ISTGNN_PeMS03_flow,57,0.1048,0.1029;0.1067,0.1048,0.1046,5
ISTGNN_PeMS03_flow,58,0.1039,0.1045;0.1075,0.1053,0.1046,6
ISTGNN_PeMS03_flow,59,0.1044,0.1106;0.1071,0.1073,0.1046,7
ISTGNN_PeMS03_flow,60,0.1056,0.1029;0.1064,0.1050,0.1046,8
ISTGNN_PeMS03_flow,61,0.1051,0.1049;0.1094,0.1065,0.1046,9
ISTGNN_PeMS03_flow,62,0.1053,0.1031;0.1082,0.1055,0.1046,10
ISTGNN_PeMS03_flow,63,0.1037,0.1046;0.1057,0.1047,0.1046,11
ISTGNN_PeMS03_flow,64,0.1035,0.1031;0.1065,0.1044,0.1044,0
ISTGNN_PeMS03_flow,65,0.1035,0.1027;0.1053,0.1038,0.1038,0
ISTGNN_PeMS03_flow,66,0.1040,0.1032;0.1056,0.1042,0.1038,1
ISTGNN_PeMS03_flow,67,0.1054,0.1026;0.1060,0.1047,0.1038,2
ISTGNN_PeMS03_flow,68,0.1049,0.1033;0.1052,0.1045,0.1038,3
ISTGNN_PeMS03_flow,69,0.1039,0.1048;0.1054,0.1047,0.1038,4
ISTGNN_PeMS03_flow,70,0.1036,0.1035;0.1053,0.1041,0.1038,5
ISTGNN_PeMS03_flow,71,0.1039,0.1028;0.1055,0.1040,0.1038,6
ISTGNN_PeMS03_flow,72,0.1032,0.1039;0.1071,0.1047,0.1038,7
ISTGNN_PeMS03_flow,73,0.1049,0.1028;0.1067,0.1048,0.1038,8
ISTGNN_PeMS03_flow,74,0.1033,0.1031;0.1050,0.1038,0.1038,9
ISTGNN_PeMS03_flow,75,0.1031,0.1025;0.1053,0.1036,0.1036,0
ISTGNN_PeMS03_flow,76,0.1035,0.1028;0.1061,0.1041,0.1036,1
ISTGNN_PeMS03_flow,77,0.1069,0.1031;0.1053,0.1051,0.1036,2
ISTGNN_PeMS03_flow,78,0.1038,0.1047;0.1048,0.1045,0.1036,3
ISTGNN_PeMS03_flow,79,0.1045,0.1039;0.1054,0.1046,0.1036,4
ISTGNN_PeMS03_flow,80,0.1090,0.1038;0.1061,0.1063,0.1036,5
ISTGNN_PeMS03_flow,81,0.1043,0.1033;0.1053,0.1043,0.1036,6
ISTGNN_PeMS03_flow,82,0.1040,0.1031;0.1058,0.1043,0.1036,7
ISTGNN_PeMS03_flow,83,0.1037,0.1024;0.1053,0.1038,0.1036,8
ISTGNN_PeMS03_flow,84,0.1028,0.1028;0.1059,0.1038,0.1036,9
ISTGNN_PeMS03_flow,85,0.1042,0.1029;0.1047,0.1039,0.1036,10
ISTGNN_PeMS03_flow,86,0.1034,0.1029;0.1053,0.1039,0.1036,11
ISTGNN_PeMS03_flow,87,0.1035,0.1032;0.1057,0.1041,0.1036,12
ISTGNN_PeMS03_flow,88,0.1043,0.1026;0.1049,0.1039,0.1036,13
ISTGNN_PeMS03_flow,89,0.1042,0.1027;0.1066,0.1045,0.1036,14
ISTGNN_PeMS03_flow,90,0.1045,0.1028;0.1053,0.1042,0.1036,15
ISTGNN_PeMS03_flow,91,0.1033,0.1035;0.1053,0.1040,0.1036,16
ISTGNN_PeMS03_flow,92,0.1041,0.1027;0.1048,0.1039,0.1036,17
ISTGNN_PeMS03_flow,93,0.1036,0.1025;0.1068,0.1043,0.1036,18
ISTGNN_PeMS03_flow,94,0.1043,0.1030;0.1048,0.1040,0.1036,19
ISTGNN_PeMS03_flow,95,0.1032,0.1022;0.1050,0.1034,0.1034,0
ISTGNN_PeMS03_flow,96,0.1038,0.1028;0.1048,0.1038,0.1034,1
ISTGNN_PeMS03_flow,97,0.1028,0.1037;0.1065,0.1043,0.1034,2
ISTGNN_PeMS03_flow,98,0.1029,0.1032;0.1053,0.1038,0.1034,3
ISTGNN_PeMS03_flow,99,0.1036,0.1021;0.1048,0.1035,0.1034,4
ISTGNN_PeMS03_flow,100,0.1041,0.1035;0.1049,0.1041,0.1034,5
ISTGNN_PeMS03_flow,101,0.1042,0.1028;0.1053,0.1041,0.1034,6
ISTGNN_PeMS03_flow,102,0.1044,0.1025;0.1060,0.1043,0.1034,7
ISTGNN_PeMS03_flow,103,0.1047,0.1025;0.1045,0.1039,0.1034,8
ISTGNN_PeMS03_flow,104,0.1027,0.1029;0.1053,0.1036,0.1034,9
ISTGNN_PeMS03_flow,105,0.1035,0.1029;0.1044,0.1036,0.1034,10
ISTGNN_PeMS03_flow,106,0.1033,0.1030;0.1051,0.1038,0.1034,11
ISTGNN_PeMS03_flow,107,0.1035,0.1035;0.1047,0.1039,0.1034,12
ISTGNN_PeMS03_flow,108,0.1031,0.1024;0.1045,0.1033,0.1033,0
ISTGNN_PeMS03_flow,109,0.1029,0.1026;0.1049,0.1035,0.1033,1
ISTGNN_PeMS03_flow,110,0.1033,0.1024;0.1051,0.1036,0.1033,2
ISTGNN_PeMS03_flow,111,0.1030,0.1029;0.1062,0.1040,0.1033,3
ISTGNN_PeMS03_flow,112,0.1035,0.1021;0.1047,0.1035,0.1033,4
ISTGNN_PeMS03_flow,113,0.1037,0.1028;0.1045,0.1037,0.1033,5
ISTGNN_PeMS03_flow,114,0.1031,0.1025;0.1052,0.1036,0.1033,6
ISTGNN_PeMS03_flow,115,0.1028,0.1022;0.1045,0.1032,0.1032,0
ISTGNN_PeMS03_flow,116,0.1031,0.1022;0.1043,0.1032,0.1032,1
ISTGNN_PeMS03_flow,117,0.1048,0.1025;0.1043,0.1039,0.1032,2
ISTGNN_PeMS03_flow,118,0.1028,0.1032;0.1048,0.1036,0.1032,3
ISTGNN_PeMS03_flow,119,0.1044,0.1020;0.1043,0.1035,0.1032,4
ISTGNN_PeMS03_flow,120,0.1036,0.1021;0.1048,0.1035,0.1032,5
ISTGNN_PeMS03_flow,121,0.1032,0.1050;0.1058,0.1047,0.1032,6
ISTGNN_PeMS03_flow,122,0.1034,0.1020;0.1045,0.1033,0.1032,7
ISTGNN_PeMS03_flow,123,0.1033,0.1029;0.1048,0.1037,0.1032,8
ISTGNN_PeMS03_flow,124,0.1029,0.1024;0.1060,0.1038,0.1032,9
ISTGNN_PeMS03_flow,125,0.1030,0.1022;0.1051,0.1034,0.1032,10
ISTGNN_PeMS03_flow,126,0.1034,0.1035;0.1060,0.1043,0.1032,11
ISTGNN_PeMS03_flow,127,0.1027,0.1028;0.1045,0.1033,0.1032,12
ISTGNN_PeMS03_flow,128,0.1030,0.1021;0.1044,0.1032,0.1032,13
ISTGNN_PeMS03_flow,129,0.1040,0.1021;0.1060,0.1040,0.1032,14
ISTGNN_PeMS03_flow,130,0.1027,0.1030;0.1043,0.1033,0.1032,15
ISTGNN_PeMS03_flow,131,0.1032,0.1021;0.1046,0.1033,0.1032,16
ISTGNN_PeMS03_flow,132,0.1032,0.1021;0.1049,0.1034,0.1032,17
ISTGNN_PeMS03_flow,133,0.1028,0.1023;0.1047,0.1032,0.1032,18
ISTGNN_PeMS03_flow,134,0.1027,0.1022;0.1043,0.1031,0.1031,0
ISTGNN_PeMS03_flow,135,0.1033,0.1021;0.1043,0.1032,0.1031,1
ISTGNN_PeMS03_flow,136,0.1031,0.1022;0.1056,0.1036,0.1031,2
ISTGNN_PeMS03_flow,137,0.1034,0.1018;0.1058,0.1036,0.1031,3
ISTGNN_PeMS03_flow,138,0.1029,0.1026;0.1042,0.1032,0.1031,4
ISTGNN_PeMS03_flow,139,0.1027,0.1037;0.1050,0.1038,0.1031,5
ISTGNN_PeMS03_flow,140,0.1031,0.1025;0.1044,0.1033,0.1031,6
ISTGNN_PeMS03_flow,141,0.1038,0.1021;0.1052,0.1037,0.1031,7
ISTGNN_PeMS03_flow,142,0.1032,0.1018;0.1049,0.1033,0.1031,8
ISTGNN_PeMS03_flow,143,0.1031,0.1027;0.1053,0.1037,0.1031,9
ISTGNN_PeMS03_flow,144,0.1032,0.1021;0.1045,0.1032,0.1031,10
ISTGNN_PeMS03_flow,145,0.1032,0.1041;0.1045,0.1039,0.1031,11
ISTGNN_PeMS03_flow,146,0.1031,0.1018;0.1047,0.1032,0.1031,12
ISTGNN_PeMS03_flow,147,0.1035,0.1023;0.1044,0.1034,0.1031,13
ISTGNN_PeMS03_flow,148,0.1033,0.1025;0.1042,0.1033,0.1031,14
ISTGNN_PeMS03_flow,149,0.1041,0.1032;0.1045,0.1039,0.1031,15
ISTGNN_PeMS03_flow,150,0.1034,0.1021;0.1056,0.1037,0.1031,16
ISTGNN_PeMS03_flow,151,0.1032,0.1020;0.1052,0.1034,0.1031,17
ISTGNN_PeMS03_flow,152,0.1027,0.1021;0.1047,0.1032,0.1031,18
ISTGNN_PeMS03_flow,153,0.1024,0.1028;0.1043,0.1032,0.1031,19
ISTGNN_PeMS03_flow,154,0.1030,0.1039;0.1044,0.1037,0.1031,20
ISTGNN_PeMS03_flow,155,0.1026,0.1020;0.1042,0.1029,0.1029,0
ISTGNN_PeMS03_flow,156,0.1057,0.1016;0.1042,0.1038,0.1029,1
ISTGNN_PeMS03_flow,157,0.1030,0.1024;0.1042,0.1032,0.1029,2
ISTGNN_PeMS03_flow,158,0.1028,0.1027;0.1042,0.1032,0.1029,3
ISTGNN_PeMS03_flow,159,0.1024,0.1024;0.1053,0.1034,0.1029,4
ISTGNN_PeMS03_flow,160,0.1039,0.1023;0.1043,0.1035,0.1029,5
ISTGNN_PeMS03_flow,161,0.1030,0.1024;0.1045,0.1033,0.1029,6
ISTGNN_PeMS03_flow,162,0.1027,0.1029;0.1043,0.1033,0.1029,7
ISTGNN_PeMS03_flow,163,0.1026,0.1022;0.1057,0.1035,0.1029,8
ISTGNN_PeMS03_flow,164,0.1025,0.1022;0.1040,0.1029,0.1029,9
ISTGNN_PeMS03_flow,165,0.1027,0.1018;0.1042,0.1029,0.1029,10
ISTGNN_PeMS03_flow,166,0.1030,0.1021;0.1042,0.1031,0.1029,11
ISTGNN_PeMS03_flow,167,0.1043,0.1018;0.1052,0.1037,0.1029,12
ISTGNN_PeMS03_flow,168,0.1031,0.1018;0.1046,0.1032,0.1029,13
ISTGNN_PeMS03_flow,169,0.1026,0.1033;0.1040,0.1033,0.1029,14
ISTGNN_PeMS03_flow,170,0.1027,0.1016;0.1041,0.1028,0.1028,0
ISTGNN_PeMS03_flow,171,0.1030,0.1019;0.1043,0.1031,0.1028,1
ISTGNN_PeMS03_flow,172,0.1025,0.1033;0.1046,0.1035,0.1028,2
ISTGNN_PeMS03_flow,173,0.1024,0.1019;0.1045,0.1030,0.1028,3
ISTGNN_PeMS03_flow,174,0.1027,0.1023;0.1047,0.1032,0.1028,4
ISTGNN_PeMS03_flow,175,0.1028,0.1025;0.1041,0.1031,0.1028,5
ISTGNN_PeMS03_flow,176,0.1036,0.1020;0.1042,0.1032,0.1028,6
ISTGNN_PeMS03_flow,177,0.1025,0.1017;0.1045,0.1029,0.1028,7
ISTGNN_PeMS03_flow,178,0.1030,0.1021;0.1044,0.1032,0.1028,8
ISTGNN_PeMS03_flow,179,0.1038,0.1017;0.1065,0.1040,0.1028,9
ISTGNN_PeMS03_flow,180,0.1028,0.1017;0.1042,0.1029,0.1028,10
ISTGNN_PeMS03_flow,181,0.1025,0.1025;0.1041,0.1030,0.1028,11
ISTGNN_PeMS03_flow,182,0.1028,0.1020;0.1040,0.1030,0.1028,12
ISTGNN_PeMS03_flow,183,0.1026,0.1017;0.1045,0.1029,0.1028,13
ISTGNN_PeMS03_flow,184,0.1026,0.1020;0.1045,0.1031,0.1028,14
ISTGNN_PeMS03_flow,185,0.1025,0.1016;0.1042,0.1028,0.1028,15
ISTGNN_PeMS03_flow,186,0.1028,0.1018;0.1041,0.1029,0.1028,16
ISTGNN_PeMS03_flow,187,0.1026,0.1016;0.1054,0.1032,0.1028,17
ISTGNN_PeMS03_flow,188,0.1026,0.1020;0.1040,0.1028,0.1028,18
ISTGNN_PeMS03_flow,189,0.1040,0.1016;0.1044,0.1033,0.1028,19
ISTGNN_PeMS03_flow,190,0.1039,0.1030;0.1052,0.1040,0.1028,20
ISTGNN_PeMS03_flow,191,0.1027,0.1018;0.1040,0.1028,0.1028,21
ISTGNN_PeMS03_flow,192,0.1026,0.1019;0.1043,0.1029,0.1028,22
ISTGNN_PeMS03_flow,193,0.1027,0.1016;0.1051,0.1031,0.1028,23
ISTGNN_PeMS03_flow,194,0.1028,0.1017;0.1048,0.1031,0.1028,24
ISTGNN_PeMS03_flow,195,0.1027,0.1022;0.1046,0.1031,0.1028,25
ISTGNN_PeMS03_flow,196,0.1026,0.1017;0.1048,0.1031,0.1028,26
ISTGNN_PeMS03_flow,197,0.1026,0.1017;0.1041,0.1028,0.1028,27
ISTGNN_PeMS03_flow,198,0.1046,0.1017;0.1048,0.1037,0.1028,28
ISTGNN_PeMS03_flow,199,0.1027,0.1016;0.1047,0.1030,0.1028,29
ISTGNN_PeMS03_flow,200,0.1024,0.1016;0.1057,0.1033,0.1028,30
ISTGNN_PeMS03_flow,201,0.1040,0.1022;0.1044,0.1036,0.1028,31
ISTGNN_PeMS03_flow,202,0.1025,0.1020;0.1055,0.1033,0.1028,32
ISTGNN_PeMS03_flow,203,0.1024,0.1025;0.1049,0.1033,0.1028,33
ISTGNN_PeMS03_flow,204,0.1026,0.1033;0.1045,0.1035,0.1028,34
ISTGNN_PeMS03_flow,205,0.1025,0.1033;0.1052,0.1036,0.1028,35
ISTGNN_PeMS03_flow,206,0.1027,0.1016;0.1048,0.1030,0.1028,36
ISTGNN_PeMS03_flow,207,0.1037,0.1019;0.1043,0.1033,0.1028,37
ISTGNN_PeMS03_flow,208,0.1023,0.1017;0.1041,0.1027,0.1027,0
ISTGNN_PeMS03_flow,209,0.1035,0.1022;0.1051,0.1036,0.1027,1
ISTGNN_PeMS03_flow,210,0.1028,0.1020;0.1043,0.1030,0.1027,2
ISTGNN_PeMS03_flow,211,0.1028,0.1018;0.1041,0.1029,0.1027,3
ISTGNN_PeMS03_flow,212,0.1032,0.1021;0.1051,0.1034,0.1027,4
ISTGNN_PeMS03_flow,213,0.1025,0.1016;0.1043,0.1028,0.1027,5
ISTGNN_PeMS03_flow,214,0.1035,0.1025;0.1044,0.1034,0.1027,6
ISTGNN_PeMS03_flow,215,0.1027,0.1016;0.1040,0.1028,0.1027,7
ISTGNN_PeMS03_flow,216,0.1023,0.1019;0.1040,0.1027,0.1027,8
ISTGNN_PeMS03_flow,217,0.1027,0.1027;0.1045,0.1033,0.1027,9
ISTGNN_PeMS03_flow,218,0.1023,0.1021;0.1062,0.1035,0.1027,10
ISTGNN_PeMS03_flow,219,0.1026,0.1022;0.1046,0.1031,0.1027,11
ISTGNN_PeMS03_flow,220,0.1025,0.1021;0.1048,0.1031,0.1027,12
ISTGNN_PeMS03_flow,221,0.1027,0.1016;0.1043,0.1029,0.1027,13
ISTGNN_PeMS03_flow,222,0.1028,0.1020;0.1045,0.1031,0.1027,14
ISTGNN_PeMS03_flow,223,0.1025,0.1017;0.1046,0.1029,0.1027,15
ISTGNN_PeMS03_flow,224,0.1024,0.1015;0.1041,0.1027,0.1027,16
ISTGNN_PeMS03_flow,225,0.1031,0.1016;0.1041,0.1030,0.1027,17
ISTGNN_PeMS03_flow,226,0.1025,0.1015;0.1064,0.1035,0.1027,18
ISTGNN_PeMS03_flow,227,0.1024,0.1029;0.1042,0.1032,0.1027,19
ISTGNN_PeMS03_flow,228,0.1025,0.1029;0.1043,0.1033,0.1027,20
ISTGNN_PeMS03_flow,229,0.1025,0.1016;0.1040,0.1027,0.1027,21
ISTGNN_PeMS03_flow,230,0.1025,0.1018;0.1040,0.1028,0.1027,22
ISTGNN_PeMS03_flow,231,0.1032,0.1016;0.1041,0.1030,0.1027,23
ISTGNN_PeMS03_flow,232,0.1023,0.1044;0.1043,0.1037,0.1027,24
ISTGNN_PeMS03_flow,233,0.1029,0.1022;0.1043,0.1031,0.1027,25
ISTGNN_PeMS03_flow,234,0.1031,0.1024;0.1060,0.1038,0.1027,26
ISTGNN_PeMS03_flow,235,0.1030,0.1020;0.1049,0.1033,0.1027,27
ISTGNN_PeMS03_flow,236,0.1025,0.1017;0.1043,0.1028,0.1027,28
ISTGNN_PeMS03_flow,237,0.1023,0.1016;0.1046,0.1028,0.1027,29
ISTGNN_PeMS03_flow,238,0.1023,0.1016;0.1040,0.1027,0.1027,30
ISTGNN_PeMS03_flow,239,0.1024,0.1017;0.1044,0.1028,0.1027,31
ISTGNN_PeMS03_flow,240,0.1025,0.1016;0.1041,0.1027,0.1027,32
ISTGNN_PeMS03_flow,241,0.1036,0.1018;0.1043,0.1032,0.1027,33
ISTGNN_PeMS03_flow,242,0.1023,0.1015;0.1051,0.1030,0.1027,34
ISTGNN_PeMS03_flow,243,0.1037,0.1017;0.1043,0.1032,0.1027,35
ISTGNN_PeMS03_flow,244,0.1024,0.1015;0.1040,0.1026,0.1027,36
ISTGNN_PeMS03_flow,245,0.1033,0.1015;0.1042,0.1030,0.1027,37
ISTGNN_PeMS03_flow,246,0.1027,0.1021;0.1039,0.1029,0.1027,38
ISTGNN_PeMS03_flow,247,0.1030,0.1018;0.1049,0.1032,0.1027,39
ISTGNN_PeMS03_flow,248,0.1022,0.1028;0.1041,0.1030,0.1027,40
ISTGNN_PeMS03_flow,249,0.1024,0.1018;0.1043,0.1028,0.1027,41
ISTGNN_PeMS03_flow,250,0.1027,0.1016;0.1040,0.1028,0.1027,42
ISTGNN_PeMS03_flow,251,0.1025,0.1018;0.1047,0.1030,0.1027,43
ISTGNN_PeMS03_flow,252,0.1025,0.1034;0.1039,0.1033,0.1027,44
ISTGNN_PeMS03_flow,253,0.1030,0.1017;0.1045,0.1031,0.1027,45
ISTGNN_PeMS03_flow,254,0.1026,0.1016;0.1046,0.1029,0.1027,46
ISTGNN_PeMS03_flow,255,0.1029,0.1015;0.1038,0.1027,0.1027,47
ISTGNN_PeMS03_flow,256,0.1022,0.1016;0.1043,0.1027,0.1027,48
ISTGNN_PeMS03_flow,257,0.1025,0.1026;0.1051,0.1034,0.1027,49
ISTGNN_PeMS03_flow,258,0.1023,0.1021;0.1047,0.1031,0.1027,50
ISTGNN_PeMS03_speed,1,0.1424,0.1284;0.1380,0.1363,0.1363,0
ISTGNN_PeMS03_speed,2,0.1378,0.1353;0.1365,0.1365,0.1363,1
ISTGNN_PeMS03_speed,3,0.1368,0.1288;0.1419,0.1358,0.1358,0
ISTGNN_PeMS03_speed,4,0.1418,0.1312;0.1358,0.1363,0.1358,1
ISTGNN_PeMS03_speed,5,0.1463,0.1289;0.1421,0.1391,0.1358,2
ISTGNN_PeMS03_speed,6,0.1384,0.1280;0.1362,0.1342,0.1342,0
ISTGNN_PeMS03_speed,7,0.1398,0.1266;0.1384,0.1349,0.1342,1
ISTGNN_PeMS03_speed,8,0.1339,0.1257;0.1345,0.1314,0.1314,0
ISTGNN_PeMS03_speed,9,0.1343,0.1244;0.1419,0.1335,0.1314,1
ISTGNN_PeMS03_speed,10,0.1374,0.1251;0.1362,0.1329,0.1314,2
ISTGNN_PeMS03_speed,11,0.1344,0.1243;0.1342,0.1310,0.1310,0
ISTGNN_PeMS03_speed,12,0.1350,0.1248;0.1343,0.1314,0.1310,1
ISTGNN_PeMS03_speed,13,0.1344,0.1240;0.1391,0.1325,0.1310,2
ISTGNN_PeMS03_speed,14,0.1331,0.1280;0.1370,0.1327,0.1310,3
ISTGNN_PeMS03_speed,15,0.1326,0.1244;0.1358,0.1309,0.1310,4
ISTGNN_PeMS03_speed,16,0.1366,0.1270;0.1338,0.1324,0.1310,5
ISTGNN_PeMS03_speed,17,0.1351,0.1239;0.1330,0.1307,0.1307,0
ISTGNN_PeMS03_speed,18,0.1322,0.1249;0.1330,0.1300,0.1300,0
ISTGNN_PeMS03_speed,19,0.1335,0.1240;0.1343,0.1306,0.1300,1
ISTGNN_PeMS03_speed,20,0.1334,0.1247;0.1331,0.1304,0.1300,2
ISTGNN_PeMS03_speed,21,0.1334,0.1257;0.1337,0.1309,0.1300,3
ISTGNN_PeMS03_speed,22,0.1354,0.1273;0.1350,0.1326,0.1300,4
ISTGNN_PeMS03_speed,23,0.1324,0.1239;0.1333,0.1299,0.1299,0
ISTGNN_PeMS03_speed,24,0.1318,0.1236;0.1340,0.1298,0.1299,1
ISTGNN_PeMS03_speed,25,0.1319,0.1244;0.1373,0.1312,0.1299,2
ISTGNN_PeMS03_speed,26,0.1346,0.1243;0.1333,0.1308,0.1299,3
ISTGNN_PeMS03_speed,27,0.1343,0.1232;0.1328,0.1301,0.1299,4
ISTGNN_PeMS03_speed,28,0.1322,0.1250;0.1327,0.1300,0.1299,5
ISTGNN_PeMS03_speed,29,0.1327,0.1250;0.1359,0.1312,0.1299,6
ISTGNN_PeMS03_speed,30,0.1344,0.1245;0.1328,0.1306,0.1299,7
ISTGNN_PeMS03_speed,31,0.1315,0.1240;0.1342,0.1299,0.1299,8
ISTGNN_PeMS03_speed,32,0.1376,0.1245;0.1328,0.1316,0.1299,9
ISTGNN_PeMS03_speed,33,0.1335,0.1272;0.1336,0.1314,0.1299,10
ISTGNN_PeMS03_speed,34,0.1357,0.1245;0.1332,0.1311,0.1299,11
ISTGNN_PeMS03_speed,35,0.1312,0.1244;0.1370,0.1309,0.1299,12
ISTGNN_PeMS03_speed,36,0.1325,0.1243;0.1326,0.1298,0.1299,13
ISTGNN_PeMS03_speed,37,0.1320,0.1249;0.1350,0.1306,0.1299,14
ISTGNN_PeMS03_speed,38,0.1324,0.1240;0.1343,0.1303,0.1299,15
ISTGNN_PeMS03_speed,39,0.1336,0.1244;0.1341,0.1307,0.1299,16
ISTGNN_PeMS03_speed,40,0.1322,0.1240;0.1326,0.1296,0.1296,0
ISTGNN_PeMS03_speed,41,0.1366,0.1246;0.1331,0.1314,0.1296,1
ISTGNN_PeMS03_speed,42,0.1324,0.1246;0.1334,0.1301,0.1296,2
ISTGNN_PeMS03_speed,43,0.1326,0.1238;0.1335,0.1300,0.1296,3
ISTGNN_PeMS03_speed,44,0.1338,0.1244;0.1330,0.1304,0.1296,4
ISTGNN_PeMS03_speed,45,0.1352,0.1260;0.1349,0.1320,0.1296,5
ISTGNN_PeMS03_speed,46,0.1318,0.1247;0.1344,0.1303,0.1296,6
ISTGNN_PeMS03_speed,47,0.1349,0.1242;0.1338,0.1310,0.1296,7
ISTGNN_PeMS03_speed,48,0.1323,0.1263;0.1323,0.1303,0.1296,8
ISTGNN_PeMS03_speed,49,0.1317,0.1238;0.1335,0.1296,0.1296,9
ISTGNN_PeMS03_speed,50,0.1322,0.1245;0.1330,0.1299,0.1296,10
ISTGNN_PeMS03_speed,51,0.1327,0.1233;0.1323,0.1294,0.1294,0
ISTGNN_PeMS03_speed,52,0.1323,0.1237;0.1335,0.1298,0.1294,1
ISTGNN_PeMS03_speed,53,0.1320,0.1233;0.1327,0.1294,0.1294,2
ISTGNN_PeMS03_speed,54,0.1318,0.1242;0.1325,0.1295,0.1294,3
ISTGNN_PeMS03_speed,55,0.1327,0.1244;0.1320,0.1297,0.1294,4
ISTGNN_PeMS03_speed,56,0.1317,0.1227;0.1334,0.1293,0.1293,0
ISTGNN_PeMS03_speed,57,0.1319,0.1231;0.1325,0.1292,0.1293,1
ISTGNN_PeMS03_speed,58,0.1328,0.1228;0.1341,0.1299,0.1293,2
ISTGNN_PeMS03_speed,59,0.1317,0.1249;0.1320,0.1295,0.1293,3
ISTGNN_PeMS03_speed,60,0.1316,0.1228;0.1329,0.1291,0.1291,0
ISTGNN_PeMS03_speed,61,0.1359,0.1233;0.1367,0.1320,0.1291,1
ISTGNN_PeMS03_speed,62,0.1312,0.1239;0.1319,0.1290,0.1291,2
ISTGNN_PeMS03_speed,63,0.1325,0.1244;0.1327,0.1299,0.1291,3
ISTGNN_PeMS03_speed,64,0.1319,0.1233;0.1331,0.1294,0.1291,4
ISTGNN_PeMS03_speed,65,0.1351,0.1232;0.1361,0.1315,0.1291,5
ISTGNN_PeMS03_speed,66,0.1311,0.1262;0.1321,0.1298,0.1291,6
ISTGNN_PeMS03_speed,67,0.1325,0.1252;0.1336,0.1304,0.1291,7
ISTGNN_PeMS03_speed,68,0.1309,0.1234;0.1330,0.1291,0.1291,8
ISTGNN_PeMS03_speed,69,0.1321,0.1243;0.1322,0.1295,0.1291,9
ISTGNN_PeMS03_speed,70,0.1314,0.1244;0.1315,0.1291,0.1291,10
ISTGNN_PeMS03_speed,71,0.1307,0.1242;0.1323,0.1291,0.1291,11
ISTGNN_PeMS03_speed,72,0.1309,0.1248;0.1323,0.1293,0.1291,12
ISTGNN_PeMS03_speed,73,0.1317,0.1274;0.1332,0.1308,0.1291,13
ISTGNN_PeMS03_speed,74,0.1318,0.1239;0.1327,0.1295,0.1291,14
ISTGNN_PeMS03_speed,75,0.1330,0.1229;0.1340,0.1299,0.1291,15
ISTGNN_PeMS03_speed,76,0.1322,0.1229;0.1322,0.1291,0.1291,16
ISTGNN_PeMS03_speed,77,0.1323,0.1237;0.1315,0.1292,0.1291,17
ISTGNN_PeMS03_speed,78,0.1316,0.1238;0.1327,0.1293,0.1291,18
ISTGNN_PeMS03_speed,79,0.1314,0.1271;0.1318,0.1301,0.1291,19
ISTGNN_PeMS03_speed,80,0.1312,0.1232;0.1324,0.1290,0.1290,0
ISTGNN_PeMS03_speed,81,0.1319,0.1230;0.1336,0.1295,0.1290,1
ISTGNN_PeMS03_speed,82,0.1315,0.1236;0.1330,0.1294,0.1290,2
ISTGNN_PeMS03_speed,83,0.1324,0.1244;0.1323,0.1297,0.1290,3
ISTGNN_PeMS03_speed,84,0.1329,0.1238;0.1321,0.1296,0.1290,4
ISTGNN_PeMS03_speed,85,0.1327,0.1241;0.1341,0.1303,0.1290,5
ISTGNN_PeMS03_speed,86,0.1389,0.1250;0.1332,0.1323,0.1290,6
ISTGNN_PeMS03_speed,87,0.1331,0.1251;0.1329,0.1304,0.1290,7
ISTGNN_PeMS03_speed,88,0.1329,0.1239;0.1325,0.1298,0.1290,8
ISTGNN_PeMS03_speed,89,0.1310,0.1266;0.1333,0.1303,0.1290,9
ISTGNN_PeMS03_speed,90,0.1324,0.1257;0.1338,0.1307,0.1290,10
ISTGNN_PeMS03_speed,91,0.1318,0.1230;0.1326,0.1291,0.1290,11
ISTGNN_PeMS03_speed,92,0.1305,0.1240;0.1331,0.1292,0.1290,12
ISTGNN_PeMS03_speed,93,0.1315,0.1244;0.1331,0.1297,0.1290,13
ISTGNN_PeMS03_speed,94,0.1313,0.1231;0.1327,0.1290,0.1290,14
ISTGNN_PeMS03_speed,95,0.1313,0.1239;0.1329,0.1294,0.1290,15
ISTGNN_PeMS03_speed,96,0.1321,0.1232;0.1328,0.1293,0.1290,16
ISTGNN_PeMS03_speed,97,0.1322,0.1235;0.1318,0.1292,0.1290,17
ISTGNN_PeMS03_speed,98,0.1324,0.1241;0.1316,0.1294,0.1290,18
ISTGNN_PeMS03_speed,99,0.1314,0.1244;0.1330,0.1296,0.1290,19
ISTGNN_PeMS03_speed,100,0.1326,0.1246;0.1315,0.1296,0.1290,20
ISTGNN_PeMS03_speed,101,0.1327,0.1231;0.1330,0.1296,0.1290,21
ISTGNN_PeMS03_speed,102,0.1308,0.1232;0.1336,0.1292,0.1290,22
ISTGNN_PeMS03_speed,103,0.1312,0.1228;0.1328,0.1289,0.1290,23
ISTGNN_PeMS03_speed,104,0.1311,0.1235;0.1323,0.1290,0.1290,24
ISTGNN_PeMS03_speed,105,0.1334,0.1240;0.1344,0.1306,0.1290,25
ISTGNN_PeMS03_speed,106,0.1306,0.1233;0.1329,0.1289,0.1290,26
ISTGNN_PeMS03_speed,107,0.1321,0.1241;0.1315,0.1292,0.1290,27
ISTGNN_PeMS03_speed,108,0.1314,0.1239;0.1315,0.1289,0.1290,28
ISTGNN_PeMS03_speed,109,0.1324,0.1243;0.1319,0.1295,0.1290,29
ISTGNN_PeMS03_speed,110,0.1314,0.1236;0.1321,0.1291,0.1290,30
ISTGNN_PeMS03_speed,111,0.1324,0.1239;0.1333,0.1299,0.1290,31
ISTGNN_PeMS03_speed,112,0.1321,0.1222;0.1329,0.1290,0.1290,32
ISTGNN_PeMS03_speed,113,0.1315,0.1226;0.1323,0.1288,0.1288,0
ISTGNN_PeMS03_speed,114,0.1319,0.1258;0.1331,0.1303,0.1288,1
ISTGNN_PeMS03_speed,115,0.1308,0.1231;0.1329,0.1289,0.1288,2
ISTGNN_PeMS03_speed,116,0.1313,0.1264;0.1325,0.1300,0.1288,3
ISTGNN_PeMS03_speed,117,0.1313,0.1240;0.1331,0.1295,0.1288,4
ISTGNN_PeMS03_speed,118,0.1315,0.1230;0.1386,0.1310,0.1288,5
ISTGNN_PeMS03_speed,119,0.1318,0.1225;0.1325,0.1290,0.1288,6
ISTGNN_PeMS03_speed,120,0.1388,0.1225;0.1320,0.1311,0.1288,7
ISTGNN_PeMS03_speed,121,0.1312,0.1233;0.1335,0.1293,0.1288,8
ISTGNN_PeMS03_speed,122,0.1312,0.1228;0.1329,0.1290,0.1288,9
ISTGNN_PeMS03_speed,123,0.1320,0.1227;0.1321,0.1289,0.1288,10
ISTGNN_PeMS03_speed,124,0.1318,0.1229;0.1313,0.1287,0.1287,0
ISTGNN_PeMS03_speed,125,0.1317,0.1230;0.1332,0.1293,0.1287,1
ISTGNN_PeMS03_speed,126,0.1324,0.1260;0.1324,0.1302,0.1287,2
ISTGNN_PeMS03_speed,127,0.1326,0.1227;0.1323,0.1292,0.1287,3
ISTGNN_PeMS03_speed,128,0.1323,0.1246;0.1323,0.1298,0.1287,4
ISTGNN_PeMS03_speed,129,0.1321,0.1243;0.1319,0.1294,0.1287,5
ISTGNN_PeMS03_speed,130,0.1312,0.1243;0.1322,0.1293,0.1287,6
ISTGNN_PeMS03_speed,131,0.1314,0.1226;0.1318,0.1286,0.1287,7
ISTGNN_PeMS03_speed,132,0.1308,0.1232;0.1315,0.1285,0.1285,0
ISTGNN_PeMS03_speed,133,0.1317,0.1242;0.1328,0.1296,0.1285,1
ISTGNN_PeMS03_speed,134,0.1310,0.1235;0.1356,0.1301,0.1285,2
ISTGNN_PeMS03_speed,135,0.1330,0.1232;0.1323,0.1295,0.1285,3
ISTGNN_PeMS03_speed,136,0.1332,0.1238;0.1325,0.1298,0.1285,4
ISTGNN_PeMS03_speed,137,0.1318,0.1246;0.1320,0.1295,0.1285,5
ISTGNN_PeMS03_speed,138,0.1340,0.1237;0.1340,0.1305,0.1285,6
ISTGNN_PeMS03_speed,139,0.1324,0.1237;0.1325,0.1295,0.1285,7
ISTGNN_PeMS03_speed,140,0.1327,0.1225;0.1321,0.1291,0.1285,8
ISTGNN_PeMS03_speed,141,0.1318,0.1248;0.1332,0.1299,0.1285,9
ISTGNN_PeMS03_speed,142,0.1325,0.1235;0.1321,0.1294,0.1285,10
ISTGNN_PeMS03_speed,143,0.1321,0.1242;0.1318,0.1294,0.1285,11
ISTGNN_PeMS03_speed,144,0.1312,0.1252;0.1320,0.1294,0.1285,12
ISTGNN_PeMS03_speed,145,0.1312,0.1248;0.1318,0.1293,0.1285,13
ISTGNN_PeMS03_speed,146,0.1318,0.1222;0.1316,0.1285,0.1285,14
ISTGNN_PeMS03_speed,147,0.1322,0.1234;0.1316,0.1291,0.1285,15
ISTGNN_PeMS03_speed,148,0.1337,0.1233;0.1330,0.1300,0.1285,16
ISTGNN_PeMS03_speed,149,0.1330,0.1227;0.1319,0.1292,0.1285,17
ISTGNN_PeMS03_speed,150,0.1339,0.1231;0.1324,0.1298,0.1285,18
ISTGNN_PeMS03_speed,151,0.1317,0.1242;0.1336,0.1298,0.1285,19
ISTGNN_PeMS03_speed,152,0.1307,0.1232;0.1325,0.1288,0.1285,20
ISTGNN_PeMS03_speed,153,0.1308,0.1236;0.1322,0.1289,0.1285,21
ISTGNN_PeMS03_speed,154,0.1323,0.1239;0.1317,0.1293,0.1285,22
ISTGNN_PeMS03_speed,155,0.1313,0.1245;0.1317,0.1291,0.1285,23
ISTGNN_PeMS03_speed,156,0.1320,0.1245;0.1329,0.1298,0.1285,24
ISTGNN_PeMS03_speed,157,0.1312,0.1235;0.1317,0.1288,0.1285,25
ISTGNN_PeMS03_speed,158,0.1312,0.1229;0.1333,0.1291,0.1285,26
ISTGNN_PeMS03_speed,159,0.1307,0.1232;0.1323,0.1287,0.1285,27
ISTGNN_PeMS03_speed,160,0.1306,0.1233;0.1317,0.1286,0.1285,28
ISTGNN_PeMS03_speed,161,0.1314,0.1227;0.1326,0.1289,0.1285,29
ISTGNN_PeMS03_speed,162,0.1322,0.1227;0.1321,0.1290,0.1285,30
ISTGNN_PeMS03_speed,163,0.1324,0.1234;0.1321,0.1293,0.1285,31
ISTGNN_PeMS03_speed,164,0.1311,0.1241;0.1336,0.1296,0.1285,32
ISTGNN_PeMS03_speed,165,0.1325,0.1231;0.1333,0.1296,0.1285,33
ISTGNN_PeMS03_speed,166,0.1323,0.1240;0.1326,0.1296,0.1285,34
ISTGNN_PeMS03_speed,167,0.1330,0.1234;0.1332,0.1299,0.1285,35
ISTGNN_PeMS03_speed,168,0.1315,0.1248;0.1321,0.1295,0.1285,36
ISTGNN_PeMS03_speed,169,0.1312,0.1223;0.1316,0.1284,0.1284,0
ISTGNN_PeMS03_speed,170,0.1329,0.1236;0.1323,0.1296,0.1284,1
ISTGNN_PeMS03_speed,171,0.1320,0.1237;0.1337,0.1298,0.1284,2
ISTGNN_PeMS03_speed,172,0.1310,0.1231;0.1325,0.1289,0.1284,3
ISTGNN_PeMS03_speed,173,0.1329,0.1229;0.1333,0.1297,0.1284,4
ISTGNN_PeMS03_speed,174,0.1320,0.1233;0.1348,0.1300,0.1284,5
ISTGNN_PeMS03_speed,175,0.1309,0.1230;0.1336,0.1291,0.1284,6
ISTGNN_PeMS03_speed,176,0.1305,0.1225;0.1317,0.1282,0.1282,0
ISTGNN_PeMS03_speed,177,0.1324,0.1231;0.1318,0.1291,0.1282,1
ISTGNN_PeMS03_speed,178,0.1310,0.1238;0.1336,0.1295,0.1282,2
ISTGNN_PeMS03_speed,179,0.1316,0.1236;0.1329,0.1294,0.1282,3
ISTGNN_PeMS03_speed,180,0.1309,0.1233;0.1332,0.1291,0.1282,4
ISTGNN_PeMS03_speed,181,0.1309,0.1233;0.1317,0.1286,0.1282,5
ISTGNN_PeMS03_speed,182,0.1313,0.1240;0.1332,0.1295,0.1282,6
ISTGNN_PeMS03_speed,183,0.1318,0.1229;0.1333,0.1293,0.1282,7
ISTGNN_PeMS03_speed,184,0.1316,0.1235;0.1318,0.1290,0.1282,8
ISTGNN_PeMS03_speed,185,0.1313,0.1234;0.1331,0.1293,0.1282,9
ISTGNN_PeMS03_speed,186,0.1308,0.1222;0.1322,0.1284,0.1282,10
ISTGNN_PeMS03_speed,187,0.1310,0.1252;0.1334,0.1299,0.1282,11
ISTGNN_PeMS03_speed,188,0.1309,0.1238;0.1316,0.1287,0.1282,12
ISTGNN_PeMS03_speed,189,0.1313,0.1229;0.1319,0.1287,0.1282,13
ISTGNN_PeMS03_speed,190,0.1309,0.1241;0.1343,0.1298,0.1282,14
ISTGNN_PeMS03_speed,191,0.1321,0.1226;0.1331,0.1293,0.1282,15
ISTGNN_PeMS03_speed,192,0.1330,0.1235;0.1321,0.1295,0.1282,16
ISTGNN_PeMS03_speed,193,0.1343,0.1230;0.1321,0.1298,0.1282,17
ISTGNN_PeMS03_speed,194,0.1312,0.1259;0.1319,0.1297,0.1282,18
ISTGNN_PeMS03_speed,195,0.1317,0.1239;0.1320,0.1292,0.1282,19
ISTGNN_PeMS03_speed,196,0.1316,0.1232;0.1316,0.1288,0.1282,20
ISTGNN_PeMS03_speed,197,0.1315,0.1228;0.1320,0.1287,0.1282,21
ISTGNN_PeMS03_speed,198,0.1308,0.1231;0.1322,0.1287,0.1282,22
ISTGNN_PeMS03_speed,199,0.1337,0.1226;0.1324,0.1295,0.1282,23
ISTGNN_PeMS03_speed,200,0.1318,0.1234;0.1335,0.1296,0.1282,24
ISTGNN_PeMS03_speed,201,0.1317,0.1228;0.1327,0.1291,0.1282,25
ISTGNN_PeMS03_speed,202,0.1316,0.1260;0.1319,0.1298,0.1282,26
ISTGNN_PeMS03_speed,203,0.1313,0.1227;0.1332,0.1291,0.1282,27
ISTGNN_PeMS03_speed,204,0.1307,0.1229;0.1324,0.1287,0.1282,28
ISTGNN_PeMS03_speed,205,0.1313,0.1221;0.1321,0.1285,0.1282,29
ISTGNN_PeMS03_speed,206,0.1331,0.1239;0.1316,0.1296,0.1282,30
ISTGNN_PeMS03_speed,207,0.1312,0.1224;0.1318,0.1285,0.1282,31
ISTGNN_PeMS03_speed,208,0.1319,0.1225;0.1323,0.1289,0.1282,32
ISTGNN_PeMS03_speed,209,0.1311,0.1224;0.1316,0.1284,0.1282,33
ISTGNN_PeMS03_speed,210,0.1309,0.1232;0.1322,0.1288,0.1282,34
ISTGNN_PeMS03_speed,211,0.1318,0.1233;0.1328,0.1293,0.1282,35
ISTGNN_PeMS03_speed,212,0.1320,0.1237;0.1313,0.1290,0.1282,36
ISTGNN_PeMS03_speed,213,0.1321,0.1233;0.1328,0.1294,0.1282,37
ISTGNN_PeMS03_speed,214,0.1311,0.1242;0.1332,0.1295,0.1282,38
ISTGNN_PeMS03_speed,215,0.1309,0.1223;0.1322,0.1285,0.1282,39
ISTGNN_PeMS03_speed,216,0.1314,0.1233;0.1320,0.1289,0.1282,40
ISTGNN_PeMS03_speed,217,0.1309,0.1229;0.1319,0.1286,0.1282,41
ISTGNN_PeMS03_speed,218,0.1303,0.1237;0.1314,0.1285,0.1282,42
ISTGNN_PeMS03_speed,219,0.1304,0.1233;0.1331,0.1289,0.1282,43
ISTGNN_PeMS03_speed,220,0.1322,0.1226;0.1343,0.1297,0.1282,44
ISTGNN_PeMS03_speed,221,0.1307,0.1229;0.1336,0.1291,0.1282,45
ISTGNN_PeMS03_speed,222,0.1314,0.1229;0.1326,0.1290,0.1282,46
ISTGNN_PeMS03_speed,223,0.1325,0.1232;0.1328,0.1295,0.1282,47
ISTGNN_PeMS03_speed,224,0.1360,0.1231;0.1317,0.1303,0.1282,48
ISTGNN_PeMS03_speed,225,0.1305,0.1244;0.1327,0.1292,0.1282,49
ISTGNN_PeMS03_speed,226,0.1322,0.1229;0.1318,0.1290,0.1282,50
ISTGNN_PeMS03_occ,1,0.1446,0.1425;0.1467,0.1446,0.1446,0
ISTGNN_PeMS03_occ,2,0.1486,0.1367;0.1421,0.1425,0.1425,0
ISTGNN_PeMS03_occ,3,0.1433,0.1428;0.1514,0.1458,0.1425,1
ISTGNN_PeMS03_occ,4,0.1394,0.1378;0.1411,0.1394,0.1394,0
ISTGNN_PeMS03_occ,5,0.1413,0.1367;0.1410,0.1397,0.1394,1
ISTGNN_PeMS03_occ,6,0.1422,0.1407;0.1396,0.1408,0.1394,2
ISTGNN_PeMS03_occ,7,0.1431,0.1372;0.1411,0.1405,0.1394,3
ISTGNN_PeMS03_occ,8,0.1416,0.1362;0.1458,0.1412,0.1394,4
ISTGNN_PeMS03_occ,9,0.1391,0.1347;0.1393,0.1377,0.1377,0
ISTGNN_PeMS03_occ,10,0.1397,0.1352;0.1414,0.1388,0.1377,1
ISTGNN_PeMS03_occ,11,0.1447,0.1339;0.1394,0.1393,0.1377,2
ISTGNN_PeMS03_occ,12,0.1384,0.1349;0.1400,0.1377,0.1377,3
ISTGNN_PeMS03_occ,13,0.1389,0.1344;0.1388,0.1374,0.1374,0
ISTGNN_PeMS03_occ,14,0.1412,0.1348;0.1381,0.1380,0.1374,1
ISTGNN_PeMS03_occ,15,0.1391,0.1352;0.1459,0.1401,0.1374,2
ISTGNN_PeMS03_occ,16,0.1375,0.1397;0.1400,0.1391,0.1374,3
ISTGNN_PeMS03_occ,17,0.1418,0.1389;0.1381,0.1396,0.1374,4
ISTGNN_PeMS03_occ,18,0.1387,0.1343;0.1381,0.1370,0.1370,0
ISTGNN_PeMS03_occ,19,0.1375,0.1363;0.1411,0.1383,0.1370,1
ISTGNN_PeMS03_occ,20,0.1378,0.1327;0.1378,0.1361,0.1361,0
ISTGNN_PeMS03_occ,21,0.1371,0.1340;0.1408,0.1373,0.1361,1
ISTGNN_PeMS03_occ,22,0.1383,0.1369;0.1372,0.1374,0.1361,2
ISTGNN_PeMS03_occ,23,0.1386,0.1339;0.1390,0.1372,0.1361,3
ISTGNN_PeMS03_occ,24,0.1396,0.1324;0.1367,0.1362,0.1361,4
ISTGNN_PeMS03_occ,25,0.1365,0.1334;0.1384,0.1361,0.1361,5
ISTGNN_PeMS03_occ,26,0.1389,0.1332;0.1380,0.1367,0.1361,6
ISTGNN_PeMS03_occ,27,0.1388,0.1332;0.1385,0.1368,0.1361,7
ISTGNN_PeMS03_occ,28,0.1366,0.1337;0.1371,0.1358,0.1358,0
ISTGNN_PeMS03_occ,29,0.1376,0.1323;0.1371,0.1357,0.1357,0
ISTGNN_PeMS03_occ,30,0.1366,0.1319;0.1370,0.1352,0.1352,0
ISTGNN_PeMS03_occ,31,0.1398,0.1335;0.1405,0.1380,0.1352,1
ISTGNN_PeMS03_occ,32,0.1376,0.1328;0.1396,0.1367,0.1352,2
ISTGNN_PeMS03_occ,33,0.1367,0.1324;0.1412,0.1368,0.1352,3
ISTGNN_PeMS03_occ,34,0.1389,0.1326;0.1375,0.1363,0.1352,4
ISTGNN_PeMS03_occ,35,0.1359,0.1321;0.1375,0.1352,0.1352,5
ISTGNN_PeMS03_occ,36,0.1379,0.1334;0.1367,0.1360,0.1352,6
ISTGNN_PeMS03_occ,37,0.1396,0.1318;0.1391,0.1368,0.1352,7
ISTGNN_PeMS03_occ,38,0.1365,0.1353;0.1377,0.1365,0.1352,8
ISTGNN_PeMS03_occ,39,0.1382,0.1322;0.1414,0.1372,0.1352,9
ISTGNN_PeMS03_occ,40,0.1372,0.1317;0.1381,0.1357,0.1352,10
ISTGNN_PeMS03_occ,41,0.1367,0.1321;0.1398,0.1362,0.1352,11
ISTGNN_PeMS03_occ,42,0.1357,0.1321;0.1387,0.1355,0.1352,12
ISTGNN_PeMS03_occ,43,0.1361,0.1344;0.1364,0.1356,0.1352,13
ISTGNN_PeMS03_occ,44,0.1390,0.1337;0.1366,0.1364,0.1352,14
ISTGNN_PeMS03_occ,45,0.1357,0.1317;0.1377,0.1350,0.1350,0
ISTGNN_PeMS03_occ,46,0.1363,0.1314;0.1393,0.1357,0.1350,1
ISTGNN_PeMS03_occ,47,0.1358,0.1314;0.1394,0.1355,0.1350,2
ISTGNN_PeMS03_occ,48,0.1403,0.1322;0.1377,0.1367,0.1350,3
ISTGNN_PeMS03_occ,49,0.1370,0.1336;0.1370,0.1359,0.1350,4
ISTGNN_PeMS03_occ,50,0.1373,0.1327;0.1375,0.1358,0.1350,5
ISTGNN_PeMS03_occ,51,0.1363,0.1316;0.1363,0.1347,0.1347,0
ISTGNN_PeMS03_occ,52,0.1378,0.1318;0.1358,0.1352,0.1347,1
ISTGNN_PeMS03_occ,53,0.1361,0.1318;0.1370,0.1350,0.1347,2
ISTGNN_PeMS03_occ,54,0.1357,0.1320;0.1367,0.1348,0.1347,3
ISTGNN_PeMS03_occ,55,0.1360,0.1331;0.1389,0.1360,0.1347,4
ISTGNN_PeMS03_occ,56,0.1356,0.1321;0.1361,0.1346,0.1346,0
ISTGNN_PeMS03_occ,57,0.1366,0.1340;0.1370,0.1359,0.1346,1
ISTGNN_PeMS03_occ,58,0.1362,0.1321;0.1361,0.1348,0.1346,2
ISTGNN_PeMS03_occ,59,0.1361,0.1324;0.1361,0.1349,0.1346,3
ISTGNN_PeMS03_occ,60,0.1364,0.1312;0.1374,0.1350,0.1346,4
ISTGNN_PeMS03_occ,61,0.1372,0.1315;0.1373,0.1353,0.1346,5
ISTGNN_PeMS03_occ,62,0.1354,0.1311;0.1370,0.1345,0.1346,6
ISTGNN_PeMS03_occ,63,0.1357,0.1309;0.1365,0.1344,0.1344,0
ISTGNN_PeMS03_occ,64,0.1368,0.1312;0.1363,0.1348,0.1344,1
ISTGNN_PeMS03_occ,65,0.1385,0.1335;0.1381,0.1367,0.1344,2
ISTGNN_PeMS03_occ,66,0.1371,0.1316;0.1360,0.1349,0.1344,3
ISTGNN_PeMS03_occ,67,0.1359,0.1313;0.1397,0.1356,0.1344,4
ISTGNN_PeMS03_occ,68,0.1368,0.1325;0.1374,0.1355,0.1344,5
ISTGNN_PeMS03_occ,69,0.1356,0.1319;0.1365,0.1346,0.1344,6
ISTGNN_PeMS03_occ,70,0.1360,0.1324;0.1360,0.1348,0.1344,7
ISTGNN_PeMS03_occ,71,0.1351,0.1318;0.1360,0.1343,0.1344,8
ISTGNN_PeMS03_occ,72,0.1362,0.1316;0.1366,0.1348,0.1344,9
ISTGNN_PeMS03_occ,73,0.1355,0.1315;0.1388,0.1353,0.1344,10
ISTGNN_PeMS03_occ,74,0.1361,0.1327;0.1370,0.1352,0.1344,11
ISTGNN_PeMS03_occ,75,0.1355,0.1312;0.1384,0.1350,0.1344,12
ISTGNN_PeMS03_occ,76,0.1351,0.1315;0.1363,0.1343,0.1344,13
ISTGNN_PeMS03_occ,77,0.1360,0.1331;0.1403,0.1365,0.1344,14
ISTGNN_PeMS03_occ,78,0.1383,0.1319;0.1377,0.1359,0.1344,15
ISTGNN_PeMS03_occ,79,0.1364,0.1319;0.1372,0.1352,0.1344,16
ISTGNN_PeMS03_occ,80,0.1368,0.1311;0.1367,0.1349,0.1344,17
ISTGNN_PeMS03_occ,81,0.1357,0.1338;0.1376,0.1357,0.1344,18
ISTGNN_PeMS03_occ,82,0.1370,0.1312;0.1374,0.1352,0.1344,19
ISTGNN_PeMS03_occ,83,0.1364,0.1329;0.1360,0.1351,0.1344,20
ISTGNN_PeMS03_occ,84,0.1364,0.1316;0.1363,0.1348,0.1344,21
ISTGNN_PeMS03_occ,85,0.1356,0.1308;0.1365,0.1343,0.1344,22
ISTGNN_PeMS03_occ,86,0.1355,0.1309;0.1364,0.1342,0.1342,0
ISTGNN_PeMS03_occ,87,0.1365,0.1309;0.1355,0.1343,0.1342,1
ISTGNN_PeMS03_occ,88,0.1364,0.1316;0.1377,0.1352,0.1342,2
ISTGNN_PeMS03_occ,89,0.1353,0.1326;0.1366,0.1349,0.1342,3
ISTGNN_PeMS03_occ,90,0.1359,0.1303;0.1376,0.1346,0.1342,4
ISTGNN_PeMS03_occ,91,0.1360,0.1316;0.1364,0.1347,0.1342,5
ISTGNN_PeMS03_occ,92,0.1363,0.1308;0.1393,0.1355,0.1342,6
ISTGNN_PeMS03_occ,93,0.1352,0.1304;0.1399,0.1352,0.1342,7
ISTGNN_PeMS03_occ,94,0.1360,0.1311;0.1383,0.1351,0.1342,8
ISTGNN_PeMS03_occ,95,0.1367,0.1312;0.1372,0.1350,0.1342,9
ISTGNN_PeMS03_occ,96,0.1356,0.1323;0.1360,0.1346,0.1342,10
ISTGNN_PeMS03_occ,97,0.1349,0.1307;0.1360,0.1339,0.1339,0
ISTGNN_PeMS03_occ,98,0.1350,0.1332;0.1364,0.1349,0.1339,1
ISTGNN_PeMS03_occ,99,0.1365,0.1314;0.1365,0.1348,0.1339,2
ISTGNN_PeMS03_occ,100,0.1355,0.1335;0.1353,0.1348,0.1339,3
ISTGNN_PeMS03_occ,101,0.1353,0.1308;0.1363,0.1341,0.1339,4
ISTGNN_PeMS03_occ,102,0.1372,0.1318;0.1373,0.1354,0.1339,5
ISTGNN_PeMS03_occ,103,0.1358,0.1314;0.1373,0.1348,0.1339,6
ISTGNN_PeMS03_occ,104,0.1362,0.1328;0.1361,0.1350,0.1339,7
ISTGNN_PeMS03_occ,105,0.1362,0.1311;0.1398,0.1357,0.1339,8
ISTGNN_PeMS03_occ,106,0.1371,0.1311;0.1385,0.1356,0.1339,9
ISTGNN_PeMS03_occ,107,0.1374,0.1310;0.1370,0.1351,0.1339,10
ISTGNN_PeMS03_occ,108,0.1368,0.1322;0.1363,0.1351,0.1339,11
ISTGNN_PeMS03_occ,109,0.1362,0.1311;0.1364,0.1346,0.1339,12
ISTGNN_PeMS03_occ,110,0.1359,0.1317;0.1357,0.1344,0.1339,13
ISTGNN_PeMS03_occ,111,0.1364,0.1307;0.1360,0.1344,0.1339,14
ISTGNN_PeMS03_occ,112,0.1361,0.1306;0.1379,0.1348,0.1339,15
ISTGNN_PeMS03_occ,113,0.1369,0.1314;0.1377,0.1353,0.1339,16
ISTGNN_PeMS03_occ,114,0.1369,0.1309;0.1403,0.1360,0.1339,17
ISTGNN_PeMS03_occ,115,0.1366,0.1325;0.1373,0.1355,0.1339,18
ISTGNN_PeMS03_occ,116,0.1356,0.1323;0.1373,0.1351,0.1339,19
ISTGNN_PeMS03_occ,117,0.1363,0.1313;0.1371,0.1349,0.1339,20
ISTGNN_PeMS03_occ,118,0.1372,0.1321;0.1365,0.1353,0.1339,21
ISTGNN_PeMS03_occ,119,0.1354,0.1339;0.1372,0.1355,0.1339,22
ISTGNN_PeMS03_occ,120,0.1354,0.1314;0.1370,0.1346,0.1339,23
ISTGNN_PeMS03_occ,121,0.1360,0.1333;0.1375,0.1356,0.1339,24
ISTGNN_PeMS03_occ,122,0.1359,0.1314;0.1369,0.1347,0.1339,25
ISTGNN_PeMS03_occ,123,0.1356,0.1322;0.1356,0.1345,0.1339,26
ISTGNN_PeMS03_occ,124,0.1351,0.1309;0.1373,0.1344,0.1339,27
ISTGNN_PeMS03_occ,125,0.1355,0.1309;0.1361,0.1342,0.1339,28
ISTGNN_PeMS03_occ,126,0.1352,0.1317;0.1356,0.1342,0.1339,29
ISTGNN_PeMS03_occ,127,0.1351,0.1351;0.1385,0.1363,0.1339,30
ISTGNN_PeMS03_occ,128,0.1364,0.1315;0.1371,0.1350,0.1339,31
ISTGNN_PeMS03_occ,129,0.1374,0.1314;0.1367,0.1352,0.1339,32
ISTGNN_PeMS03_occ,130,0.1349,0.1322;0.1365,0.1346,0.1339,33
ISTGNN_PeMS03_occ,131,0.1368,0.1310;0.1360,0.1346,0.1339,34
ISTGNN_PeMS03_occ,132,0.1359,0.1316;0.1362,0.1346,0.1339,35
ISTGNN_PeMS03_occ,133,0.1382,0.1307;0.1365,0.1351,0.1339,36
ISTGNN_PeMS03_occ,134,0.1348,0.1309;0.1359,0.1339,0.1339,37
ISTGNN_PeMS03_occ,135,0.1352,0.1308;0.1353,0.1338,0.1338,0
ISTGNN_PeMS03_occ,136,0.1372,0.1315;0.1355,0.1347,0.1338,1
ISTGNN_PeMS03_occ,137,0.1358,0.1313;0.1363,0.1345,0.1338,2
ISTGNN_PeMS03_occ,138,0.1359,0.1306;0.1375,0.1347,0.1338,3
ISTGNN_PeMS03_occ,139,0.1350,0.1310;0.1370,0.1343,0.1338,4
ISTGNN_PeMS03_occ,140,0.1352,0.1308;0.1371,0.1344,0.1338,5
ISTGNN_PeMS03_occ,141,0.1354,0.1310;0.1370,0.1345,0.1338,6
ISTGNN_PeMS03_occ,142,0.1356,0.1309;0.1358,0.1341,0.1338,7
ISTGNN_PeMS03_occ,143,0.1359,0.1305;0.1367,0.1344,0.1338,8
ISTGNN_PeMS03_occ,144,0.1354,0.1320;0.1372,0.1349,0.1338,9
ISTGNN_PeMS03_occ,145,0.1368,0.1311;0.1378,0.1352,0.1338,10
ISTGNN_PeMS03_occ,146,0.1353,0.1306;0.1366,0.1342,0.1338,11
ISTGNN_PeMS03_occ,147,0.1369,0.1318;0.1371,0.1353,0.1338,12
ISTGNN_PeMS03_occ,148,0.1365,0.1310;0.1379,0.1351,0.1338,13
ISTGNN_PeMS03_occ,149,0.1358,0.1318;0.1360,0.1345,0.1338,14
ISTGNN_PeMS03_occ,150,0.1348,0.1315;0.1360,0.1341,0.1338,15
ISTGNN_PeMS03_occ,151,0.1361,0.1315;0.1371,0.1349,0.1338,16
ISTGNN_PeMS03_occ,152,0.1349,0.1315;0.1354,0.1339,0.1338,17
ISTGNN_PeMS03_occ,153,0.1367,0.1317;0.1374,0.1353,0.1338,18
ISTGNN_PeMS03_occ,154,0.1356,0.1308;0.1372,0.1346,0.1338,19
ISTGNN_PeMS03_occ,155,0.1360,0.1321;0.1366,0.1349,0.1338,20
ISTGNN_PeMS03_occ,156,0.1354,0.1320;0.1359,0.1345,0.1338,21
ISTGNN_PeMS03_occ,157,0.1381,0.1341;0.1372,0.1365,0.1338,22
ISTGNN_PeMS03_occ,158,0.1347,0.1313;0.1369,0.1343,0.1338,23
ISTGNN_PeMS03_occ,159,0.1373,0.1306;0.1383,0.1354,0.1338,24
ISTGNN_PeMS03_occ,160,0.1355,0.1307;0.1371,0.1344,0.1338,25
ISTGNN_PeMS03_occ,161,0.1353,0.1314;0.1360,0.1342,0.1338,26
ISTGNN_PeMS03_occ,162,0.1351,0.1314;0.1364,0.1343,0.1338,27
ISTGNN_PeMS03_occ,163,0.1371,0.1311;0.1375,0.1352,0.1338,28
ISTGNN_PeMS03_occ,164,0.1348,0.1312;0.1361,0.1340,0.1338,29
ISTGNN_PeMS03_occ,165,0.1353,0.1309;0.1370,0.1344,0.1338,30
ISTGNN_PeMS03_occ,166,0.1366,0.1311;0.1366,0.1348,0.1338,31
ISTGNN_PeMS03_occ,167,0.1361,0.1312;0.1374,0.1349,0.1338,32
ISTGNN_PeMS03_occ,168,0.1356,0.1307;0.1378,0.1347,0.1338,33
ISTGNN_PeMS03_occ,169,0.1377,0.1324;0.1363,0.1355,0.1338,34
ISTGNN_PeMS03_occ,170,0.1349,0.1321;0.1383,0.1351,0.1338,35
ISTGNN_PeMS03_occ,171,0.1350,0.1306;0.1355,0.1337,0.1337,0
ISTGNN_PeMS03_occ,172,0.1357,0.1312;0.1359,0.1342,0.1337,1
ISTGNN_PeMS03_occ,173,0.1352,0.1317;0.1357,0.1342,0.1337,2
ISTGNN_PeMS03_occ,174,0.1350,0.1309;0.1370,0.1343,0.1337,3
ISTGNN_PeMS03_occ,175,0.1354,0.1335;0.1351,0.1347,0.1337,4
ISTGNN_PeMS03_occ,176,0.1350,0.1316;0.1373,0.1346,0.1337,5
ISTGNN_PeMS03_occ,177,0.1350,0.1309;0.1359,0.1339,0.1337,6
ISTGNN_PeMS03_occ,178,0.1345,0.1307;0.1360,0.1337,0.1337,7
ISTGNN_PeMS03_occ,179,0.1355,0.1304;0.1357,0.1338,0.1337,8
ISTGNN_PeMS03_occ,180,0.1350,0.1311;0.1368,0.1343,0.1337,9
ISTGNN_PeMS03_occ,181,0.1362,0.1310;0.1355,0.1342,0.1337,10
ISTGNN_PeMS03_occ,182,0.1359,0.1314;0.1358,0.1344,0.1337,11
ISTGNN_PeMS03_occ,183,0.1353,0.1334;0.1370,0.1352,0.1337,12
ISTGNN_PeMS03_occ,184,0.1349,0.1315;0.1361,0.1341,0.1337,13
ISTGNN_PeMS03_occ,185,0.1358,0.1306;0.1366,0.1343,0.1337,14
ISTGNN_PeMS03_occ,186,0.1359,0.1317;0.1366,0.1347,0.1337,15
ISTGNN_PeMS03_occ,187,0.1350,0.1313;0.1364,0.1342,0.1337,16
ISTGNN_PeMS03_occ,188,0.1358,0.1322;0.1358,0.1346,0.1337,17
ISTGNN_PeMS03_occ,189,0.1352,0.1313;0.1364,0.1343,0.1337,18
ISTGNN_PeMS03_occ,190,0.1381,0.1306;0.1379,0.1355,0.1337,19
ISTGNN_PeMS03_occ,191,0.1370,0.1308;0.1369,0.1349,0.1337,20
ISTGNN_PeMS03_occ,192,0.1351,0.1315;0.1360,0.1342,0.1337,21
ISTGNN_PeMS03_occ,193,0.1358,0.1314;0.1369,0.1347,0.1337,22
ISTGNN_PeMS03_occ,194,0.1350,0.1307;0.1361,0.1339,0.1337,23
ISTGNN_PeMS03_occ,195,0.1398,0.1318;0.1372,0.1363,0.1337,24
ISTGNN_PeMS03_occ,196,0.1345,0.1305;0.1387,0.1346,0.1337,25
ISTGNN_PeMS03_occ,197,0.1366,0.1305;0.1353,0.1341,0.1337,26
ISTGNN_PeMS03_occ,198,0.1354,0.1313;0.1401,0.1356,0.1337,27
ISTGNN_PeMS03_occ,199,0.1351,0.1313;0.1365,0.1343,0.1337,28
ISTGNN_PeMS03_occ,200,0.1357,0.1307;0.1364,0.1343,0.1337,29
ISTGNN_PeMS03_occ,201,0.1354,0.1313;0.1365,0.1344,0.1337,30
ISTGNN_PeMS03_occ,202,0.1354,0.1311;0.1361,0.1342,0.1337,31
ISTGNN_PeMS03_occ,203,0.1357,0.1315;0.1353,0.1342,0.1337,32
ISTGNN_PeMS03_occ,204,0.1352,0.1312;0.1378,0.1347,0.1337,33
ISTGNN_PeMS03_occ,205,0.1355,0.1307;0.1360,0.1340,0.1337,34
ISTGNN_PeMS03_occ,206,0.1355,0.1315;0.1373,0.1347,0.1337,35
ISTGNN_PeMS03_occ,207,0.1363,0.1308;0.1376,0.1349,0.1337,36
ISTGNN_PeMS03_occ,208,0.1350,0.1305;0.1369,0.1341,0.1337,37
ISTGNN_PeMS03_occ,209,0.1354,0.1314;0.1360,0.1343,0.1337,38
ISTGNN_PeMS03_occ,210,0.1352,0.1312;0.1368,0.1344,0.1337,39
ISTGNN_PeMS03_occ,211,0.1367,0.1309;0.1369,0.1348,0.1337,40
ISTGNN_PeMS03_occ,212,0.1364,0.1313;0.1360,0.1346,0.1337,41
ISTGNN_PeMS03_occ,213,0.1356,0.1308;0.1355,0.1339,0.1337,42
ISTGNN_PeMS03_occ,214,0.1358,0.1304;0.1371,0.1344,0.1337,43
ISTGNN_PeMS03_occ,215,0.1389,0.1317;0.1369,0.1359,0.1337,44
ISTGNN_PeMS03_occ,216,0.1367,0.1309;0.1385,0.1353,0.1337,45
ISTGNN_PeMS03_occ,217,0.1366,0.1317;0.1368,0.1350,0.1337,46
ISTGNN_PeMS03_occ,218,0.1361,0.1327;0.1362,0.1350,0.1337,47
ISTGNN_PeMS03_occ,219,0.1369,0.1302;0.1357,0.1343,0.1337,48
ISTGNN_PeMS03_occ,220,0.1355,0.1307;0.1367,0.1343,0.1337,49
ISTGNN_PeMS03_occ,221,0.1353,0.1307;0.1366,0.1342,0.1337,50
ISTGNN_PeMS04_flow,1,0.1450,0.1228;0.1381,0.1353,0.1353,0
ISTGNN_PeMS04_flow,2,0.1445,0.1207;0.1372,0.1341,0.1341,0
ISTGNN_PeMS04_flow,3,0.1435,0.1226;0.1392,0.1351,0.1341,1
ISTGNN_PeMS04_flow,4,0.1426,0.1193;0.1367,0.1328,0.1328,0
ISTGNN_PeMS04_flow,5,0.1420,0.1191;0.1360,0.1324,0.1324,0
ISTGNN_PeMS04_flow,6,0.1422,0.1256;0.1363,0.1347,0.1324,1
ISTGNN_PeMS04_flow,7,0.1417,0.1183;0.1352,0.1317,0.1317,0
ISTGNN_PeMS04_flow,8,0.1433,0.1209;0.1350,0.1330,0.1317,1
ISTGNN_PeMS04_flow,9,0.1419,0.1181;0.1344,0.1315,0.1315,0
ISTGNN_PeMS04_flow,10,0.1435,0.1177;0.1351,0.1321,0.1315,1
ISTGNN_PeMS04_flow,11,0.1421,0.1181;0.1347,0.1316,0.1315,2
ISTGNN_PeMS04_flow,12,0.1408,0.1179;0.1342,0.1310,0.1310,0
ISTGNN_PeMS04_flow,13,0.1416,0.1178;0.1360,0.1318,0.1310,1
ISTGNN_PeMS04_flow,14,0.1411,0.1187;0.1340,0.1313,0.1310,2
ISTGNN_PeMS04_flow,15,0.1415,0.1233;0.1349,0.1333,0.1310,3
ISTGNN_PeMS04_flow,16,0.1416,0.1201;0.1351,0.1323,0.1310,4
ISTGNN_PeMS04_flow,17,0.1415,0.1186;0.1359,0.1320,0.1310,5
ISTGNN_PeMS04_flow,18,0.1433,0.1173;0.1342,0.1316,0.1310,6
ISTGNN_PeMS04_flow,19,0.1410,0.1188;0.1353,0.1317,0.1310,7
ISTGNN_PeMS04_flow,20,0.1404,0.1174;0.1335,0.1304,0.1304,0
ISTGNN_PeMS04_flow,21,0.1405,0.1183;0.1337,0.1308,0.1304,1
ISTGNN_PeMS04_flow,22,0.1409,0.1178;0.1339,0.1309,0.1304,2
ISTGNN_PeMS04_flow,23,0.1412,0.1178;0.1341,0.1310,0.1304,3
ISTGNN_PeMS04_flow,24,0.1402,0.1171;0.1342,0.1305,0.1304,4
ISTGNN_PeMS04_flow,25,0.1412,0.1175;0.1349,0.1312,0.1304,5
ISTGNN_PeMS04_flow,26,0.1402,0.1175;0.1334,0.1303,0.1304,6
ISTGNN_PeMS04_flow,27,0.1412,0.1169;0.1330,0.1304,0.1304,7
ISTGNN_PeMS04_flow,28,0.1423,0.1179;0.1355,0.1319,0.1304,8
ISTGNN_PeMS04_flow,29,0.1399,0.1195;0.1343,0.1312,0.1304,9
ISTGNN_PeMS04_flow,30,0.1396,0.1198;0.1350,0.1315,0.1304,10
ISTGNN_PeMS04_flow,31,0.1403,0.1168;0.1329,0.1300,0.1300,0
ISTGNN_PeMS04_flow,32,0.1400,0.1171;0.1329,0.1300,0.1300,1
ISTGNN_PeMS04_flow,33,0.1398,0.1171;0.1328,0.1299,0.1300,2
ISTGNN_PeMS04_flow,34,0.1402,0.1194;0.1338,0.1311,0.1300,3
ISTGNN_PeMS04_flow,35,0.1399,0.1166;0.1338,0.1301,0.1300,4
ISTGNN_PeMS04_flow,36,0.1409,0.1164;0.1334,0.1302,0.1300,5
ISTGNN_PeMS04_flow,37,0.1394,0.1181;0.1353,0.1310,0.1300,6
ISTGNN_PeMS04_flow,38,0.1399,0.1177;0.1334,0.1303,0.1300,7
ISTGNN_PeMS04_flow,39,0.1397,0.1166;0.1347,0.1303,0.1300,8
ISTGNN_PeMS04_flow,40,0.1435,0.1177;0.1326,0.1313,0.1300,9
ISTGNN_PeMS04_flow,41,0.1404,0.1162;0.1329,0.1299,0.1299,0
ISTGNN_PeMS04_flow,42,0.1416,0.1163;0.1321,0.1300,0.1299,1
ISTGNN_PeMS04_flow,43,0.1394,0.1169;0.1328,0.1297,0.1297,0
ISTGNN_PeMS04_flow,44,0.1393,0.1163;0.1323,0.1293,0.1293,0
ISTGNN_PeMS04_flow,45,0.1396,0.1169;0.1324,0.1296,0.1293,1
ISTGNN_PeMS04_flow,46,0.1414,0.1175;0.1326,0.1305,0.1293,2
ISTGNN_PeMS04_flow,47,0.1399,0.1162;0.1331,0.1297,0.1293,3
ISTGNN_PeMS04_flow,48,0.1390,0.1175;0.1357,0.1307,0.1293,4
ISTGNN_PeMS04_flow,49,0.1392,0.1163;0.1340,0.1298,0.1293,5
ISTGNN_PeMS04_flow,50,0.1394,0.1160;0.1333,0.1295,0.1293,6
ISTGNN_PeMS04_flow,51,0.1392,0.1161;0.1322,0.1292,0.1292,0
ISTGNN_PeMS04_flow,52,0.1424,0.1177;0.1324,0.1308,0.1292,1
ISTGNN_PeMS04_flow,53,0.1411,0.1178;0.1321,0.1303,0.1292,2
ISTGNN_PeMS04_flow,54,0.1399,0.1166;0.1319,0.1295,0.1292,3
ISTGNN_PeMS04_flow,55,0.1390,0.1160;0.1325,0.1292,0.1292,4
ISTGNN_PeMS04_flow,56,0.1400,0.1157;0.1340,0.1299,0.1292,5
ISTGNN_PeMS04_flow,57,0.1398,0.1161;0.1326,0.1295,0.1292,6
ISTGNN_PeMS04_flow,58,0.1401,0.1166;0.1325,0.1297,0.1292,7
ISTGNN_PeMS04_flow,59,0.1396,0.1159;0.1318,0.1291,0.1292,8
ISTGNN_PeMS04_flow,60,0.1397,0.1162;0.1326,0.1295,0.1292,9
ISTGNN_PeMS04_flow,61,0.1398,0.1165;0.1320,0.1294,0.1292,10
ISTGNN_PeMS04_flow,62,0.1408,0.1166;0.1316,0.1296,0.1292,11
ISTGNN_PeMS04_flow,63,0.1391,0.1157;0.1333,0.1294,0.1292,12
ISTGNN_PeMS04_flow,64,0.1400,0.1160;0.1323,0.1294,0.1292,13
ISTGNN_PeMS04_flow,65,0.1394,0.1158;0.1337,0.1296,0.1292,14
ISTGNN_PeMS04_flow,66,0.1388,0.1159;0.1317,0.1288,0.1288,0
ISTGNN_PeMS04_flow,67,0.1385,0.1172;0.1317,0.1291,0.1288,1
ISTGNN_PeMS04_flow,68,0.1386,0.1156;0.1327,0.1290,0.1288,2
ISTGNN_PeMS04_flow,69,0.1394,0.1156;0.1331,0.1294,0.1288,3
ISTGNN_PeMS04_flow,70,0.1390,0.1169;0.1356,0.1305,0.1288,4
ISTGNN_PeMS04_flow,71,0.1389,0.1174;0.1319,0.1294,0.1288,5
ISTGNN_PeMS04_flow,72,0.1423,0.1157;0.1327,0.1302,0.1288,6
ISTGNN_PeMS04_flow,73,0.1390,0.1177;0.1315,0.1294,0.1288,7
ISTGNN_PeMS04_flow,74,0.1388,0.1157;0.1316,0.1287,0.1288,8
ISTGNN_PeMS04_flow,75,0.1391,0.1158;0.1349,0.1299,0.1288,9
ISTGNN_PeMS04_flow,76,0.1387,0.1158;0.1328,0.1291,0.1288,10
ISTGNN_PeMS04_flow,77,0.1386,0.1174;0.1327,0.1295,0.1288,11
ISTGNN_PeMS04_flow,78,0.1386,0.1154;0.1319,0.1286,0.1286,0
ISTGNN_PeMS04_flow,79,0.1391,0.1157;0.1313,0.1287,0.1286,1
ISTGNN_PeMS04_flow,80,0.1389,0.1168;0.1323,0.1293,0.1286,2
ISTGNN_PeMS04_flow,81,0.1403,0.1155;0.1318,0.1292,0.1286,3
ISTGNN_PeMS04_flow,82,0.1408,0.1155;0.1316,0.1293,0.1286,4
ISTGNN_PeMS04_flow,83,0.1405,0.1153;0.1316,0.1291,0.1286,5
ISTGNN_PeMS04_flow,84,0.1383,0.1159;0.1315,0.1286,0.1286,6
ISTGNN_PeMS04_flow,85,0.1416,0.1177;0.1314,0.1303,0.1286,7
ISTGNN_PeMS04_flow,86,0.1384,0.1170;0.1316,0.1290,0.1286,8
ISTGNN_PeMS04_flow,87,0.1387,0.1157;0.1316,0.1287,0.1286,9
ISTGNN_PeMS04_flow,88,0.1381,0.1183;0.1315,0.1293,0.1286,10
ISTGNN_PeMS04_flow,89,0.1383,0.1155;0.1338,0.1292,0.1286,11
ISTGNN_PeMS04_flow,90,0.1383,0.1166;0.1315,0.1288,0.1286,12
ISTGNN_PeMS04_flow,91,0.1397,0.1154;0.1325,0.1292,0.1286,13
ISTGNN_PeMS04_flow,92,0.1387,0.1154;0.1318,0.1286,0.1286,14
ISTGNN_PeMS04_flow,93,0.1382,0.1153;0.1315,0.1283,0.1283,0
ISTGNN_PeMS04_flow,94,0.1398,0.1156;0.1317,0.1290,0.1283,1
ISTGNN_PeMS04_flow,95,0.1388,0.1158;0.1312,0.1286,0.1283,2
ISTGNN_PeMS04_flow,96,0.1387,0.1151;0.1317,0.1285,0.1283,3
ISTGNN_PeMS04_flow,97,0.1384,0.1157;0.1312,0.1284,0.1283,4
ISTGNN_PeMS04_flow,98,0.1386,0.1153;0.1326,0.1288,0.1283,5
ISTGNN_PeMS04_flow,99,0.1388,0.1157;0.1311,0.1286,0.1283,6
ISTGNN_PeMS04_flow,100,0.1384,0.1155;0.1307,0.1282,0.1282,0
ISTGNN_PeMS04_flow,101,0.1409,0.1170;0.1323,0.1301,0.1282,1
ISTGNN_PeMS04_flow,102,0.1386,0.1153;0.1311,0.1283,0.1282,2
ISTGNN_PeMS04_flow,103,0.1390,0.1153;0.1317,0.1287,0.1282,3
ISTGNN_PeMS04_flow,104,0.1382,0.1152;0.1314,0.1283,0.1282,4
ISTGNN_PeMS04_flow,105,0.1385,0.1168;0.1313,0.1289,0.1282,5
ISTGNN_PeMS04_flow,106,0.1381,0.1156;0.1312,0.1283,0.1282,6
ISTGNN_PeMS04_flow,107,0.1385,0.1149;0.1312,0.1282,0.1282,7
ISTGNN_PeMS04_flow,108,0.1388,0.1150;0.1308,0.1282,0.1282,8
ISTGNN_PeMS04_flow,109,0.1382,0.1161;0.1327,0.1290,0.1282,9
ISTGNN_PeMS04_flow,110,0.1382,0.1152;0.1308,0.1281,0.1281,0
ISTGNN_PeMS04_flow,111,0.1385,0.1156;0.1321,0.1287,0.1281,1
ISTGNN_PeMS04_flow,112,0.1378,0.1151;0.1308,0.1279,0.1279,0
ISTGNN_PeMS04_flow,113,0.1382,0.1150;0.1307,0.1280,0.1279,1
ISTGNN_PeMS04_flow,114,0.1377,0.1149;0.1320,0.1282,0.1279,2
ISTGNN_PeMS04_flow,115,0.1378,0.1150;0.1317,0.1282,0.1279,3
ISTGNN_PeMS04_flow,116,0.1384,0.1152;0.1314,0.1283,0.1279,4
ISTGNN_PeMS04_flow,117,0.1389,0.1153;0.1308,0.1283,0.1279,5
ISTGNN_PeMS04_flow,118,0.1382,0.1167;0.1322,0.1290,0.1279,6
ISTGNN_PeMS04_flow,119,0.1384,0.1172;0.1312,0.1290,0.1279,7
ISTGNN_PeMS04_flow,120,0.1376,0.1154;0.1313,0.1281,0.1279,8
ISTGNN_PeMS04_flow,121,0.1400,0.1150;0.1319,0.1290,0.1279,9
ISTGNN_PeMS04_flow,122,0.1376,0.1154;0.1316,0.1282,0.1279,10
ISTGNN_PeMS04_flow,123,0.1378,0.1150;0.1307,0.1278,0.1279,11
ISTGNN_PeMS04_flow,124,0.1399,0.1151;0.1327,0.1293,0.1279,12
ISTGNN_PeMS04_flow,125,0.1383,0.1149;0.1313,0.1281,0.1279,13
ISTGNN_PeMS04_flow,126,0.1380,0.1160;0.1308,0.1283,0.1279,14
ISTGNN_PeMS04_flow,127,0.1379,0.1150;0.1307,0.1279,0.1279,15
ISTGNN_PeMS04_flow,128,0.1387,0.1152;0.1307,0.1282,0.1279,16
ISTGNN_PeMS04_flow,129,0.1393,0.1146;0.1320,0.1286,0.1279,17
ISTGNN_PeMS04_flow,130,0.1379,0.1151;0.1319,0.1283,0.1279,18
ISTGNN_PeMS04_flow,131,0.1392,0.1153;0.1306,0.1284,0.1279,19
ISTGNN_PeMS04_flow,132,0.1378,0.1151;0.1316,0.1282,0.1279,20
ISTGNN_PeMS04_flow,133,0.1380,0.1153;0.1318,0.1284,0.1279,21
ISTGNN_PeMS04_flow,134,0.1388,0.1153;0.1307,0.1282,0.1279,22
ISTGNN_PeMS04_flow,135,0.1388,0.1158;0.1306,0.1284,0.1279,23
ISTGNN_PeMS04_flow,136,0.1383,0.1156;0.1324,0.1287,0.1279,24
ISTGNN_PeMS04_flow,137,0.1389,0.1146;0.1308,0.1281,0.1279,25
ISTGNN_PeMS04_flow,138,0.1376,0.1160;0.1310,0.1282,0.1279,26
ISTGNN_PeMS04_flow,139,0.1378,0.1149;0.1314,0.1280,0.1279,27
ISTGNN_PeMS04_flow,140,0.1379,0.1148;0.1312,0.1280,0.1279,28
ISTGNN_PeMS04_flow,141,0.1375,0.1145;0.1310,0.1277,0.1277,0
ISTGNN_PeMS04_flow,142,0.1376,0.1144;0.1308,0.1276,0.1277,1
ISTGNN_PeMS04_flow,143,0.1376,0.1151;0.1309,0.1279,0.1277,2
ISTGNN_PeMS04_flow,144,0.1398,0.1157;0.1308,0.1287,0.1277,3
ISTGNN_PeMS04_flow,145,0.1377,0.1150;0.1317,0.1281,0.1277,4
ISTGNN_PeMS04_flow,146,0.1385,0.1144;0.1306,0.1278,0.1277,5
ISTGNN_PeMS04_flow,147,0.1375,0.1156;0.1310,0.1280,0.1277,6
ISTGNN_PeMS04_flow,148,0.1375,0.1157;0.1314,0.1282,0.1277,7
ISTGNN_PeMS04_flow,149,0.1378,0.1145;0.1301,0.1275,0.1275,0
ISTGNN_PeMS04_flow,150,0.1371,0.1154;0.1309,0.1278,0.1275,1
ISTGNN_PeMS04_flow,151,0.1375,0.1161;0.1307,0.1281,0.1275,2
ISTGNN_PeMS04_flow,152,0.1387,0.1150;0.1306,0.1281,0.1275,3
ISTGNN_PeMS04_flow,153,0.1382,0.1146;0.1321,0.1283,0.1275,4
ISTGNN_PeMS04_flow,154,0.1381,0.1142;0.1310,0.1278,0.1275,5
ISTGNN_PeMS04_flow,155,0.1373,0.1152;0.1306,0.1277,0.1275,6
ISTGNN_PeMS04_flow,156,0.1373,0.1145;0.1329,0.1282,0.1275,7
ISTGNN_PeMS04_flow,157,0.1374,0.1179;0.1316,0.1289,0.1275,8
ISTGNN_PeMS04_flow,158,0.1381,0.1149;0.1322,0.1284,0.1275,9
ISTGNN_PeMS04_flow,159,0.1409,0.1145;0.1304,0.1286,0.1275,10
ISTGNN_PeMS04_flow,160,0.1380,0.1152;0.1305,0.1279,0.1275,11
ISTGNN_PeMS04_flow,161,0.1372,0.1159;0.1321,0.1284,0.1275,12
ISTGNN_PeMS04_flow,162,0.1378,0.1142;0.1323,0.1281,0.1275,13
ISTGNN_PeMS04_flow,163,0.1371,0.1147;0.1299,0.1272,0.1272,0
ISTGNN_PeMS04_flow,164,0.1370,0.1159;0.1301,0.1277,0.1272,1
ISTGNN_PeMS04_flow,165,0.1384,0.1142;0.1308,0.1278,0.1272,2
ISTGNN_PeMS04_flow,166,0.1372,0.1159;0.1313,0.1281,0.1272,3
ISTGNN_PeMS04_flow,167,0.1372,0.1144;0.1323,0.1280,0.1272,4
ISTGNN_PeMS04_flow,168,0.1373,0.1142;0.1311,0.1275,0.1272,5
ISTGNN_PeMS04_flow,169,0.1378,0.1150;0.1303,0.1277,0.1272,6
ISTGNN_PeMS04_flow,170,0.1370,0.1144;0.1302,0.1272,0.1272,7
ISTGNN_PeMS04_flow,171,0.1371,0.1145;0.1308,0.1275,0.1272,8
ISTGNN_PeMS04_flow,172,0.1373,0.1145;0.1301,0.1273,0.1272,9
ISTGNN_PeMS04_flow,173,0.1371,0.1172;0.1299,0.1281,0.1272,10
ISTGNN_PeMS04_flow,174,0.1370,0.1148;0.1300,0.1273,0.1272,11
ISTGNN_PeMS04_flow,175,0.1375,0.1145;0.1308,0.1276,0.1272,12
ISTGNN_PeMS04_flow,176,0.1387,0.1146;0.1299,0.1277,0.1272,13
ISTGNN_PeMS04_flow,177,0.1378,0.1157;0.1300,0.1278,0.1272,14
ISTGNN_PeMS04_flow,178,0.1380,0.1161;0.1299,0.1280,0.1272,15
ISTGNN_PeMS04_flow,179,0.1381,0.1146;0.1307,0.1278,0.1272,16
ISTGNN_PeMS04_flow,180,0.1380,0.1147;0.1302,0.1276,0.1272,17
ISTGNN_PeMS04_flow,181,0.1374,0.1139;0.1299,0.1271,0.1271,0
ISTGNN_PeMS04_flow,182,0.1370,0.1139;0.1306,0.1272,0.1271,1
ISTGNN_PeMS04_flow,183,0.1374,0.1144;0.1303,0.1274,0.1271,2
ISTGNN_PeMS04_flow,184,0.1375,0.1140;0.1306,0.1274,0.1271,3
ISTGNN_PeMS04_flow,185,0.1369,0.1146;0.1307,0.1274,0.1271,4
ISTGNN_PeMS04_flow,186,0.1371,0.1161;0.1313,0.1282,0.1271,5
ISTGNN_PeMS04_flow,187,0.1368,0.1147;0.1311,0.1275,0.1271,6
ISTGNN_PeMS04_flow,188,0.1373,0.1152;0.1301,0.1275,0.1271,7
ISTGNN_PeMS04_flow,189,0.1372,0.1161;0.1308,0.1281,0.1271,8
ISTGNN_PeMS04_flow,190,0.1369,0.1142;0.1317,0.1276,0.1271,9
ISTGNN_PeMS04_flow,191,0.1368,0.1142;0.1303,0.1271,0.1271,10
ISTGNN_PeMS04_flow,192,0.1370,0.1144;0.1300,0.1272,0.1271,11
ISTGNN_PeMS04_flow,193,0.1376,0.1171;0.1300,0.1282,0.1271,12
ISTGNN_PeMS04_flow,194,0.1368,0.1140;0.1311,0.1273,0.1271,13
ISTGNN_PeMS04_flow,195,0.1373,0.1161;0.1304,0.1279,0.1271,14
ISTGNN_PeMS04_flow,196,0.1372,0.1139;0.1328,0.1280,0.1271,15
ISTGNN_PeMS04_flow,197,0.1373,0.1137;0.1304,0.1271,0.1271,16
ISTGNN_PeMS04_flow,198,0.1369,0.1152;0.1299,0.1273,0.1271,17
ISTGNN_PeMS04_flow,199,0.1380,0.1140;0.1298,0.1272,0.1271,18
ISTGNN_PeMS04_flow,200,0.1367,0.1138;0.1308,0.1271,0.1271,19
ISTGNN_PeMS04_flow,201,0.1368,0.1155;0.1312,0.1279,0.1271,20
ISTGNN_PeMS04_flow,202,0.1377,0.1144;0.1311,0.1277,0.1271,21
ISTGNN_PeMS04_flow,203,0.1379,0.1152;0.1301,0.1278,0.1271,22
ISTGNN_PeMS04_flow,204,0.1372,0.1159;0.1309,0.1280,0.1271,23
ISTGNN_PeMS04_flow,205,0.1384,0.1145;0.1321,0.1283,0.1271,24
ISTGNN_PeMS04_flow,206,0.1368,0.1139;0.1300,0.1269,0.1269,0
ISTGNN_PeMS04_flow,207,0.1375,0.1141;0.1301,0.1272,0.1269,1
ISTGNN_PeMS04_flow,208,0.1374,0.1141;0.1303,0.1273,0.1269,2
ISTGNN_PeMS04_flow,209,0.1370,0.1147;0.1301,0.1273,0.1269,3
ISTGNN_PeMS04_flow,210,0.1371,0.1139;0.1303,0.1271,0.1269,4
ISTGNN_PeMS04_flow,211,0.1372,0.1143;0.1315,0.1277,0.1269,5
ISTGNN_PeMS04_flow,212,0.1374,0.1156;0.1304,0.1278,0.1269,6
ISTGNN_PeMS04_flow,213,0.1372,0.1152;0.1301,0.1275,0.1269,7
ISTGNN_PeMS04_flow,214,0.1372,0.1140;0.1301,0.1271,0.1269,8
ISTGNN_PeMS04_flow,215,0.1371,0.1138;0.1304,0.1271,0.1269,9
ISTGNN_PeMS04_flow,216,0.1369,0.1137;0.1317,0.1274,0.1269,10
ISTGNN_PeMS04_flow,217,0.1377,0.1153;0.1300,0.1276,0.1269,11
ISTGNN_PeMS04_flow,218,0.1381,0.1141;0.1303,0.1275,0.1269,12
ISTGNN_PeMS04_flow,219,0.1373,0.1145;0.1302,0.1273,0.1269,13
ISTGNN_PeMS04_flow,220,0.1368,0.1140;0.1309,0.1272,0.1269,14
ISTGNN_PeMS04_flow,221,0.1371,0.1141;0.1312,0.1275,0.1269,15
ISTGNN_PeMS04_flow,222,0.1368,0.1149;0.1300,0.1272,0.1269,16
ISTGNN_PeMS04_flow,223,0.1380,0.1138;0.1302,0.1273,0.1269,17
ISTGNN_PeMS04_flow,224,0.1368,0.1140;0.1297,0.1268,0.1269,18
ISTGNN_PeMS04_flow,225,0.1368,0.1141;0.1310,0.1273,0.1269,19
ISTGNN_PeMS04_flow,226,0.1370,0.1155;0.1300,0.1275,0.1269,20
ISTGNN_PeMS04_flow,227,0.1382,0.1154;0.1302,0.1279,0.1269,21
ISTGNN_PeMS04_flow,228,0.1368,0.1146;0.1306,0.1273,0.1269,22
ISTGNN_PeMS04_flow,229,0.1366,0.1143;0.1303,0.1271,0.1269,23
ISTGNN_PeMS04_flow,230,0.1370,0.1148;0.1299,0.1272,0.1269,24
ISTGNN_PeMS04_flow,231,0.1366,0.1136;0.1296,0.1266,0.1266,0
ISTGNN_PeMS04_flow,232,0.1376,0.1145;0.1299,0.1274,0.1266,1
ISTGNN_PeMS04_flow,233,0.1371,0.1143;0.1300,0.1271,0.1266,2
ISTGNN_PeMS04_flow,234,0.1370,0.1139;0.1297,0.1269,0.1266,3
ISTGNN_PeMS04_flow,235,0.1367,0.1134;0.1298,0.1267,0.1266,4
ISTGNN_PeMS04_flow,236,0.1364,0.1137;0.1298,0.1266,0.1266,5
ISTGNN_PeMS04_flow,237,0.1369,0.1142;0.1306,0.1272,0.1266,6
ISTGNN_PeMS04_flow,238,0.1374,0.1140;0.1315,0.1276,0.1266,7
ISTGNN_PeMS04_flow,239,0.1365,0.1140;0.1315,0.1273,0.1266,8
ISTGNN_PeMS04_flow,240,0.1385,0.1142;0.1314,0.1280,0.1266,9
ISTGNN_PeMS04_flow,241,0.1372,0.1138;0.1305,0.1272,0.1266,10
ISTGNN_PeMS04_flow,242,0.1362,0.1140;0.1299,0.1267,0.1266,11
ISTGNN_PeMS04_flow,243,0.1366,0.1136;0.1296,0.1266,0.1266,12
ISTGNN_PeMS04_flow,244,0.1376,0.1140;0.1297,0.1271,0.1266,13
ISTGNN_PeMS04_flow,245,0.1366,0.1137;0.1306,0.1270,0.1266,14
ISTGNN_PeMS04_flow,246,0.1371,0.1142;0.1298,0.1270,0.1266,15
ISTGNN_PeMS04_flow,247,0.1363,0.1142;0.1311,0.1272,0.1266,16
ISTGNN_PeMS04_flow,248,0.1364,0.1138;0.1297,0.1266,0.1266,17
ISTGNN_PeMS04_flow,249,0.1367,0.1135;0.1297,0.1266,0.1266,18
ISTGNN_PeMS04_flow,250,0.1363,0.1144;0.1314,0.1274,0.1266,19
ISTGNN_PeMS04_flow,251,0.1365,0.1139;0.1300,0.1268,0.1266,20
ISTGNN_PeMS04_flow,252,0.1372,0.1142;0.1315,0.1277,0.1266,21
ISTGNN_PeMS04_flow,253,0.1366,0.1139;0.1312,0.1272,0.1266,22
ISTGNN_PeMS04_flow,254,0.1365,0.1140;0.1301,0.1269,0.1266,23
ISTGNN_PeMS04_flow,255,0.1363,0.1135;0.1296,0.1265,0.1265,0
ISTGNN_PeMS04_flow,256,0.1381,0.1141;0.1300,0.1274,0.1265,1
ISTGNN_PeMS04_flow,257,0.1379,0.1137;0.1300,0.1272,0.1265,2
ISTGNN_PeMS04_flow,258,0.1365,0.1161;0.1300,0.1275,0.1265,3
ISTGNN_PeMS04_flow,259,0.1362,0.1137;0.1303,0.1268,0.1265,4
ISTGNN_PeMS04_flow,260,0.1370,0.1137;0.1296,0.1268,0.1265,5
ISTGNN_PeMS04_flow,261,0.1363,0.1136;0.1308,0.1269,0.1265,6
ISTGNN_PeMS04_flow,262,0.1378,0.1150;0.1295,0.1275,0.1265,7
ISTGNN_PeMS04_flow,263,0.1362,0.1151;0.1305,0.1273,0.1265,8
ISTGNN_PeMS04_flow,264,0.1387,0.1139;0.1301,0.1276,0.1265,9
ISTGNN_PeMS04_flow,265,0.1363,0.1135;0.1309,0.1269,0.1265,10
ISTGNN_PeMS04_flow,266,0.1380,0.1141;0.1307,0.1276,0.1265,11
ISTGNN_PeMS04_flow,267,0.1371,0.1135;0.1296,0.1267,0.1265,12
ISTGNN_PeMS04_flow,268,0.1373,0.1134;0.1297,0.1268,0.1265,13
ISTGNN_PeMS04_flow,269,0.1366,0.1137;0.1299,0.1267,0.1265,14
ISTGNN_PeMS04_flow,270,0.1370,0.1142;0.1307,0.1273,0.1265,15
ISTGNN_PeMS04_flow,271,0.1364,0.1136;0.1297,0.1266,0.1265,16
ISTGNN_PeMS04_flow,272,0.1370,0.1132;0.1299,0.1267,0.1265,17
ISTGNN_PeMS04_flow,273,0.1369,0.1140;0.1296,0.1268,0.1265,18
ISTGNN_PeMS04_flow,274,0.1368,0.1135;0.1299,0.1268,0.1265,19
ISTGNN_PeMS04_flow,275,0.1376,0.1136;0.1304,0.1272,0.1265,20
ISTGNN_PeMS04_flow,276,0.1369,0.1132;0.1302,0.1268,0.1265,21
ISTGNN_PeMS04_flow,277,0.1371,0.1142;0.1313,0.1275,0.1265,22
ISTGNN_PeMS04_flow,278,0.1365,0.1141;0.1295,0.1267,0.1265,23
ISTGNN_PeMS04_flow,279,0.1370,0.1133;0.1307,0.1270,0.1265,24
ISTGNN_PeMS04_flow,280,0.1369,0.1151;0.1295,0.1272,0.1265,25
ISTGNN_PeMS04_flow,281,0.1368,0.1133;0.1297,0.1266,0.1265,26
ISTGNN_PeMS04_flow,282,0.1368,0.1141;0.1298,0.1269,0.1265,27
ISTGNN_PeMS04_flow,283,0.1371,0.1140;0.1296,0.1269,0.1265,28
ISTGNN_PeMS04_flow,284,0.1366,0.1144;0.1296,0.1269,0.1265,29
ISTGNN_PeMS04_flow,285,0.1376,0.1135;0.1304,0.1272,0.1265,30
ISTGNN_PeMS04_flow,286,0.1368,0.1138;0.1305,0.1270,0.1265,31
ISTGNN_PeMS04_flow,287,0.1361,0.1139;0.1297,0.1266,0.1265,32
ISTGNN_PeMS04_flow,288,0.1364,0.1137;0.1297,0.1266,0.1265,33
ISTGNN_PeMS04_flow,289,0.1364,0.1136;0.1314,0.1271,0.1265,34
ISTGNN_PeMS04_flow,290,0.1378,0.1144;0.1294,0.1272,0.1265,35
ISTGNN_PeMS04_flow,291,0.1364,0.1141;0.1294,0.1266,0.1265,36
ISTGNN_PeMS04_flow,292,0.1361,0.1135;0.1299,0.1265,0.1265,37
ISTGNN_PeMS04_flow,293,0.1370,0.1131;0.1297,0.1266,0.1265,38
ISTGNN_PeMS04_flow,294,0.1368,0.1137;0.1295,0.1267,0.1265,39
ISTGNN_PeMS04_flow,295,0.1366,0.1141;0.1300,0.1269,0.1265,40
ISTGNN_PeMS04_flow,296,0.1368,0.1150;0.1298,0.1272,0.1265,41
ISTGNN_PeMS04_flow,297,0.1375,0.1131;0.1303,0.1270,0.1265,42
ISTGNN_PeMS04_flow,298,0.1361,0.1133;0.1298,0.1264,0.1265,43
ISTGNN_PeMS04_flow,299,0.1367,0.1148;0.1296,0.1270,0.1265,44
ISTGNN_PeMS04_flow,300,0.1362,0.1147;0.1293,0.1267,0.1265,45
ISTGNN_PeMS04_flow,301,0.1362,0.1131;0.1296,0.1263,0.1263,0
ISTGNN_PeMS04_flow,302,0.1363,0.1136;0.1296,0.1265,0.1263,1
ISTGNN_PeMS04_flow,303,0.1366,0.1132;0.1302,0.1267,0.1263,2
ISTGNN_PeMS04_flow,304,0.1372,0.1132;0.1300,0.1268,0.1263,3
ISTGNN_PeMS04_flow,305,0.1369,0.1129;0.1294,0.1264,0.1263,4
ISTGNN_PeMS04_flow,306,0.1369,0.1136;0.1297,0.1267,0.1263,5
ISTGNN_PeMS04_flow,307,0.1377,0.1137;0.1297,0.1270,0.1263,6
ISTGNN_PeMS04_flow,308,0.1370,0.1132;0.1301,0.1268,0.1263,7
ISTGNN_PeMS04_flow,309,0.1364,0.1132;0.1301,0.1266,0.1263,8
ISTGNN_PeMS04_flow,310,0.1367,0.1133;0.1297,0.1266,0.1263,9
ISTGNN_PeMS04_flow,311,0.1361,0.1132;0.1296,0.1263,0.1263,10
ISTGNN_PeMS04_flow,312,0.1366,0.1135;0.1295,0.1265,0.1263,11
ISTGNN_PeMS04_flow,313,0.1372,0.1130;0.1295,0.1266,0.1263,12
ISTGNN_PeMS04_flow,314,0.1363,0.1136;0.1297,0.1266,0.1263,13
ISTGNN_PeMS04_flow,315,0.1367,0.1131;0.1298,0.1265,0.1263,14
ISTGNN_PeMS04_flow,316,0.1361,0.1152;0.1298,0.1271,0.1263,15
ISTGNN_PeMS04_flow,317,0.1360,0.1131;0.1300,0.1264,0.1263,16
ISTGNN_PeMS04_flow,318,0.1372,0.1134;0.1301,0.1269,0.1263,17
ISTGNN_PeMS04_flow,319,0.1369,0.1133;0.1295,0.1265,0.1263,18
ISTGNN_PeMS04_flow,320,0.1360,0.1145;0.1299,0.1268,0.1263,19
ISTGNN_PeMS04_flow,321,0.1363,0.1158;0.1299,0.1273,0.1263,20
ISTGNN_PeMS04_flow,322,0.1363,0.1138;0.1303,0.1268,0.1263,21
ISTGNN_PeMS04_flow,323,0.1374,0.1135;0.1306,0.1272,0.1263,22
ISTGNN_PeMS04_flow,324,0.1362,0.1138;0.1295,0.1265,0.1263,23
ISTGNN_PeMS04_flow,325,0.1363,0.1131;0.1296,0.1263,0.1263,24
ISTGNN_PeMS04_flow,326,0.1370,0.1133;0.1295,0.1266,0.1263,25
ISTGNN_PeMS04_flow,327,0.1359,0.1142;0.1298,0.1267,0.1263,26
ISTGNN_PeMS04_flow,328,0.1375,0.1134;0.1309,0.1273,0.1263,27
ISTGNN_PeMS04_flow,329,0.1368,0.1131;0.1294,0.1264,0.1263,28
ISTGNN_PeMS04_flow,330,0.1366,0.1131;0.1303,0.1267,0.1263,29
ISTGNN_PeMS04_flow,331,0.1360,0.1134;0.1295,0.1263,0.1263,30
ISTGNN_PeMS04_flow,332,0.1369,0.1132;0.1306,0.1269,0.1263,31
ISTGNN_PeMS04_flow,333,0.1374,0.1130;0.1295,0.1266,0.1263,32
ISTGNN_PeMS04_flow,334,0.1361,0.1166;0.1298,0.1275,0.1263,33
ISTGNN_PeMS04_flow,335,0.1381,0.1138;0.1295,0.1272,0.1263,34
ISTGNN_PeMS04_flow,336,0.1370,0.1133;0.1294,0.1265,0.1263,35
ISTGNN_PeMS04_flow,337,0.1379,0.1136;0.1297,0.1270,0.1263,36
ISTGNN_PeMS04_flow,338,0.1366,0.1161;0.1308,0.1278,0.1263,37
ISTGNN_PeMS04_flow,339,0.1371,0.1128;0.1303,0.1267,0.1263,38
ISTGNN_PeMS04_flow,340,0.1369,0.1133;0.1301,0.1268,0.1263,39
ISTGNN_PeMS04_flow,341,0.1363,0.1134;0.1299,0.1266,0.1263,40
ISTGNN_PeMS04_flow,342,0.1364,0.1136;0.1301,0.1267,0.1263,41
ISTGNN_PeMS04_flow,343,0.1363,0.1136;0.1295,0.1265,0.1263,42
ISTGNN_PeMS04_flow,344,0.1363,0.1129;0.1294,0.1262,0.1263,43
ISTGNN_PeMS04_flow,345,0.1370,0.1130;0.1296,0.1265,0.1263,44
ISTGNN_PeMS04_flow,346,0.1363,0.1132;0.1296,0.1264,0.1263,45
ISTGNN_PeMS04_flow,347,0.1363,0.1129;0.1304,0.1266,0.1263,46
ISTGNN_PeMS04_flow,348,0.1363,0.1130;0.1293,0.1262,0.1263,47
ISTGNN_PeMS04_flow,349,0.1365,0.1150;0.1298,0.1271,0.1263,48
ISTGNN_PeMS04_flow,350,0.1361,0.1133;0.1300,0.1265,0.1263,49
ISTGNN_PeMS04_flow,351,0.1367,0.1135;0.1291,0.1265,0.1263,50
ISTGNN_PeMS04_speed,1,0.1851,0.1545;0.1598,0.1665,0.1665,0
ISTGNN_PeMS04_speed,2,0.1857,0.1499;0.1608,0.1655,0.1655,0
ISTGNN_PeMS04_speed,3,0.1873,0.1509;0.1565,0.1649,0.1649,0
ISTGNN_PeMS04_speed,4,0.1827,0.1504;0.1566,0.1632,0.1632,0
ISTGNN_PeMS04_speed,5,0.1839,0.1525;0.1562,0.1642,0.1632,1
ISTGNN_PeMS04_speed,6,0.1908,0.1486;0.1599,0.1664,0.1632,2
ISTGNN_PeMS04_speed,7,0.1853,0.1484;0.1573,0.1637,0.1632,3
ISTGNN_PeMS04_speed,8,0.1829,0.1479;0.1573,0.1627,0.1627,0
ISTGNN_PeMS04_speed,9,0.1811,0.1489;0.1574,0.1625,0.1625,0
ISTGNN_PeMS04_speed,10,0.1824,0.1499;0.1557,0.1626,0.1625,1
ISTGNN_PeMS04_speed,11,0.1831,0.1478;0.1551,0.1620,0.1620,0
ISTGNN_PeMS04_speed,12,0.1830,0.1489;0.1558,0.1626,0.1620,1
ISTGNN_PeMS04_speed,13,0.1830,0.1479;0.1569,0.1626,0.1620,2
ISTGNN_PeMS04_speed,14,0.1841,0.1476;0.1561,0.1626,0.1620,3
ISTGNN_PeMS04_speed,15,0.1846,0.1503;0.1562,0.1637,0.1620,4
ISTGNN_PeMS04_speed,16,0.1802,0.1481;0.1583,0.1622,0.1620,5
ISTGNN_PeMS04_speed,17,0.1802,0.1466;0.1535,0.1601,0.1601,0
ISTGNN_PeMS04_speed,18,0.1833,0.1478;0.1562,0.1625,0.1601,1
ISTGNN_PeMS04_speed,19,0.1796,0.1479;0.1561,0.1612,0.1601,2
ISTGNN_PeMS04_speed,20,0.1875,0.1470;0.1542,0.1629,0.1601,3
ISTGNN_PeMS04_speed,21,0.1813,0.1461;0.1545,0.1606,0.1601,4
ISTGNN_PeMS04_speed,22,0.1791,0.1456;0.1570,0.1606,0.1601,5
ISTGNN_PeMS04_speed,23,0.1798,0.1473;0.1532,0.1601,0.1601,6
ISTGNN_PeMS04_speed,24,0.1816,0.1463;0.1531,0.1603,0.1601,7
ISTGNN_PeMS04_speed,25,0.1843,0.1462;0.1538,0.1614,0.1601,8
ISTGNN_PeMS04_speed,26,0.1785,0.1471;0.1531,0.1596,0.1596,0
ISTGNN_PeMS04_speed,27,0.1793,0.1455;0.1540,0.1596,0.1596,1
ISTGNN_PeMS04_speed,28,0.1807,0.1485;0.1547,0.1613,0.1596,2
ISTGNN_PeMS04_speed,29,0.1783,0.1455;0.1553,0.1597,0.1596,3
ISTGNN_PeMS04_speed,30,0.1789,0.1467;0.1523,0.1593,0.1593,0
ISTGNN_PeMS04_speed,31,0.1814,0.1469;0.1539,0.1607,0.1593,1
ISTGNN_PeMS04_speed,32,0.1792,0.1456;0.1529,0.1592,0.1593,2
ISTGNN_PeMS04_speed,33,0.1796,0.1481;0.1537,0.1605,0.1593,3
ISTGNN_PeMS04_speed,34,0.1786,0.1460;0.1527,0.1591,0.1591,0
ISTGNN_PeMS04_speed,35,0.1811,0.1459;0.1527,0.1599,0.1591,1
ISTGNN_PeMS04_speed,36,0.1783,0.1459;0.1534,0.1592,0.1591,2
ISTGNN_PeMS04_speed,37,0.1814,0.1464;0.1532,0.1603,0.1591,3
ISTGNN_PeMS04_speed,38,0.1789,0.1477;0.1528,0.1598,0.1591,4
ISTGNN_PeMS04_speed,39,0.1794,0.1476;0.1532,0.1601,0.1591,5
ISTGNN_PeMS04_speed,40,0.1800,0.1467;0.1548,0.1605,0.1591,6
ISTGNN_PeMS04_speed,41,0.1793,0.1454;0.1537,0.1595,0.1591,7
ISTGNN_PeMS04_speed,42,0.1773,0.1464;0.1538,0.1592,0.1591,8
ISTGNN_PeMS04_speed,43,0.1787,0.1451;0.1541,0.1593,0.1591,9
ISTGNN_PeMS04_speed,44,0.1779,0.1457;0.1551,0.1596,0.1591,10
ISTGNN_PeMS04_speed,45,0.1780,0.1481;0.1534,0.1598,0.1591,11
ISTGNN_PeMS04_speed,46,0.1831,0.1489;0.1544,0.1621,0.1591,12
ISTGNN_PeMS04_speed,47,0.1784,0.1474;0.1534,0.1597,0.1591,13
ISTGNN_PeMS04_speed,48,0.1781,0.1469;0.1542,0.1597,0.1591,14
ISTGNN_PeMS04_speed,49,0.1792,0.1456;0.1528,0.1592,0.1591,15
ISTGNN_PeMS04_speed,50,0.1782,0.1474;0.1534,0.1596,0.1591,16
ISTGNN_PeMS04_speed,51,0.1772,0.1449;0.1518,0.1580,0.1580,0
ISTGNN_PeMS04_speed,52,0.1789,0.1471;0.1563,0.1607,0.1580,1
ISTGNN_PeMS04_speed,53,0.1784,0.1451;0.1538,0.1591,0.1580,2
ISTGNN_PeMS04_speed,54,0.1782,0.1492;0.1543,0.1606,0.1580,3
ISTGNN_PeMS04_speed,55,0.1776,0.1451;0.1534,0.1587,0.1580,4
ISTGNN_PeMS04_speed,56,0.1788,0.1473;0.1526,0.1596,0.1580,5
ISTGNN_PeMS04_speed,57,0.1800,0.1463;0.1554,0.1606,0.1580,6
ISTGNN_PeMS04_speed,58,0.1806,0.1478;0.1535,0.1606,0.1580,7
ISTGNN_PeMS04_speed,59,0.1770,0.1452;0.1531,0.1584,0.1580,8
ISTGNN_PeMS04_speed,60,0.1785,0.1469;0.1552,0.1602,0.1580,9
ISTGNN_PeMS04_speed,61,0.1797,0.1461;0.1521,0.1593,0.1580,10
ISTGNN_PeMS04_speed,62,0.1784,0.1452;0.1526,0.1587,0.1580,11
ISTGNN_PeMS04_speed,63,0.1807,0.1456;0.1520,0.1594,0.1580,12
ISTGNN_PeMS04_speed,64,0.1793,0.1452;0.1534,0.1593,0.1580,13
ISTGNN_PeMS04_speed,65,0.1786,0.1465;0.1535,0.1596,0.1580,14
ISTGNN_PeMS04_speed,66,0.1770,0.1468;0.1553,0.1597,0.1580,15
ISTGNN_PeMS04_speed,67,0.1778,0.1452;0.1531,0.1587,0.1580,16
ISTGNN_PeMS04_speed,68,0.1780,0.1459;0.1522,0.1587,0.1580,17
ISTGNN_PeMS04_speed,69,0.1782,0.1444;0.1532,0.1586,0.1580,18
ISTGNN_PeMS04_speed,70,0.1804,0.1480;0.1535,0.1606,0.1580,19
ISTGNN_PeMS04_speed,71,0.1775,0.1448;0.1539,0.1587,0.1580,20
ISTGNN_PeMS04_speed,72,0.1774,0.1459;0.1535,0.1590,0.1580,21
ISTGNN_PeMS04_speed,73,0.1795,0.1445;0.1540,0.1594,0.1580,22
ISTGNN_PeMS04_speed,74,0.1774,0.1443;0.1533,0.1583,0.1580,23
ISTGNN_PeMS04_speed,75,0.1792,0.1457;0.1544,0.1598,0.1580,24
ISTGNN_PeMS04_speed,76,0.1781,0.1444;0.1526,0.1584,0.1580,25
ISTGNN_PeMS04_speed,77,0.1780,0.1446;0.1515,0.1581,0.1580,26
ISTGNN_PeMS04_speed,78,0.1772,0.1443;0.1526,0.1580,0.1580,27
ISTGNN_PeMS04_speed,79,0.1779,0.1456;0.1539,0.1591,0.1580,28
ISTGNN_PeMS04_speed,80,0.1773,0.1463;0.1537,0.1591,0.1580,29
ISTGNN_PeMS04_speed,81,0.1796,0.1451;0.1527,0.1591,0.1580,30
ISTGNN_PeMS04_speed,82,0.1776,0.1463;0.1549,0.1596,0.1580,31
ISTGNN_PeMS04_speed,83,0.1784,0.1461;0.1536,0.1593,0.1580,32
ISTGNN_PeMS04_speed,84,0.1774,0.1448;0.1539,0.1587,0.1580,33
ISTGNN_PeMS04_speed,85,0.1776,0.1453;0.1546,0.1592,0.1580,34
ISTGNN_PeMS04_speed,86,0.1772,0.1452;0.1531,0.1585,0.1580,35
ISTGNN_PeMS04_speed,87,0.1770,0.1479;0.1536,0.1595,0.1580,36
ISTGNN_PeMS04_speed,88,0.1784,0.1446;0.1531,0.1587,0.1580,37
ISTGNN_PeMS04_speed,89,0.1773,0.1445;0.1546,0.1588,0.1580,38
ISTGNN_PeMS04_speed,90,0.1780,0.1459;0.1513,0.1584,0.1580,39
ISTGNN_PeMS04_speed,91,0.1780,0.1449;0.1528,0.1586,0.1580,40
ISTGNN_PeMS04_speed,92,0.1780,0.1447;0.1523,0.1583,0.1580,41
ISTGNN_PeMS04_speed,93,0.1780,0.1449;0.1518,0.1582,0.1580,42
ISTGNN_PeMS04_speed,94,0.1769,0.1458;0.1526,0.1584,0.1580,43
ISTGNN_PeMS04_speed,95,0.1777,0.1454;0.1522,0.1584,0.1580,44
ISTGNN_PeMS04_speed,96,0.1765,0.1451;0.1524,0.1580,0.1580,45
ISTGNN_PeMS04_speed,97,0.1778,0.1448;0.1544,0.1590,0.1580,46
ISTGNN_PeMS04_speed,98,0.1794,0.1461;0.1517,0.1590,0.1580,47
ISTGNN_PeMS04_speed,99,0.1769,0.1457;0.1532,0.1586,0.1580,48
ISTGNN_PeMS04_speed,100,0.1778,0.1455;0.1525,0.1586,0.1580,49
ISTGNN_PeMS04_speed,101,0.1773,0.1449;0.1537,0.1586,0.1580,50
ISTGNN_PeMS04_occ,1,0.1772,0.1673;0.1801,0.1749,0.1749,0
ISTGNN_PeMS04_occ,2,0.1798,0.1541;0.1689,0.1676,0.1676,0
ISTGNN_PeMS04_occ,3,0.1764,0.1516;0.1682,0.1654,0.1654,0
ISTGNN_PeMS04_occ,4,0.1754,0.1534;0.1666,0.1652,0.1652,0
ISTGNN_PeMS04_occ,5,0.1736,0.1544;0.1697,0.1659,0.1652,1
ISTGNN_PeMS04_occ,6,0.1756,0.1502;0.1659,0.1639,0.1639,0
ISTGNN_PeMS04_occ,7,0.1735,0.1607;0.1682,0.1674,0.1639,1
ISTGNN_PeMS04_occ,8,0.1733,0.1558;0.1678,0.1656,0.1639,2
ISTGNN_PeMS04_occ,9,0.1800,0.1497;0.1646,0.1648,0.1639,3
ISTGNN_PeMS04_occ,10,0.1721,0.1526;0.1642,0.1630,0.1630,0
ISTGNN_PeMS04_occ,11,0.1725,0.1524;0.1649,0.1633,0.1630,1
ISTGNN_PeMS04_occ,12,0.1720,0.1525;0.1633,0.1626,0.1626,0
ISTGNN_PeMS04_occ,13,0.1715,0.1505;0.1650,0.1623,0.1623,0
ISTGNN_PeMS04_occ,14,0.1786,0.1551;0.1638,0.1658,0.1623,1
ISTGNN_PeMS04_occ,15,0.1764,0.1494;0.1641,0.1633,0.1623,2
ISTGNN_PeMS04_occ,16,0.1722,0.1517;0.1664,0.1635,0.1623,3
ISTGNN_PeMS04_occ,17,0.1708,0.1529;0.1652,0.1630,0.1623,4
ISTGNN_PeMS04_occ,18,0.1705,0.1485;0.1633,0.1607,0.1607,0
ISTGNN_PeMS04_occ,19,0.1747,0.1494;0.1632,0.1624,0.1607,1
ISTGNN_PeMS04_occ,20,0.1719,0.1490;0.1631,0.1613,0.1607,2
ISTGNN_PeMS04_occ,21,0.1726,0.1487;0.1660,0.1624,0.1607,3
ISTGNN_PeMS04_occ,22,0.1725,0.1487;0.1631,0.1614,0.1607,4
ISTGNN_PeMS04_occ,23,0.1712,0.1481;0.1629,0.1607,0.1607,5
ISTGNN_PeMS04_occ,24,0.1697,0.1491;0.1632,0.1607,0.1607,6
ISTGNN_PeMS04_occ,25,0.1716,0.1483;0.1625,0.1608,0.1607,7
ISTGNN_PeMS04_occ,26,0.1706,0.1528;0.1676,0.1637,0.1607,8
ISTGNN_PeMS04_occ,27,0.1699,0.1481;0.1627,0.1603,0.1603,0
ISTGNN_PeMS04_occ,28,0.1695,0.1475;0.1631,0.1600,0.1600,0
ISTGNN_PeMS04_occ,29,0.1712,0.1586;0.1669,0.1655,0.1600,1
ISTGNN_PeMS04_occ,30,0.1694,0.1510;0.1626,0.1610,0.1600,2
ISTGNN_PeMS04_occ,31,0.1707,0.1501;0.1694,0.1634,0.1600,3
ISTGNN_PeMS04_occ,32,0.1702,0.1476;0.1658,0.1612,0.1600,4
ISTGNN_PeMS04_occ,33,0.1729,0.1494;0.1621,0.1615,0.1600,5
ISTGNN_PeMS04_occ,34,0.1689,0.1474;0.1650,0.1604,0.1600,6
ISTGNN_PeMS04_occ,35,0.1689,0.1482;0.1637,0.1603,0.1600,7
ISTGNN_PeMS04_occ,36,0.1713,0.1488;0.1649,0.1616,0.1600,8
ISTGNN_PeMS04_occ,37,0.1713,0.1502;0.1643,0.1619,0.1600,9
ISTGNN_PeMS04_occ,38,0.1692,0.1551;0.1632,0.1625,0.1600,10
ISTGNN_PeMS04_occ,39,0.1700,0.1501;0.1643,0.1615,0.1600,11
ISTGNN_PeMS04_occ,40,0.1701,0.1483;0.1636,0.1607,0.1600,12
ISTGNN_PeMS04_occ,41,0.1698,0.1480;0.1641,0.1606,0.1600,13
ISTGNN_PeMS04_occ,42,0.1692,0.1497;0.1633,0.1607,0.1600,14
ISTGNN_PeMS04_occ,43,0.1752,0.1472;0.1664,0.1630,0.1600,15
ISTGNN_PeMS04_occ,44,0.1732,0.1503;0.1633,0.1623,0.1600,16
ISTGNN_PeMS04_occ,45,0.1687,0.1485;0.1623,0.1598,0.1598,0
ISTGNN_PeMS04_occ,46,0.1689,0.1479;0.1626,0.1598,0.1598,1
ISTGNN_PeMS04_occ,47,0.1702,0.1470;0.1649,0.1607,0.1598,2
ISTGNN_PeMS04_occ,48,0.1705,0.1526;0.1643,0.1625,0.1598,3
ISTGNN_PeMS04_occ,49,0.1729,0.1479;0.1672,0.1627,0.1598,4
ISTGNN_PeMS04_occ,50,0.1705,0.1476;0.1631,0.1604,0.1598,5
ISTGNN_PeMS04_occ,51,0.1695,0.1486;0.1619,0.1600,0.1598,6
ISTGNN_PeMS04_occ,52,0.1705,0.1520;0.1627,0.1617,0.1598,7
ISTGNN_PeMS04_occ,53,0.1714,0.1533;0.1627,0.1625,0.1598,8
ISTGNN_PeMS04_occ,54,0.1708,0.1482;0.1620,0.1604,0.1598,9
ISTGNN_PeMS04_occ,55,0.1707,0.1467;0.1624,0.1600,0.1598,10
ISTGNN_PeMS04_occ,56,0.1696,0.1479;0.1626,0.1600,0.1598,11
ISTGNN_PeMS04_occ,57,0.1696,0.1545;0.1627,0.1623,0.1598,12
ISTGNN_PeMS04_occ,58,0.1694,0.1532;0.1617,0.1614,0.1598,13
ISTGNN_PeMS04_occ,59,0.1705,0.1480;0.1637,0.1607,0.1598,14
ISTGNN_PeMS04_occ,60,0.1703,0.1476;0.1619,0.1599,0.1598,15
ISTGNN_PeMS04_occ,61,0.1703,0.1473;0.1620,0.1599,0.1598,16
ISTGNN_PeMS04_occ,62,0.1720,0.1498;0.1661,0.1627,0.1598,17
ISTGNN_PeMS04_occ,63,0.1689,0.1496;0.1665,0.1617,0.1598,18
ISTGNN_PeMS04_occ,64,0.1683,0.1479;0.1618,0.1593,0.1593,0
ISTGNN_PeMS04_occ,65,0.1710,0.1467;0.1621,0.1599,0.1593,1
ISTGNN_PeMS04_occ,66,0.1736,0.1468;0.1629,0.1611,0.1593,2
ISTGNN_PeMS04_occ,67,0.1696,0.1474;0.1618,0.1596,0.1593,3
ISTGNN_PeMS04_occ,68,0.1703,0.1473;0.1630,0.1602,0.1593,4
ISTGNN_PeMS04_occ,69,0.1688,0.1483;0.1651,0.1607,0.1593,5
ISTGNN_PeMS04_occ,70,0.1719,0.1484;0.1632,0.1611,0.1593,6
ISTGNN_PeMS04_occ,71,0.1686,0.1468;0.1640,0.1598,0.1593,7
ISTGNN_PeMS04_occ,72,0.1720,0.1469;0.1631,0.1607,0.1593,8
ISTGNN_PeMS04_occ,73,0.1680,0.1473;0.1629,0.1594,0.1593,9
ISTGNN_PeMS04_occ,74,0.1679,0.1499;0.1627,0.1602,0.1593,10
ISTGNN_PeMS04_occ,75,0.1719,0.1477;0.1620,0.1605,0.1593,11
ISTGNN_PeMS04_occ,76,0.1678,0.1465;0.1628,0.1591,0.1591,0
ISTGNN_PeMS04_occ,77,0.1690,0.1473;0.1655,0.1606,0.1591,1
ISTGNN_PeMS04_occ,78,0.1684,0.1474;0.1618,0.1592,0.1591,2
ISTGNN_PeMS04_occ,79,0.1681,0.1463;0.1647,0.1597,0.1591,3
ISTGNN_PeMS04_occ,80,0.1689,0.1488;0.1615,0.1597,0.1591,4
ISTGNN_PeMS04_occ,81,0.1702,0.1466;0.1657,0.1608,0.1591,5
ISTGNN_PeMS04_occ,82,0.1719,0.1461;0.1620,0.1600,0.1591,6
ISTGNN_PeMS04_occ,83,0.1696,0.1475;0.1618,0.1596,0.1591,7
ISTGNN_PeMS04_occ,84,0.1680,0.1466;0.1621,0.1589,0.1589,0
ISTGNN_PeMS04_occ,85,0.1687,0.1484;0.1623,0.1598,0.1589,1
ISTGNN_PeMS04_occ,86,0.1710,0.1485;0.1619,0.1605,0.1589,2
ISTGNN_PeMS04_occ,87,0.1683,0.1464;0.1653,0.1600,0.1589,3
ISTGNN_PeMS04_occ,88,0.1687,0.1465;0.1610,0.1588,0.1588,0
ISTGNN_PeMS04_occ,89,0.1681,0.1467;0.1671,0.1606,0.1588,1
ISTGNN_PeMS04_occ,90,0.1743,0.1471;0.1625,0.1613,0.1588,2
ISTGNN_PeMS04_occ,91,0.1675,0.1466;0.1622,0.1588,0.1588,3
ISTGNN_PeMS04_occ,92,0.1678,0.1462;0.1638,0.1593,0.1588,4
ISTGNN_PeMS04_occ,93,0.1676,0.1469;0.1613,0.1586,0.1586,0
ISTGNN_PeMS04_occ,94,0.1687,0.1476;0.1621,0.1595,0.1586,1
ISTGNN_PeMS04_occ,95,0.1681,0.1493;0.1627,0.1600,0.1586,2
ISTGNN_PeMS04_occ,96,0.1691,0.1461;0.1629,0.1594,0.1586,3
ISTGNN_PeMS04_occ,97,0.1687,0.1507;0.1636,0.1610,0.1586,4
ISTGNN_PeMS04_occ,98,0.1673,0.1470;0.1621,0.1588,0.1586,5
ISTGNN_PeMS04_occ,99,0.1684,0.1458;0.1614,0.1585,0.1586,6
ISTGNN_PeMS04_occ,100,0.1684,0.1461;0.1621,0.1589,0.1586,7
ISTGNN_PeMS04_occ,101,0.1680,0.1561;0.1623,0.1621,0.1586,8
ISTGNN_PeMS04_occ,102,0.1680,0.1459;0.1620,0.1586,0.1586,9
ISTGNN_PeMS04_occ,103,0.1687,0.1466;0.1617,0.1590,0.1586,10
ISTGNN_PeMS04_occ,104,0.1691,0.1459;0.1623,0.1591,0.1586,11
ISTGNN_PeMS04_occ,105,0.1680,0.1470;0.1620,0.1590,0.1586,12
ISTGNN_PeMS04_occ,106,0.1686,0.1471;0.1620,0.1592,0.1586,13
ISTGNN_PeMS04_occ,107,0.1674,0.1466;0.1628,0.1589,0.1586,14
ISTGNN_PeMS04_occ,108,0.1685,0.1478;0.1613,0.1592,0.1586,15
ISTGNN_PeMS04_occ,109,0.1690,0.1468;0.1622,0.1593,0.1586,16
ISTGNN_PeMS04_occ,110,0.1689,0.1463;0.1618,0.1590,0.1586,17
ISTGNN_PeMS04_occ,111,0.1684,0.1473;0.1615,0.1591,0.1586,18
ISTGNN_PeMS04_occ,112,0.1682,0.1477;0.1621,0.1593,0.1586,19
ISTGNN_PeMS04_occ,113,0.1675,0.1465;0.1615,0.1585,0.1585,0
ISTGNN_PeMS04_occ,114,0.1685,0.1502;0.1614,0.1600,0.1585,1
ISTGNN_PeMS04_occ,115,0.1678,0.1468;0.1629,0.1591,0.1585,2
ISTGNN_PeMS04_occ,116,0.1678,0.1462;0.1623,0.1588,0.1585,3
ISTGNN_PeMS04_occ,117,0.1672,0.1472;0.1614,0.1586,0.1585,4
ISTGNN_PeMS04_occ,118,0.1687,0.1467;0.1615,0.1590,0.1585,5
ISTGNN_PeMS04_occ,119,0.1675,0.1475;0.1616,0.1589,0.1585,6
ISTGNN_PeMS04_occ,120,0.1686,0.1532;0.1627,0.1615,0.1585,7
ISTGNN_PeMS04_occ,121,0.1703,0.1463;0.1619,0.1595,0.1585,8
ISTGNN_PeMS04_occ,122,0.1701,0.1465;0.1640,0.1602,0.1585,9
ISTGNN_PeMS04_occ,123,0.1694,0.1485;0.1611,0.1597,0.1585,10
ISTGNN_PeMS04_occ,124,0.1664,0.1486;0.1632,0.1594,0.1585,11
ISTGNN_PeMS04_occ,125,0.1695,0.1458;0.1621,0.1591,0.1585,12
ISTGNN_PeMS04_occ,126,0.1682,0.1467;0.1616,0.1588,0.1585,13
ISTGNN_PeMS04_occ,127,0.1685,0.1493;0.1625,0.1601,0.1585,14
ISTGNN_PeMS04_occ,128,0.1686,0.1454;0.1618,0.1586,0.1585,15
ISTGNN_PeMS04_occ,129,0.1668,0.1474;0.1627,0.1590,0.1585,16
ISTGNN_PeMS04_occ,130,0.1690,0.1462;0.1617,0.1590,0.1585,17
ISTGNN_PeMS04_occ,131,0.1684,0.1483;0.1617,0.1595,0.1585,18
ISTGNN_PeMS04_occ,132,0.1690,0.1496;0.1625,0.1604,0.1585,19
ISTGNN_PeMS04_occ,133,0.1690,0.1477;0.1627,0.1598,0.1585,20
ISTGNN_PeMS04_occ,134,0.1685,0.1470;0.1625,0.1593,0.1585,21
ISTGNN_PeMS04_occ,135,0.1677,0.1475;0.1630,0.1594,0.1585,22
ISTGNN_PeMS04_occ,136,0.1674,0.1476;0.1656,0.1602,0.1585,23
ISTGNN_PeMS04_occ,137,0.1682,0.1458;0.1619,0.1586,0.1585,24
ISTGNN_PeMS04_occ,138,0.1677,0.1458;0.1625,0.1586,0.1585,25
ISTGNN_PeMS04_occ,139,0.1687,0.1468;0.1633,0.1596,0.1585,26
ISTGNN_PeMS04_occ,140,0.1682,0.1456;0.1617,0.1585,0.1585,27
ISTGNN_PeMS04_occ,141,0.1684,0.1462;0.1611,0.1586,0.1585,28
ISTGNN_PeMS04_occ,142,0.1685,0.1469;0.1626,0.1593,0.1585,29
ISTGNN_PeMS04_occ,143,0.1683,0.1468;0.1623,0.1591,0.1585,30
ISTGNN_PeMS04_occ,144,0.1683,0.1464;0.1640,0.1596,0.1585,31
ISTGNN_PeMS04_occ,145,0.1680,0.1451;0.1620,0.1584,0.1584,0
ISTGNN_PeMS04_occ,146,0.1678,0.1463;0.1612,0.1584,0.1584,1
ISTGNN_PeMS04_occ,147,0.1674,0.1469;0.1630,0.1591,0.1584,2
ISTGNN_PeMS04_occ,148,0.1690,0.1454;0.1614,0.1586,0.1584,3
ISTGNN_PeMS04_occ,149,0.1684,0.1469;0.1623,0.1592,0.1584,4
ISTGNN_PeMS04_occ,150,0.1691,0.1485;0.1623,0.1600,0.1584,5
ISTGNN_PeMS04_occ,151,0.1680,0.1453;0.1624,0.1586,0.1584,6
ISTGNN_PeMS04_occ,152,0.1681,0.1458;0.1617,0.1585,0.1584,7
ISTGNN_PeMS04_occ,153,0.1683,0.1459;0.1623,0.1589,0.1584,8
ISTGNN_PeMS04_occ,154,0.1671,0.1455;0.1612,0.1579,0.1579,0
ISTGNN_PeMS04_occ,155,0.1680,0.1478;0.1614,0.1591,0.1579,1
ISTGNN_PeMS04_occ,156,0.1680,0.1453;0.1630,0.1588,0.1579,2
ISTGNN_PeMS04_occ,157,0.1669,0.1459;0.1633,0.1587,0.1579,3
ISTGNN_PeMS04_occ,158,0.1679,0.1474;0.1607,0.1587,0.1579,4
ISTGNN_PeMS04_occ,159,0.1680,0.1463;0.1623,0.1589,0.1579,5
ISTGNN_PeMS04_occ,160,0.1669,0.1466;0.1636,0.1590,0.1579,6
ISTGNN_PeMS04_occ,161,0.1683,0.1461;0.1618,0.1587,0.1579,7
ISTGNN_PeMS04_occ,162,0.1673,0.1460;0.1624,0.1586,0.1579,8
ISTGNN_PeMS04_occ,163,0.1676,0.1463;0.1615,0.1585,0.1579,9
ISTGNN_PeMS04_occ,164,0.1675,0.1480;0.1620,0.1592,0.1579,10
ISTGNN_PeMS04_occ,165,0.1679,0.1466;0.1618,0.1587,0.1579,11
ISTGNN_PeMS04_occ,166,0.1678,0.1460;0.1616,0.1585,0.1579,12
ISTGNN_PeMS04_occ,167,0.1672,0.1465;0.1642,0.1593,0.1579,13
ISTGNN_PeMS04_occ,168,0.1689,0.1458;0.1625,0.1590,0.1579,14
ISTGNN_PeMS04_occ,169,0.1683,0.1463;0.1623,0.1590,0.1579,15
ISTGNN_PeMS04_occ,170,0.1719,0.1481;0.1620,0.1607,0.1579,16
ISTGNN_PeMS04_occ,171,0.1682,0.1455;0.1620,0.1586,0.1579,17
ISTGNN_PeMS04_occ,172,0.1672,0.1463;0.1634,0.1590,0.1579,18
ISTGNN_PeMS04_occ,173,0.1680,0.1457;0.1611,0.1583,0.1579,19
ISTGNN_PeMS04_occ,174,0.1696,0.1459;0.1611,0.1589,0.1579,20
ISTGNN_PeMS04_occ,175,0.1688,0.1466;0.1620,0.1591,0.1579,21
ISTGNN_PeMS04_occ,176,0.1670,0.1465;0.1626,0.1587,0.1579,22
ISTGNN_PeMS04_occ,177,0.1672,0.1466;0.1634,0.1591,0.1579,23
ISTGNN_PeMS04_occ,178,0.1681,0.1463;0.1620,0.1588,0.1579,24
ISTGNN_PeMS04_occ,179,0.1682,0.1472;0.1632,0.1595,0.1579,25
ISTGNN_PeMS04_occ,180,0.1701,0.1466;0.1614,0.1594,0.1579,26
ISTGNN_PeMS04_occ,181,0.1682,0.1454;0.1637,0.1591,0.1579,27
ISTGNN_PeMS04_occ,182,0.1676,0.1458;0.1616,0.1583,0.1579,28
ISTGNN_PeMS04_occ,183,0.1677,0.1467;0.1624,0.1590,0.1579,29
ISTGNN_PeMS04_occ,184,0.1671,0.1465;0.1619,0.1585,0.1579,30
ISTGNN_PeMS04_occ,185,0.1676,0.1466;0.1620,0.1587,0.1579,31
ISTGNN_PeMS04_occ,186,0.1707,0.1478;0.1615,0.1600,0.1579,32
ISTGNN_PeMS04_occ,187,0.1675,0.1473;0.1633,0.1594,0.1579,33
ISTGNN_PeMS04_occ,188,0.1672,0.1467;0.1623,0.1588,0.1579,34
ISTGNN_PeMS04_occ,189,0.1679,0.1506;0.1614,0.1599,0.1579,35
ISTGNN_PeMS04_occ,190,0.1676,0.1459;0.1631,0.1588,0.1579,36
ISTGNN_PeMS04_occ,191,0.1670,0.1465;0.1618,0.1585,0.1579,37
ISTGNN_PeMS04_occ,192,0.1663,0.1490;0.1608,0.1587,0.1579,38
ISTGNN_PeMS04_occ,193,0.1711,0.1476;0.1634,0.1607,0.1579,39
ISTGNN_PeMS04_occ,194,0.1683,0.1481;0.1614,0.1592,0.1579,40
ISTGNN_PeMS04_occ,195,0.1677,0.1466;0.1639,0.1594,0.1579,41
ISTGNN_PeMS04_occ,196,0.1667,0.1483;0.1618,0.1589,0.1579,42
ISTGNN_PeMS04_occ,197,0.1686,0.1483;0.1622,0.1597,0.1579,43
ISTGNN_PeMS04_occ,198,0.1678,0.1461;0.1621,0.1587,0.1579,44
ISTGNN_PeMS04_occ,199,0.1680,0.1473;0.1616,0.1590,0.1579,45
ISTGNN_PeMS04_occ,200,0.1691,0.1455;0.1611,0.1585,0.1579,46
ISTGNN_PeMS04_occ,201,0.1705,0.1468;0.1617,0.1597,0.1579,47
ISTGNN_PeMS04_occ,202,0.1671,0.1494;0.1620,0.1595,0.1579,48
ISTGNN_PeMS04_occ,203,0.1691,0.1464;0.1616,0.1590,0.1579,49
ISTGNN_PeMS04_occ,204,0.1675,0.1462;0.1617,0.1585,0.1579,50
ISTGNN_PeMSD7_flow,1,0.1300,0.1026;0.1044,0.1124,0.1124,0
ISTGNN_PeMSD7_flow,2,0.1287,0.1008;0.1041,0.1112,0.1112,0
ISTGNN_PeMSD7_flow,3,0.1264,0.1015;0.1031,0.1103,0.1103,0
ISTGNN_PeMSD7_flow,4,0.1263,0.1012;0.1023,0.1099,0.1099,0
ISTGNN_PeMSD7_flow,5,0.1256,0.1007;0.1022,0.1095,0.1095,0
ISTGNN_PeMSD7_flow,6,0.1251,0.1009;0.1028,0.1096,0.1095,1
ISTGNN_PeMSD7_flow,7,0.1277,0.1008;0.1022,0.1102,0.1095,2
ISTGNN_PeMSD7_flow,8,0.1285,0.1009;0.1017,0.1104,0.1095,3
ISTGNN_PeMSD7_flow,9,0.1256,0.0995;0.1023,0.1091,0.1091,0
ISTGNN_PeMSD7_flow,10,0.1247,0.0990;0.1009,0.1082,0.1082,0
ISTGNN_PeMSD7_flow,11,0.1258,0.0995;0.1024,0.1092,0.1082,1
ISTGNN_PeMSD7_flow,12,0.1252,0.1012;0.1023,0.1095,0.1082,2
ISTGNN_PeMSD7_flow,13,0.1247,0.0989;0.1022,0.1086,0.1082,3
ISTGNN_PeMSD7_flow,14,0.1296,0.1014;0.1016,0.1109,0.1082,4
ISTGNN_PeMSD7_flow,15,0.1241,0.0996;0.1005,0.1081,0.1081,0
ISTGNN_PeMSD7_flow,16,0.1258,0.0983;0.1019,0.1087,0.1081,1
ISTGNN_PeMSD7_flow,17,0.1237,0.0985;0.1010,0.1077,0.1077,0
ISTGNN_PeMSD7_flow,18,0.1237,0.0981;0.1007,0.1075,0.1075,0
ISTGNN_PeMSD7_flow,19,0.1234,0.0986;0.1002,0.1074,0.1075,1
ISTGNN_PeMSD7_flow,20,0.1252,0.0993;0.1007,0.1084,0.1075,2
ISTGNN_PeMSD7_flow,21,0.1239,0.0982;0.1004,0.1075,0.1075,3
ISTGNN_PeMSD7_flow,22,0.1239,0.0984;0.1011,0.1078,0.1075,4
ISTGNN_PeMSD7_flow,23,0.1242,0.1001;0.1005,0.1082,0.1075,5
ISTGNN_PeMSD7_flow,24,0.1257,0.0989;0.1010,0.1085,0.1075,6
ISTGNN_PeMSD7_flow,25,0.1239,0.0988;0.1012,0.1080,0.1075,7
ISTGNN_PeMSD7_flow,26,0.1237,0.0978;0.1003,0.1072,0.1072,0
ISTGNN_PeMSD7_flow,27,0.1247,0.0977;0.0999,0.1075,0.1072,1
ISTGNN_PeMSD7_flow,28,0.1232,0.0981;0.1006,0.1073,0.1072,2
ISTGNN_PeMSD7_flow,29,0.1233,0.0987;0.1011,0.1077,0.1072,3
ISTGNN_PeMSD7_flow,30,0.1230,0.1008;0.1016,0.1085,0.1072,4
ISTGNN_PeMSD7_flow,31,0.1255,0.0984;0.1005,0.1081,0.1072,5
ISTGNN_PeMSD7_flow,32,0.1232,0.0988;0.1000,0.1073,0.1072,6
ISTGNN_PeMSD7_flow,33,0.1237,0.0975;0.0996,0.1069,0.1069,0
ISTGNN_PeMSD7_flow,34,0.1230,0.0991;0.1005,0.1075,0.1069,1
ISTGNN_PeMSD7_flow,35,0.1252,0.0986;0.1001,0.1080,0.1069,2
ISTGNN_PeMSD7_flow,36,0.1238,0.0972;0.0998,0.1069,0.1069,3
ISTGNN_PeMSD7_flow,37,0.1236,0.0979;0.1010,0.1075,0.1069,4
ISTGNN_PeMSD7_flow,38,0.1230,0.0996;0.0996,0.1074,0.1069,5
ISTGNN_PeMSD7_flow,39,0.1226,0.0989;0.1002,0.1072,0.1069,6
ISTGNN_PeMSD7_flow,40,0.1235,0.0981;0.1010,0.1075,0.1069,7
ISTGNN_PeMSD7_flow,41,0.1231,0.0973;0.0995,0.1066,0.1066,0
ISTGNN_PeMSD7_flow,42,0.1233,0.0975;0.0990,0.1066,0.1066,1
ISTGNN_PeMSD7_flow,43,0.1235,0.0972;0.0992,0.1066,0.1066,2
ISTGNN_PeMSD7_flow,44,0.1225,0.0972;0.0992,0.1063,0.1063,0
ISTGNN_PeMSD7_flow,45,0.1249,0.0977;0.1003,0.1076,0.1063,1
ISTGNN_PeMSD7_flow,46,0.1226,0.0968;0.0991,0.1062,0.1062,0
ISTGNN_PeMSD7_flow,47,0.1223,0.0981;0.0997,0.1067,0.1062,1
ISTGNN_PeMSD7_flow,48,0.1236,0.0979;0.1013,0.1076,0.1062,2
ISTGNN_PeMSD7_flow,49,0.1224,0.0989;0.0990,0.1068,0.1062,3
ISTGNN_PeMSD7_flow,50,0.1222,0.0972;0.1010,0.1068,0.1062,4
ISTGNN_PeMSD7_flow,51,0.1223,0.0969;0.0989,0.1060,0.1060,0
ISTGNN_PeMSD7_flow,52,0.1222,0.0974;0.0993,0.1063,0.1060,1
ISTGNN_PeMSD7_flow,53,0.1224,0.0989;0.0991,0.1068,0.1060,2
ISTGNN_PeMSD7_flow,54,0.1223,0.0976;0.0996,0.1065,0.1060,3
ISTGNN_PeMSD7_flow,55,0.1225,0.0967;0.0992,0.1061,0.1060,4
ISTGNN_PeMSD7_flow,56,0.1221,0.0976;0.0990,0.1062,0.1060,5
ISTGNN_PeMSD7_flow,57,0.1237,0.0975;0.0989,0.1067,0.1060,6
ISTGNN_PeMSD7_flow,58,0.1235,0.0966;0.0994,0.1065,0.1060,7
ISTGNN_PeMSD7_flow,59,0.1224,0.0982;0.0999,0.1068,0.1060,8
ISTGNN_PeMSD7_flow,60,0.1229,0.0979;0.0989,0.1066,0.1060,9
ISTGNN_PeMSD7_flow,61,0.1220,0.0969;0.0989,0.1059,0.1059,0
ISTGNN_PeMSD7_flow,62,0.1216,0.0967;0.1010,0.1064,0.1059,1
ISTGNN_PeMSD7_flow,63,0.1223,0.0976;0.0985,0.1061,0.1059,2
ISTGNN_PeMSD7_flow,64,0.1220,0.0966;0.0984,0.1057,0.1057,0
ISTGNN_PeMSD7_flow,65,0.1221,0.0963;0.0990,0.1058,0.1057,1
ISTGNN_PeMSD7_flow,66,0.1229,0.0971;0.0983,0.1061,0.1057,2
ISTGNN_PeMSD7_flow,67,0.1214,0.0986;0.0996,0.1065,0.1057,3
ISTGNN_PeMSD7_flow,68,0.1231,0.0969;0.1002,0.1067,0.1057,4
ISTGNN_PeMSD7_flow,69,0.1217,0.0961;0.0985,0.1055,0.1055,0
ISTGNN_PeMSD7_flow,70,0.1235,0.0967;0.0986,0.1063,0.1055,1
ISTGNN_PeMSD7_flow,71,0.1228,0.0968;0.0990,0.1062,0.1055,2
ISTGNN_PeMSD7_flow,72,0.1228,0.0969;0.0991,0.1062,0.1055,3
ISTGNN_PeMSD7_flow,73,0.1221,0.0966;0.0984,0.1057,0.1055,4
ISTGNN_PeMSD7_flow,74,0.1229,0.0965;0.0986,0.1060,0.1055,5
ISTGNN_PeMSD7_flow,75,0.1228,0.0969;0.0995,0.1064,0.1055,6
ISTGNN_PeMSD7_flow,76,0.1228,0.0959;0.0987,0.1058,0.1055,7
ISTGNN_PeMSD7_flow,77,0.1220,0.0969;0.0982,0.1057,0.1055,8
ISTGNN_PeMSD7_flow,78,0.1227,0.0960;0.0983,0.1057,0.1055,9
ISTGNN_PeMSD7_flow,79,0.1217,0.0961;0.0981,0.1053,0.1053,0
ISTGNN_PeMSD7_flow,80,0.1213,0.0965;0.1007,0.1062,0.1053,1
ISTGNN_PeMSD7_flow,81,0.1218,0.0965;0.0983,0.1055,0.1053,2
ISTGNN_PeMSD7_flow,82,0.1220,0.0962;0.1007,0.1063,0.1053,3
ISTGNN_PeMSD7_flow,83,0.1235,0.0958;0.0983,0.1059,0.1053,4
ISTGNN_PeMSD7_flow,84,0.1212,0.0962;0.0990,0.1055,0.1053,5
ISTGNN_PeMSD7_flow,85,0.1230,0.0964;0.0978,0.1057,0.1053,6
ISTGNN_PeMSD7_flow,86,0.1218,0.0969;0.0978,0.1055,0.1053,7
ISTGNN_PeMSD7_flow,87,0.1218,0.0955;0.0993,0.1055,0.1053,8
ISTGNN_PeMSD7_flow,88,0.1212,0.0959;0.0984,0.1052,0.1052,0
ISTGNN_PeMSD7_flow,89,0.1230,0.0964;0.0983,0.1059,0.1052,1
ISTGNN_PeMSD7_flow,90,0.1210,0.0957;0.0979,0.1049,0.1049,0
ISTGNN_PeMSD7_flow,91,0.1214,0.0963;0.0981,0.1053,0.1049,1
ISTGNN_PeMSD7_flow,92,0.1208,0.0961;0.0987,0.1052,0.1049,2
ISTGNN_PeMSD7_flow,93,0.1216,0.0962;0.0978,0.1052,0.1049,3
ISTGNN_PeMSD7_flow,94,0.1214,0.0959;0.0996,0.1057,0.1049,4
ISTGNN_PeMSD7_flow,95,0.1225,0.0955;0.0983,0.1054,0.1049,5
ISTGNN_PeMSD7_flow,96,0.1215,0.0971;0.0978,0.1055,0.1049,6
ISTGNN_PeMSD7_flow,97,0.1210,0.0956;0.0981,0.1049,0.1049,7
ISTGNN_PeMSD7_flow,98,0.1212,0.0954;0.0979,0.1048,0.1049,8
ISTGNN_PeMSD7_flow,99,0.1209,0.0988;0.0980,0.1059,0.1049,9
ISTGNN_PeMSD7_flow,100,0.1214,0.0984;0.0976,0.1058,0.1049,10
ISTGNN_PeMSD7_flow,101,0.1206,0.0958;0.0985,0.1050,0.1049,11
ISTGNN_PeMSD7_flow,102,0.1210,0.0959;0.0987,0.1052,0.1049,12
ISTGNN_PeMSD7_flow,103,0.1218,0.0973;0.0975,0.1055,0.1049,13
ISTGNN_PeMSD7_flow,104,0.1216,0.0953;0.0979,0.1049,0.1049,14
ISTGNN_PeMSD7_flow,105,0.1211,0.0970;0.0990,0.1057,0.1049,15
ISTGNN_PeMSD7_flow,106,0.1218,0.0955;0.0982,0.1051,0.1049,16
ISTGNN_PeMSD7_flow,107,0.1213,0.0954;0.0979,0.1049,0.1049,17
ISTGNN_PeMSD7_flow,108,0.1207,0.0966;0.0974,0.1049,0.1049,18
ISTGNN_PeMSD7_flow,109,0.1219,0.0956;0.0974,0.1050,0.1049,19
ISTGNN_PeMSD7_flow,110,0.1209,0.0955;0.0974,0.1046,0.1046,0
ISTGNN_PeMSD7_flow,111,0.1205,0.0953;0.0975,0.1044,0.1044,0
ISTGNN_PeMSD7_flow,112,0.1227,0.0958;0.0980,0.1055,0.1044,1
ISTGNN_PeMSD7_flow,113,0.1216,0.0952;0.0975,0.1047,0.1044,2
ISTGNN_PeMSD7_flow,114,0.1211,0.0951;0.0984,0.1048,0.1044,3
ISTGNN_PeMSD7_flow,115,0.1208,0.0959;0.0978,0.1048,0.1044,4
ISTGNN_PeMSD7_flow,116,0.1220,0.0952;0.0975,0.1049,0.1044,5
ISTGNN_PeMSD7_flow,117,0.1205,0.0963;0.0977,0.1049,0.1044,6
ISTGNN_PeMSD7_flow,118,0.1211,0.0957;0.0981,0.1050,0.1044,7
ISTGNN_PeMSD7_flow,119,0.1206,0.0961;0.0989,0.1052,0.1044,8
ISTGNN_PeMSD7_flow,120,0.1211,0.0956;0.0973,0.1047,0.1044,9
ISTGNN_PeMSD7_flow,121,0.1202,0.0957;0.0978,0.1046,0.1044,10
ISTGNN_PeMSD7_flow,122,0.1202,0.0963;0.0983,0.1049,0.1044,11
ISTGNN_PeMSD7_flow,123,0.1202,0.0955;0.0977,0.1044,0.1044,12
ISTGNN_PeMSD7_flow,124,0.1205,0.0956;0.0972,0.1044,0.1044,13
ISTGNN_PeMSD7_flow,125,0.1212,0.0962;0.0979,0.1051,0.1044,14
ISTGNN_PeMSD7_flow,126,0.1225,0.0959;0.0974,0.1053,0.1044,15
ISTGNN_PeMSD7_flow,127,0.1212,0.0963;0.0991,0.1055,0.1044,16
ISTGNN_PeMSD7_flow,128,0.1202,0.0952;0.0977,0.1044,0.1044,17
ISTGNN_PeMSD7_flow,129,0.1208,0.0951;0.0971,0.1043,0.1043,0
ISTGNN_PeMSD7_flow,130,0.1207,0.0964;0.0972,0.1048,0.1043,1
ISTGNN_PeMSD7_flow,131,0.1203,0.0952;0.0972,0.1042,0.1043,2
ISTGNN_PeMSD7_flow,132,0.1205,0.0950;0.0978,0.1044,0.1043,3
ISTGNN_PeMSD7_flow,133,0.1204,0.0949;0.0977,0.1043,0.1043,4
ISTGNN_PeMSD7_flow,134,0.1206,0.0954;0.0979,0.1046,0.1043,5
ISTGNN_PeMSD7_flow,135,0.1209,0.0959;0.0975,0.1048,0.1043,6
ISTGNN_PeMSD7_flow,136,0.1209,0.0948;0.0978,0.1045,0.1043,7
ISTGNN_PeMSD7_flow,137,0.1206,0.0951;0.0975,0.1044,0.1043,8
ISTGNN_PeMSD7_flow,138,0.1214,0.0950;0.0998,0.1054,0.1043,9
ISTGNN_PeMSD7_flow,139,0.1208,0.0958;0.0969,0.1045,0.1043,10
ISTGNN_PeMSD7_flow,140,0.1203,0.0955;0.0972,0.1043,0.1043,11
ISTGNN_PeMSD7_flow,141,0.1203,0.0955;0.0968,0.1042,0.1042,0
ISTGNN_PeMSD7_flow,142,0.1205,0.0952;0.0977,0.1045,0.1042,1
ISTGNN_PeMSD7_flow,143,0.1207,0.0959;0.0970,0.1045,0.1042,2
ISTGNN_PeMSD7_flow,144,0.1205,0.0955;0.0973,0.1044,0.1042,3
ISTGNN_PeMSD7_flow,145,0.1236,0.0951;0.0972,0.1053,0.1042,4
ISTGNN_PeMSD7_flow,146,0.1201,0.0954;0.0975,0.1043,0.1042,5
ISTGNN_PeMSD7_flow,147,0.1209,0.0953;0.0974,0.1045,0.1042,6
ISTGNN_PeMSD7_flow,148,0.1201,0.0947;0.0983,0.1044,0.1042,7
ISTGNN_PeMSD7_flow,149,0.1214,0.0952;0.0973,0.1046,0.1042,8
ISTGNN_PeMSD7_flow,150,0.1197,0.0949;0.0976,0.1041,0.1041,0
ISTGNN_PeMSD7_flow,151,0.1204,0.0954;0.0971,0.1043,0.1041,1
ISTGNN_PeMSD7_flow,152,0.1203,0.0954;0.0973,0.1043,0.1041,2
ISTGNN_PeMSD7_flow,153,0.1208,0.0948;0.0972,0.1043,0.1041,3
ISTGNN_PeMSD7_flow,154,0.1208,0.0953;0.0968,0.1043,0.1041,4
ISTGNN_PeMSD7_flow,155,0.1200,0.0951;0.0971,0.1041,0.1041,5
ISTGNN_PeMSD7_flow,156,0.1211,0.0947;0.0974,0.1044,0.1041,6
ISTGNN_PeMSD7_flow,157,0.1210,0.0956;0.0975,0.1047,0.1041,7
ISTGNN_PeMSD7_flow,158,0.1207,0.0954;0.0975,0.1046,0.1041,8
ISTGNN_PeMSD7_flow,159,0.1199,0.0965;0.0975,0.1046,0.1041,9
ISTGNN_PeMSD7_flow,160,0.1203,0.0954;0.0972,0.1043,0.1041,10
ISTGNN_PeMSD7_flow,161,0.1204,0.0954;0.0976,0.1045,0.1041,11
ISTGNN_PeMSD7_flow,162,0.1199,0.0952;0.0970,0.1040,0.1041,12
ISTGNN_PeMSD7_flow,163,0.1204,0.0951;0.0990,0.1048,0.1041,13
ISTGNN_PeMSD7_flow,164,0.1197,0.0948;0.0970,0.1038,0.1038,0
ISTGNN_PeMSD7_flow,165,0.1200,0.0957;0.0981,0.1046,0.1038,1
ISTGNN_PeMSD7_flow,166,0.1199,0.0953;0.0976,0.1043,0.1038,2
ISTGNN_PeMSD7_flow,167,0.1198,0.0956;0.0975,0.1043,0.1038,3
ISTGNN_PeMSD7_flow,168,0.1204,0.0947;0.0971,0.1040,0.1038,4
ISTGNN_PeMSD7_flow,169,0.1197,0.0949;0.0974,0.1040,0.1038,5
ISTGNN_PeMSD7_flow,170,0.1204,0.0947;0.0969,0.1040,0.1038,6
ISTGNN_PeMSD7_flow,171,0.1205,0.0957;0.0967,0.1043,0.1038,7
ISTGNN_PeMSD7_flow,172,0.1196,0.0949;0.0971,0.1038,0.1038,8
ISTGNN_PeMSD7_flow,173,0.1197,0.0953;0.0974,0.1041,0.1038,9
ISTGNN_PeMSD7_flow,174,0.1205,0.0958;0.0979,0.1048,0.1038,10
ISTGNN_PeMSD7_flow,175,0.1197,0.0954;0.0971,0.1041,0.1038,11
ISTGNN_PeMSD7_flow,176,0.1197,0.0959;0.0978,0.1044,0.1038,12
ISTGNN_PeMSD7_flow,177,0.1207,0.0949;0.0976,0.1044,0.1038,13
ISTGNN_PeMSD7_flow,178,0.1195,0.0949;0.0985,0.1043,0.1038,14
ISTGNN_PeMSD7_flow,179,0.1202,0.0958;0.0969,0.1043,0.1038,15
ISTGNN_PeMSD7_flow,180,0.1193,0.0958;0.0988,0.1046,0.1038,16
ISTGNN_PeMSD7_flow,181,0.1196,0.0956;0.0970,0.1041,0.1038,17
ISTGNN_PeMSD7_flow,182,0.1195,0.0948;0.0975,0.1039,0.1038,18
ISTGNN_PeMSD7_flow,183,0.1202,0.0958;0.0975,0.1045,0.1038,19
ISTGNN_PeMSD7_flow,184,0.1203,0.0946;0.0973,0.1041,0.1038,20
ISTGNN_PeMSD7_flow,185,0.1201,0.0947;0.0980,0.1043,0.1038,21
ISTGNN_PeMSD7_flow,186,0.1202,0.0946;0.0967,0.1038,0.1038,22
ISTGNN_PeMSD7_flow,187,0.1194,0.0950;0.0967,0.1037,0.1037,0
ISTGNN_PeMSD7_flow,188,0.1204,0.0958;0.0973,0.1045,0.1037,1
ISTGNN_PeMSD7_flow,189,0.1200,0.0953;0.0970,0.1041,0.1037,2
ISTGNN_PeMSD7_flow,190,0.1194,0.0951;0.0971,0.1039,0.1037,3
ISTGNN_PeMSD7_flow,191,0.1196,0.0957;0.0977,0.1043,0.1037,4
ISTGNN_PeMSD7_flow,192,0.1202,0.0950;0.0986,0.1046,0.1037,5
ISTGNN_PeMSD7_flow,193,0.1200,0.0946;0.0969,0.1038,0.1037,6
ISTGNN_PeMSD7_flow,194,0.1204,0.0949;0.0969,0.1041,0.1037,7
ISTGNN_PeMSD7_flow,195,0.1204,0.0956;0.0969,0.1043,0.1037,8
ISTGNN_PeMSD7_flow,196,0.1200,0.0959;0.0969,0.1043,0.1037,9
ISTGNN_PeMSD7_flow,197,0.1211,0.0952;0.0972,0.1045,0.1037,10
ISTGNN_PeMSD7_flow,198,0.1201,0.0946;0.0970,0.1039,0.1037,11
ISTGNN_PeMSD7_flow,199,0.1202,0.0945;0.0970,0.1039,0.1037,12
ISTGNN_PeMSD7_flow,200,0.1196,0.0945;0.0971,0.1037,0.1037,13
ISTGNN_PeMSD7_flow,201,0.1199,0.0948;0.0965,0.1037,0.1037,14
ISTGNN_PeMSD7_flow,202,0.1193,0.0962;0.0972,0.1042,0.1037,15
ISTGNN_PeMSD7_flow,203,0.1210,0.0947;0.0976,0.1044,0.1037,16
ISTGNN_PeMSD7_flow,204,0.1191,0.0948;0.0969,0.1036,0.1036,0
ISTGNN_PeMSD7_flow,205,0.1201,0.0945;0.0973,0.1040,0.1036,1
ISTGNN_PeMSD7_flow,206,0.1222,0.0948;0.0971,0.1047,0.1036,2
ISTGNN_PeMSD7_flow,207,0.1196,0.0944;0.0980,0.1040,0.1036,3
ISTGNN_PeMSD7_flow,208,0.1196,0.0952;0.0966,0.1038,0.1036,4
ISTGNN_PeMSD7_flow,209,0.1204,0.0944;0.0969,0.1039,0.1036,5
ISTGNN_PeMSD7_flow,210,0.1193,0.0948;0.0981,0.1041,0.1036,6
ISTGNN_PeMSD7_flow,211,0.1201,0.0957;0.0993,0.1050,0.1036,7
ISTGNN_PeMSD7_flow,212,0.1194,0.0945;0.0968,0.1035,0.1036,8
ISTGNN_PeMSD7_flow,213,0.1199,0.0947;0.0968,0.1038,0.1036,9
ISTGNN_PeMSD7_flow,214,0.1211,0.0948;0.0970,0.1043,0.1036,10
ISTGNN_PeMSD7_flow,215,0.1198,0.0960;0.0973,0.1044,0.1036,11
ISTGNN_PeMSD7_flow,216,0.1200,0.0950;0.0982,0.1044,0.1036,12
ISTGNN_PeMSD7_flow,217,0.1192,0.0944;0.0973,0.1036,0.1036,13
ISTGNN_PeMSD7_flow,218,0.1194,0.0944;0.0974,0.1037,0.1036,14
ISTGNN_PeMSD7_flow,219,0.1193,0.0947;0.0971,0.1037,0.1036,15
ISTGNN_PeMSD7_flow,220,0.1205,0.0954;0.0972,0.1044,0.1036,16
ISTGNN_PeMSD7_flow,221,0.1208,0.0953;0.0969,0.1043,0.1036,17
ISTGNN_PeMSD7_flow,222,0.1197,0.0945;0.0972,0.1038,0.1036,18
ISTGNN_PeMSD7_flow,223,0.1195,0.0957;0.0976,0.1043,0.1036,19
ISTGNN_PeMSD7_flow,224,0.1198,0.0947;0.0975,0.1040,0.1036,20
ISTGNN_PeMSD7_flow,225,0.1190,0.0963;0.0966,0.1040,0.1036,21
ISTGNN_PeMSD7_flow,226,0.1196,0.0948;0.0968,0.1037,0.1036,22
ISTGNN_PeMSD7_flow,227,0.1198,0.0945;0.0969,0.1037,0.1036,23
ISTGNN_PeMSD7_flow,228,0.1193,0.0942;0.0973,0.1036,0.1036,24
ISTGNN_PeMSD7_flow,229,0.1207,0.0946;0.0972,0.1042,0.1036,25
ISTGNN_PeMSD7_flow,230,0.1200,0.0946;0.0972,0.1039,0.1036,26
ISTGNN_PeMSD7_flow,231,0.1197,0.0946;0.0969,0.1037,0.1036,27
ISTGNN_PeMSD7_flow,232,0.1194,0.0943;0.0970,0.1036,0.1036,28
ISTGNN_PeMSD7_flow,233,0.1194,0.0947;0.0971,0.1038,0.1036,29
ISTGNN_PeMSD7_flow,234,0.1195,0.0952;0.0970,0.1039,0.1036,30
ISTGNN_PeMSD7_flow,235,0.1196,0.0953;0.0981,0.1043,0.1036,31
ISTGNN_PeMSD7_flow,236,0.1195,0.0944;0.0966,0.1035,0.1036,32
ISTGNN_PeMSD7_flow,237,0.1191,0.0949;0.0980,0.1040,0.1036,33
ISTGNN_PeMSD7_flow,238,0.1194,0.0945;0.0968,0.1036,0.1036,34
ISTGNN_PeMSD7_flow,239,0.1200,0.0944;0.0968,0.1037,0.1036,35
ISTGNN_PeMSD7_flow,240,0.1199,0.0951;0.0967,0.1039,0.1036,36
ISTGNN_PeMSD7_flow,241,0.1194,0.0943;0.0965,0.1034,0.1034,0
ISTGNN_PeMSD7_flow,242,0.1193,0.0947;0.0975,0.1039,0.1034,1
ISTGNN_PeMSD7_flow,243,0.1190,0.0943;0.0964,0.1032,0.1032,0
ISTGNN_PeMSD7_flow,244,0.1209,0.0942;0.0965,0.1039,0.1032,1
ISTGNN_PeMSD7_flow,245,0.1207,0.0945;0.0965,0.1039,0.1032,2
ISTGNN_PeMSD7_flow,246,0.1214,0.0942;0.0988,0.1048,0.1032,3
ISTGNN_PeMSD7_flow,247,0.1191,0.0942;0.0963,0.1032,0.1032,4
ISTGNN_PeMSD7_flow,248,0.1208,0.0943;0.0966,0.1039,0.1032,5
ISTGNN_PeMSD7_flow,249,0.1189,0.0950;0.0969,0.1036,0.1032,6
ISTGNN_PeMSD7_flow,250,0.1196,0.0949;0.0972,0.1039,0.1032,7
ISTGNN_PeMSD7_flow,251,0.1190,0.0941;0.0968,0.1033,0.1032,8
ISTGNN_PeMSD7_flow,252,0.1194,0.0944;0.0965,0.1034,0.1032,9
ISTGNN_PeMSD7_flow,253,0.1195,0.0943;0.0973,0.1037,0.1032,10
ISTGNN_PeMSD7_flow,254,0.1195,0.0945;0.0976,0.1038,0.1032,11
ISTGNN_PeMSD7_flow,255,0.1189,0.0946;0.0965,0.1033,0.1032,12
ISTGNN_PeMSD7_flow,256,0.1196,0.0943;0.0969,0.1036,0.1032,13
ISTGNN_PeMSD7_flow,257,0.1192,0.0946;0.0966,0.1035,0.1032,14
ISTGNN_PeMSD7_flow,258,0.1196,0.0945;0.0969,0.1037,0.1032,15
ISTGNN_PeMSD7_flow,259,0.1191,0.0940;0.0976,0.1036,0.1032,16
ISTGNN_PeMSD7_flow,260,0.1190,0.0940;0.0972,0.1034,0.1032,17
ISTGNN_PeMSD7_flow,261,0.1194,0.0941;0.0969,0.1035,0.1032,18
ISTGNN_PeMSD7_flow,262,0.1201,0.0952;0.0968,0.1040,0.1032,19
ISTGNN_PeMSD7_flow,263,0.1195,0.0950;0.0966,0.1037,0.1032,20
ISTGNN_PeMSD7_flow,264,0.1196,0.0941;0.0982,0.1040,0.1032,21
ISTGNN_PeMSD7_flow,265,0.1193,0.0940;0.0965,0.1033,0.1032,22
ISTGNN_PeMSD7_flow,266,0.1194,0.0941;0.0967,0.1034,0.1032,23
ISTGNN_PeMSD7_flow,267,0.1199,0.0945;0.0970,0.1038,0.1032,24
ISTGNN_PeMSD7_flow,268,0.1196,0.0940;0.0968,0.1035,0.1032,25
ISTGNN_PeMSD7_flow,269,0.1192,0.0941;0.0967,0.1033,0.1032,26
ISTGNN_PeMSD7_flow,270,0.1189,0.0949;0.0982,0.1040,0.1032,27
ISTGNN_PeMSD7_flow,271,0.1192,0.0944;0.0972,0.1036,0.1032,28
ISTGNN_PeMSD7_flow,272,0.1193,0.0946;0.0968,0.1036,0.1032,29
ISTGNN_PeMSD7_flow,273,0.1192,0.0945;0.0972,0.1036,0.1032,30
ISTGNN_PeMSD7_flow,274,0.1189,0.0957;0.0977,0.1041,0.1032,31
ISTGNN_PeMSD7_flow,275,0.1189,0.0940;0.0970,0.1033,0.1032,32
ISTGNN_PeMSD7_flow,276,0.1202,0.0946;0.0977,0.1041,0.1032,33
ISTGNN_PeMSD7_flow,277,0.1195,0.0949;0.0967,0.1037,0.1032,34
ISTGNN_PeMSD7_flow,278,0.1196,0.0954;0.0975,0.1042,0.1032,35
ISTGNN_PeMSD7_flow,279,0.1199,0.0942;0.0967,0.1036,0.1032,36
ISTGNN_PeMSD7_flow,280,0.1194,0.0961;0.0967,0.1040,0.1032,37
ISTGNN_PeMSD7_flow,281,0.1200,0.0957;0.0967,0.1041,0.1032,38
ISTGNN_PeMSD7_flow,282,0.1195,0.0946;0.0963,0.1035,0.1032,39
ISTGNN_PeMSD7_flow,283,0.1192,0.0953;0.0967,0.1038,0.1032,40
ISTGNN_PeMSD7_flow,284,0.1192,0.0942;0.0976,0.1037,0.1032,41
ISTGNN_PeMSD7_flow,285,0.1197,0.0940;0.0973,0.1037,0.1032,42
ISTGNN_PeMSD7_flow,286,0.1206,0.0942;0.0971,0.1040,0.1032,43
ISTGNN_PeMSD7_flow,287,0.1188,0.0944;0.0962,0.1031,0.1031,0
ISTGNN_PeMSD7_flow,288,0.1188,0.0946;0.0963,0.1032,0.1031,1
ISTGNN_PeMSD7_flow,289,0.1191,0.0940;0.0965,0.1032,0.1031,2
ISTGNN_PeMSD7_flow,290,0.1189,0.0940;0.0974,0.1034,0.1031,3
ISTGNN_PeMSD7_flow,291,0.1197,0.0945;0.0966,0.1036,0.1031,4
ISTGNN_PeMSD7_flow,292,0.1191,0.0957;0.0973,0.1040,0.1031,5
ISTGNN_PeMSD7_flow,293,0.1191,0.0944;0.0965,0.1033,0.1031,6
ISTGNN_PeMSD7_flow,294,0.1191,0.0943;0.0965,0.1033,0.1031,7
ISTGNN_PeMSD7_flow,295,0.1199,0.0940;0.0971,0.1037,0.1031,8
ISTGNN_PeMSD7_flow,296,0.1190,0.0944;0.0968,0.1034,0.1031,9
ISTGNN_PeMSD7_flow,297,0.1196,0.0940;0.0969,0.1035,0.1031,10
ISTGNN_PeMSD7_flow,298,0.1189,0.0942;0.0963,0.1031,0.1031,11
ISTGNN_PeMSD7_flow,299,0.1189,0.0943;0.0969,0.1034,0.1031,12
ISTGNN_PeMSD7_flow,300,0.1210,0.0951;0.0967,0.1043,0.1031,13
ISTGNN_PeMSD7_flow,301,0.1190,0.0956;0.0966,0.1037,0.1031,14
ISTGNN_PeMSD7_flow,302,0.1190,0.0943;0.0968,0.1034,0.1031,15
ISTGNN_PeMSD7_flow,303,0.1188,0.0942;0.0964,0.1031,0.1031,16
ISTGNN_PeMSD7_flow,304,0.1197,0.0940;0.0967,0.1034,0.1031,17
ISTGNN_PeMSD7_flow,305,0.1188,0.0939;0.0964,0.1031,0.1031,18
ISTGNN_PeMSD7_flow,306,0.1193,0.0945;0.0971,0.1037,0.1031,19
ISTGNN_PeMSD7_flow,307,0.1193,0.0946;0.0962,0.1034,0.1031,20
ISTGNN_PeMSD7_flow,308,0.1195,0.0952;0.0966,0.1038,0.1031,21
ISTGNN_PeMSD7_flow,309,0.1196,0.0959;0.0971,0.1042,0.1031,22
ISTGNN_PeMSD7_flow,310,0.1187,0.0947;0.0966,0.1033,0.1031,23
ISTGNN_PeMSD7_flow,311,0.1194,0.0941;0.0966,0.1034,0.1031,24
ISTGNN_PeMSD7_flow,312,0.1192,0.0941;0.0960,0.1031,0.1031,25
ISTGNN_PeMSD7_flow,313,0.1192,0.0944;0.0969,0.1035,0.1031,26
ISTGNN_PeMSD7_flow,314,0.1187,0.0941;0.0973,0.1034,0.1031,27
ISTGNN_PeMSD7_flow,315,0.1194,0.0942;0.0962,0.1032,0.1031,28
ISTGNN_PeMSD7_flow,316,0.1191,0.0940;0.0968,0.1033,0.1031,29
ISTGNN_PeMSD7_flow,317,0.1196,0.0942;0.0967,0.1035,0.1031,30
ISTGNN_PeMSD7_flow,318,0.1191,0.0939;0.0962,0.1031,0.1031,31
ISTGNN_PeMSD7_flow,319,0.1187,0.0942;0.0972,0.1034,0.1031,32
ISTGNN_PeMSD7_flow,320,0.1190,0.0952;0.0978,0.1040,0.1031,33
ISTGNN_PeMSD7_flow,321,0.1191,0.0943;0.0969,0.1034,0.1031,34
ISTGNN_PeMSD7_flow,322,0.1188,0.0940;0.0964,0.1031,0.1031,35
ISTGNN_PeMSD7_flow,323,0.1192,0.0945;0.0968,0.1035,0.1031,36
ISTGNN_PeMSD7_flow,324,0.1190,0.0944;0.0966,0.1033,0.1031,37
ISTGNN_PeMSD7_flow,325,0.1200,0.0945;0.0963,0.1036,0.1031,38
ISTGNN_PeMSD7_flow,326,0.1194,0.0942;0.0973,0.1036,0.1031,39
ISTGNN_PeMSD7_flow,327,0.1196,0.0941;0.0972,0.1037,0.1031,40
ISTGNN_PeMSD7_flow,328,0.1191,0.0940;0.0971,0.1034,0.1031,41
ISTGNN_PeMSD7_flow,329,0.1188,0.0941;0.0967,0.1032,0.1031,42
ISTGNN_PeMSD7_flow,330,0.1196,0.0938;0.0966,0.1033,0.1031,43
ISTGNN_PeMSD7_flow,331,0.1192,0.0945;0.0967,0.1035,0.1031,44
ISTGNN_PeMSD7_flow,332,0.1186,0.0943;0.0965,0.1032,0.1031,45
ISTGNN_PeMSD7_flow,333,0.1193,0.0943;0.0966,0.1034,0.1031,46
ISTGNN_PeMSD7_flow,334,0.1188,0.0943;0.0968,0.1033,0.1031,47
ISTGNN_PeMSD7_flow,335,0.1195,0.0943;0.0965,0.1034,0.1031,48
ISTGNN_PeMSD7_flow,336,0.1193,0.0938;0.0965,0.1032,0.1031,49
ISTGNN_PeMSD7_flow,337,0.1187,0.0942;0.0971,0.1033,0.1031,50
ISTGNN_PeMSD7_speed,1,0.1639,0.1419;0.1487,0.1515,0.1515,0
ISTGNN_PeMSD7_speed,2,0.1621,0.1401;0.1461,0.1494,0.1494,0
ISTGNN_PeMSD7_speed,3,0.1626,0.1393;0.1467,0.1495,0.1494,1
ISTGNN_PeMSD7_speed,4,0.1607,0.1424;0.1452,0.1494,0.1494,2
ISTGNN_PeMSD7_speed,5,0.1630,0.1409;0.1460,0.1499,0.1494,3
ISTGNN_PeMSD7_speed,6,0.1606,0.1396;0.1446,0.1483,0.1483,0
ISTGNN_PeMSD7_speed,7,0.1606,0.1409;0.1447,0.1488,0.1483,1
ISTGNN_PeMSD7_speed,8,0.1626,0.1381;0.1440,0.1482,0.1483,2
ISTGNN_PeMSD7_speed,9,0.1597,0.1378;0.1493,0.1489,0.1483,3
ISTGNN_PeMSD7_speed,10,0.1591,0.1393;0.1436,0.1473,0.1473,0
ISTGNN_PeMSD7_speed,11,0.1603,0.1390;0.1436,0.1476,0.1473,1
ISTGNN_PeMSD7_speed,12,0.1598,0.1403;0.1440,0.1481,0.1473,2
ISTGNN_PeMSD7_speed,13,0.1604,0.1375;0.1463,0.1481,0.1473,3
ISTGNN_PeMSD7_speed,14,0.1599,0.1378;0.1482,0.1486,0.1473,4
ISTGNN_PeMSD7_speed,15,0.1632,0.1365;0.1431,0.1476,0.1473,5
ISTGNN_PeMSD7_speed,16,0.1613,0.1382;0.1447,0.1481,0.1473,6
ISTGNN_PeMSD7_speed,17,0.1587,0.1392;0.1418,0.1466,0.1466,0
ISTGNN_PeMSD7_speed,18,0.1580,0.1384;0.1417,0.1460,0.1460,0
ISTGNN_PeMSD7_speed,19,0.1599,0.1390;0.1427,0.1472,0.1460,1
ISTGNN_PeMSD7_speed,20,0.1583,0.1366;0.1432,0.1460,0.1460,2
ISTGNN_PeMSD7_speed,21,0.1579,0.1378;0.1431,0.1463,0.1460,3
ISTGNN_PeMSD7_speed,22,0.1606,0.1377;0.1418,0.1467,0.1460,4
ISTGNN_PeMSD7_speed,23,0.1601,0.1386;0.1439,0.1475,0.1460,5
ISTGNN_PeMSD7_speed,24,0.1599,0.1371;0.1438,0.1469,0.1460,6
ISTGNN_PeMSD7_speed,25,0.1599,0.1369;0.1411,0.1460,0.1460,7
ISTGNN_PeMSD7_speed,26,0.1585,0.1365;0.1433,0.1461,0.1460,8
ISTGNN_PeMSD7_speed,27,0.1578,0.1389;0.1426,0.1465,0.1460,9
ISTGNN_PeMSD7_speed,28,0.1593,0.1362;0.1441,0.1465,0.1460,10
ISTGNN_PeMSD7_speed,29,0.1591,0.1351;0.1410,0.1451,0.1451,0
ISTGNN_PeMSD7_speed,30,0.1578,0.1402;0.1418,0.1466,0.1451,1
ISTGNN_PeMSD7_speed,31,0.1565,0.1364;0.1454,0.1461,0.1451,2
ISTGNN_PeMSD7_speed,32,0.1610,0.1352;0.1454,0.1472,0.1451,3
ISTGNN_PeMSD7_speed,33,0.1592,0.1357;0.1413,0.1454,0.1451,4
ISTGNN_PeMSD7_speed,34,0.1570,0.1410;0.1431,0.1471,0.1451,5
ISTGNN_PeMSD7_speed,35,0.1596,0.1357;0.1420,0.1457,0.1451,6
ISTGNN_PeMSD7_speed,36,0.1589,0.1381;0.1449,0.1473,0.1451,7
ISTGNN_PeMSD7_speed,37,0.1568,0.1356;0.1415,0.1446,0.1446,0
ISTGNN_PeMSD7_speed,38,0.1572,0.1367;0.1438,0.1459,0.1446,1
ISTGNN_PeMSD7_speed,39,0.1599,0.1363;0.1437,0.1466,0.1446,2
ISTGNN_PeMSD7_speed,40,0.1580,0.1352;0.1425,0.1452,0.1446,3
ISTGNN_PeMSD7_speed,41,0.1572,0.1349;0.1427,0.1450,0.1446,4
ISTGNN_PeMSD7_speed,42,0.1622,0.1378;0.1407,0.1469,0.1446,5
ISTGNN_PeMSD7_speed,43,0.1590,0.1348;0.1403,0.1447,0.1446,6
ISTGNN_PeMSD7_speed,44,0.1594,0.1366;0.1413,0.1458,0.1446,7
ISTGNN_PeMSD7_speed,45,0.1580,0.1383;0.1419,0.1461,0.1446,8
ISTGNN_PeMSD7_speed,46,0.1569,0.1357;0.1414,0.1447,0.1446,9
ISTGNN_PeMSD7_speed,47,0.1590,0.1347;0.1439,0.1459,0.1446,10
ISTGNN_PeMSD7_speed,48,0.1570,0.1362;0.1419,0.1450,0.1446,11
ISTGNN_PeMSD7_speed,49,0.1598,0.1355;0.1399,0.1451,0.1446,12
ISTGNN_PeMSD7_speed,50,0.1578,0.1364;0.1394,0.1445,0.1446,13
ISTGNN_PeMSD7_speed,51,0.1597,0.1390;0.1393,0.1460,0.1446,14
ISTGNN_PeMSD7_speed,52,0.1570,0.1359;0.1420,0.1450,0.1446,15
ISTGNN_PeMSD7_speed,53,0.1566,0.1356;0.1411,0.1444,0.1444,0
ISTGNN_PeMSD7_speed,54,0.1579,0.1361;0.1434,0.1458,0.1444,1
ISTGNN_PeMSD7_speed,55,0.1582,0.1360;0.1400,0.1447,0.1444,2
ISTGNN_PeMSD7_speed,56,0.1577,0.1357;0.1424,0.1453,0.1444,3
ISTGNN_PeMSD7_speed,57,0.1599,0.1385;0.1430,0.1471,0.1444,4
ISTGNN_PeMSD7_speed,58,0.1598,0.1355;0.1425,0.1459,0.1444,5
ISTGNN_PeMSD7_speed,59,0.1571,0.1359;0.1400,0.1444,0.1444,6
ISTGNN_PeMSD7_speed,60,0.1576,0.1358;0.1399,0.1445,0.1444,7
ISTGNN_PeMSD7_speed,61,0.1581,0.1358;0.1405,0.1448,0.1444,8
ISTGNN_PeMSD7_speed,62,0.1565,0.1345;0.1436,0.1449,0.1444,9
ISTGNN_PeMSD7_speed,63,0.1581,0.1355;0.1405,0.1447,0.1444,10
ISTGNN_PeMSD7_speed,64,0.1589,0.1357;0.1427,0.1458,0.1444,11
ISTGNN_PeMSD7_speed,65,0.1571,0.1422;0.1425,0.1473,0.1444,12
ISTGNN_PeMSD7_speed,66,0.1585,0.1372;0.1395,0.1451,0.1444,13
ISTGNN_PeMSD7_speed,67,0.1603,0.1352;0.1405,0.1453,0.1444,14
ISTGNN_PeMSD7_speed,68,0.1572,0.1374;0.1403,0.1450,0.1444,15
ISTGNN_PeMSD7_speed,69,0.1568,0.1360;0.1403,0.1444,0.1444,16
ISTGNN_PeMSD7_speed,70,0.1590,0.1387;0.1397,0.1458,0.1444,17
ISTGNN_PeMSD7_speed,71,0.1564,0.1383;0.1429,0.1459,0.1444,18
ISTGNN_PeMSD7_speed,72,0.1575,0.1351;0.1398,0.1441,0.1441,0
ISTGNN_PeMSD7_speed,73,0.1578,0.1408;0.1410,0.1465,0.1441,1
ISTGNN_PeMSD7_speed,74,0.1560,0.1359;0.1396,0.1438,0.1438,0
ISTGNN_PeMSD7_speed,75,0.1568,0.1355;0.1421,0.1448,0.1438,1
ISTGNN_PeMSD7_speed,76,0.1566,0.1355;0.1395,0.1439,0.1438,2
ISTGNN_PeMSD7_speed,77,0.1583,0.1373;0.1423,0.1460,0.1438,3
ISTGNN_PeMSD7_speed,78,0.1564,0.1353;0.1413,0.1443,0.1438,4
ISTGNN_PeMSD7_speed,79,0.1575,0.1371;0.1421,0.1455,0.1438,5
ISTGNN_PeMSD7_speed,80,0.1559,0.1357;0.1402,0.1439,0.1438,6
ISTGNN_PeMSD7_speed,81,0.1567,0.1367;0.1440,0.1458,0.1438,7
ISTGNN_PeMSD7_speed,82,0.1570,0.1393;0.1421,0.1461,0.1438,8
ISTGNN_PeMSD7_speed,83,0.1565,0.1358;0.1408,0.1444,0.1438,9
ISTGNN_PeMSD7_speed,84,0.1575,0.1362;0.1417,0.1451,0.1438,10
ISTGNN_PeMSD7_speed,85,0.1574,0.1390;0.1424,0.1463,0.1438,11
ISTGNN_PeMSD7_speed,86,0.1574,0.1347;0.1410,0.1444,0.1438,12
ISTGNN_PeMSD7_speed,87,0.1617,0.1355;0.1426,0.1466,0.1438,13
ISTGNN_PeMSD7_speed,88,0.1586,0.1351;0.1409,0.1449,0.1438,14
ISTGNN_PeMSD7_speed,89,0.1566,0.1353;0.1430,0.1450,0.1438,15
ISTGNN_PeMSD7_speed,90,0.1596,0.1377;0.1412,0.1462,0.1438,16
ISTGNN_PeMSD7_speed,91,0.1583,0.1359;0.1400,0.1447,0.1438,17
ISTGNN_PeMSD7_speed,92,0.1577,0.1361;0.1424,0.1454,0.1438,18
ISTGNN_PeMSD7_speed,93,0.1571,0.1362;0.1402,0.1445,0.1438,19
ISTGNN_PeMSD7_speed,94,0.1576,0.1353;0.1398,0.1443,0.1438,20
ISTGNN_PeMSD7_speed,95,0.1589,0.1342;0.1404,0.1445,0.1438,21
ISTGNN_PeMSD7_speed,96,0.1557,0.1360;0.1402,0.1440,0.1438,22
ISTGNN_PeMSD7_speed,97,0.1578,0.1352;0.1429,0.1453,0.1438,23
ISTGNN_PeMSD7_speed,98,0.1566,0.1352;0.1396,0.1438,0.1438,24
ISTGNN_PeMSD7_speed,99,0.1579,0.1355;0.1389,0.1441,0.1438,25
ISTGNN_PeMSD7_speed,100,0.1565,0.1349;0.1397,0.1437,0.1437,0
ISTGNN_PeMSD7_speed,101,0.1589,0.1359;0.1406,0.1451,0.1437,1
ISTGNN_PeMSD7_speed,102,0.1587,0.1353;0.1402,0.1447,0.1437,2
ISTGNN_PeMSD7_speed,103,0.1580,0.1377;0.1401,0.1453,0.1437,3
ISTGNN_PeMSD7_speed,104,0.1563,0.1379;0.1399,0.1447,0.1437,4
ISTGNN_PeMSD7_speed,105,0.1584,0.1355;0.1444,0.1461,0.1437,5
ISTGNN_PeMSD7_speed,106,0.1582,0.1385;0.1388,0.1452,0.1437,6
ISTGNN_PeMSD7_speed,107,0.1601,0.1348;0.1406,0.1452,0.1437,7
ISTGNN_PeMSD7_speed,108,0.1588,0.1347;0.1453,0.1463,0.1437,8
ISTGNN_PeMSD7_speed,109,0.1559,0.1364;0.1395,0.1439,0.1437,9
ISTGNN_PeMSD7_speed,110,0.1559,0.1370;0.1411,0.1447,0.1437,10
ISTGNN_PeMSD7_speed,111,0.1572,0.1343;0.1396,0.1437,0.1437,11
ISTGNN_PeMSD7_speed,112,0.1576,0.1361;0.1425,0.1454,0.1437,12
ISTGNN_PeMSD7_speed,113,0.1566,0.1348;0.1441,0.1452,0.1437,13
ISTGNN_PeMSD7_speed,114,0.1563,0.1372;0.1416,0.1450,0.1437,14
ISTGNN_PeMSD7_speed,115,0.1560,0.1361;0.1407,0.1443,0.1437,15
ISTGNN_PeMSD7_speed,116,0.1566,0.1392;0.1412,0.1457,0.1437,16
ISTGNN_PeMSD7_speed,117,0.1564,0.1357;0.1436,0.1453,0.1437,17
ISTGNN_PeMSD7_speed,118,0.1595,0.1350;0.1408,0.1451,0.1437,18
ISTGNN_PeMSD7_speed,119,0.1593,0.1348;0.1435,0.1458,0.1437,19
ISTGNN_PeMSD7_speed,120,0.1585,0.1357;0.1401,0.1448,0.1437,20
ISTGNN_PeMSD7_speed,121,0.1573,0.1345;0.1401,0.1440,0.1437,21
ISTGNN_PeMSD7_speed,122,0.1575,0.1356;0.1403,0.1444,0.1437,22
ISTGNN_PeMSD7_speed,123,0.1572,0.1372;0.1397,0.1447,0.1437,23
ISTGNN_PeMSD7_speed,124,0.1562,0.1378;0.1430,0.1457,0.1437,24
ISTGNN_PeMSD7_speed,125,0.1572,0.1351;0.1427,0.1450,0.1437,25
ISTGNN_PeMSD7_speed,126,0.1604,0.1364;0.1392,0.1453,0.1437,26
ISTGNN_PeMSD7_speed,127,0.1574,0.1357;0.1388,0.1440,0.1437,27
ISTGNN_PeMSD7_speed,128,0.1577,0.1358;0.1427,0.1454,0.1437,28
ISTGNN_PeMSD7_speed,129,0.1571,0.1351;0.1389,0.1437,0.1437,29
ISTGNN_PeMSD7_speed,130,0.1555,0.1347;0.1431,0.1444,0.1437,30
ISTGNN_PeMSD7_speed,131,0.1559,0.1346;0.1433,0.1446,0.1437,31
ISTGNN_PeMSD7_speed,132,0.1585,0.1353;0.1412,0.1450,0.1437,32
ISTGNN_PeMSD7_speed,133,0.1578,0.1347;0.1425,0.1450,0.1437,33
ISTGNN_PeMSD7_speed,134,0.1575,0.1350;0.1396,0.1440,0.1437,34
ISTGNN_PeMSD7_speed,135,0.1557,0.1352;0.1392,0.1434,0.1434,0
ISTGNN_PeMSD7_speed,136,0.1554,0.1372;0.1401,0.1442,0.1434,1
ISTGNN_PeMSD7_speed,137,0.1577,0.1381;0.1410,0.1456,0.1434,2
ISTGNN_PeMSD7_speed,138,0.1560,0.1347;0.1442,0.1450,0.1434,3
ISTGNN_PeMSD7_speed,139,0.1561,0.1357;0.1405,0.1441,0.1434,4
ISTGNN_PeMSD7_speed,140,0.1560,0.1402;0.1388,0.1450,0.1434,5
ISTGNN_PeMSD7_speed,141,0.1587,0.1364;0.1416,0.1455,0.1434,6
ISTGNN_PeMSD7_speed,142,0.1576,0.1384;0.1394,0.1451,0.1434,7
ISTGNN_PeMSD7_speed,143,0.1567,0.1352;0.1418,0.1446,0.1434,8
ISTGNN_PeMSD7_speed,144,0.1574,0.1345;0.1405,0.1441,0.1434,9
ISTGNN_PeMSD7_speed,145,0.1578,0.1359;0.1468,0.1468,0.1434,10
ISTGNN_PeMSD7_speed,146,0.1569,0.1348;0.1408,0.1441,0.1434,11
ISTGNN_PeMSD7_speed,147,0.1575,0.1353;0.1404,0.1444,0.1434,12
ISTGNN_PeMSD7_speed,148,0.1574,0.1351;0.1420,0.1449,0.1434,13
ISTGNN_PeMSD7_speed,149,0.1571,0.1341;0.1398,0.1437,0.1434,14
ISTGNN_PeMSD7_speed,150,0.1565,0.1339;0.1398,0.1434,0.1434,15
ISTGNN_PeMSD7_speed,151,0.1572,0.1344;0.1396,0.1437,0.1434,16
ISTGNN_PeMSD7_speed,152,0.1568,0.1358;0.1399,0.1442,0.1434,17
ISTGNN_PeMSD7_speed,153,0.1573,0.1366;0.1395,0.1445,0.1434,18
ISTGNN_PeMSD7_speed,154,0.1588,0.1352;0.1454,0.1465,0.1434,19
ISTGNN_PeMSD7_speed,155,0.1573,0.1377;0.1387,0.1445,0.1434,20
ISTGNN_PeMSD7_speed,156,0.1571,0.1354;0.1428,0.1451,0.1434,21
ISTGNN_PeMSD7_speed,157,0.1588,0.1355;0.1418,0.1454,0.1434,22
ISTGNN_PeMSD7_speed,158,0.1589,0.1360;0.1403,0.1451,0.1434,23
ISTGNN_PeMSD7_speed,159,0.1589,0.1355;0.1437,0.1460,0.1434,24
ISTGNN_PeMSD7_speed,160,0.1602,0.1358;0.1401,0.1454,0.1434,25
ISTGNN_PeMSD7_speed,161,0.1567,0.1362;0.1421,0.1450,0.1434,26
ISTGNN_PeMSD7_speed,162,0.1567,0.1364;0.1402,0.1444,0.1434,27
ISTGNN_PeMSD7_speed,163,0.1584,0.1363;0.1394,0.1447,0.1434,28
ISTGNN_PeMSD7_speed,164,0.1568,0.1359;0.1407,0.1445,0.1434,29
ISTGNN_PeMSD7_speed,165,0.1570,0.1366;0.1390,0.1442,0.1434,30
ISTGNN_PeMSD7_speed,166,0.1565,0.1373;0.1422,0.1453,0.1434,31
ISTGNN_PeMSD7_speed,167,0.1574,0.1343;0.1418,0.1445,0.1434,32
ISTGNN_PeMSD7_speed,168,0.1583,0.1355;0.1401,0.1446,0.1434,33
ISTGNN_PeMSD7_speed,169,0.1563,0.1341;0.1412,0.1439,0.1434,34
ISTGNN_PeMSD7_speed,170,0.1570,0.1359;0.1424,0.1451,0.1434,35
ISTGNN_PeMSD7_speed,171,0.1555,0.1378;0.1390,0.1441,0.1434,36
ISTGNN_PeMSD7_speed,172,0.1567,0.1349;0.1407,0.1441,0.1434,37
ISTGNN_PeMSD7_speed,173,0.1561,0.1345;0.1425,0.1444,0.1434,38
ISTGNN_PeMSD7_speed,174,0.1565,0.1349;0.1410,0.1441,0.1434,39
ISTGNN_PeMSD7_speed,175,0.1559,0.1349;0.1382,0.1430,0.1430,0
ISTGNN_PeMSD7_speed,176,0.1572,0.1344;0.1388,0.1434,0.1430,1
ISTGNN_PeMSD7_speed,177,0.1573,0.1363;0.1404,0.1447,0.1430,2
ISTGNN_PeMSD7_speed,178,0.1558,0.1350;0.1399,0.1436,0.1430,3
ISTGNN_PeMSD7_speed,179,0.1587,0.1388;0.1393,0.1456,0.1430,4
ISTGNN_PeMSD7_speed,180,0.1563,0.1361;0.1417,0.1447,0.1430,5
ISTGNN_PeMSD7_speed,181,0.1608,0.1388;0.1408,0.1468,0.1430,6
ISTGNN_PeMSD7_speed,182,0.1561,0.1352;0.1412,0.1442,0.1430,7
ISTGNN_PeMSD7_speed,183,0.1566,0.1342;0.1395,0.1434,0.1430,8
ISTGNN_PeMSD7_speed,184,0.1581,0.1360;0.1393,0.1445,0.1430,9
ISTGNN_PeMSD7_speed,185,0.1581,0.1344;0.1417,0.1447,0.1430,10
ISTGNN_PeMSD7_speed,186,0.1571,0.1340;0.1401,0.1437,0.1430,11
ISTGNN_PeMSD7_speed,187,0.1583,0.1384;0.1397,0.1455,0.1430,12
ISTGNN_PeMSD7_speed,188,0.1577,0.1364;0.1407,0.1449,0.1430,13
ISTGNN_PeMSD7_speed,189,0.1573,0.1354;0.1394,0.1440,0.1430,14
ISTGNN_PeMSD7_speed,190,0.1603,0.1348;0.1388,0.1446,0.1430,15
ISTGNN_PeMSD7_speed,191,0.1569,0.1347;0.1389,0.1435,0.1430,16
ISTGNN_PeMSD7_speed,192,0.1569,0.1356;0.1417,0.1447,0.1430,17
ISTGNN_PeMSD7_speed,193,0.1574,0.1355;0.1397,0.1442,0.1430,18
ISTGNN_PeMSD7_speed,194,0.1568,0.1338;0.1396,0.1434,0.1430,19
ISTGNN_PeMSD7_speed,195,0.1566,0.1356;0.1399,0.1441,0.1430,20
ISTGNN_PeMSD7_speed,196,0.1564,0.1357;0.1433,0.1451,0.1430,21
ISTGNN_PeMSD7_speed,197,0.1568,0.1359;0.1388,0.1438,0.1430,22
ISTGNN_PeMSD7_speed,198,0.1577,0.1343;0.1407,0.1442,0.1430,23
ISTGNN_PeMSD7_speed,199,0.1567,0.1348;0.1411,0.1442,0.1430,24
ISTGNN_PeMSD7_speed,200,0.1580,0.1352;0.1403,0.1445,0.1430,25
ISTGNN_PeMSD7_speed,201,0.1573,0.1351;0.1439,0.1454,0.1430,26
ISTGNN_PeMSD7_speed,202,0.1587,0.1371;0.1409,0.1455,0.1430,27
ISTGNN_PeMSD7_speed,203,0.1572,0.1353;0.1428,0.1451,0.1430,28
ISTGNN_PeMSD7_speed,204,0.1581,0.1358;0.1394,0.1444,0.1430,29
ISTGNN_PeMSD7_speed,205,0.1561,0.1368;0.1404,0.1444,0.1430,30
ISTGNN_PeMSD7_speed,206,0.1566,0.1337;0.1411,0.1438,0.1430,31
ISTGNN_PeMSD7_speed,207,0.1565,0.1355;0.1398,0.1439,0.1430,32
ISTGNN_PeMSD7_speed,208,0.1555,0.1357;0.1404,0.1438,0.1430,33
ISTGNN_PeMSD7_speed,209,0.1572,0.1397;0.1402,0.1457,0.1430,34
ISTGNN_PeMSD7_speed,210,0.1579,0.1351;0.1409,0.1446,0.1430,35
ISTGNN_PeMSD7_speed,211,0.1572,0.1369;0.1410,0.1450,0.1430,36
ISTGNN_PeMSD7_speed,212,0.1582,0.1358;0.1409,0.1449,0.1430,37
ISTGNN_PeMSD7_speed,213,0.1565,0.1354;0.1404,0.1441,0.1430,38
ISTGNN_PeMSD7_speed,214,0.1559,0.1360;0.1417,0.1445,0.1430,39
ISTGNN_PeMSD7_speed,215,0.1576,0.1350;0.1393,0.1440,0.1430,40
ISTGNN_PeMSD7_speed,216,0.1570,0.1346;0.1406,0.1440,0.1430,41
ISTGNN_PeMSD7_speed,217,0.1564,0.1353;0.1397,0.1438,0.1430,42
ISTGNN_PeMSD7_speed,218,0.1557,0.1350;0.1406,0.1438,0.1430,43
ISTGNN_PeMSD7_speed,219,0.1572,0.1350;0.1417,0.1446,0.1430,44
ISTGNN_PeMSD7_speed,220,0.1573,0.1365;0.1411,0.1450,0.1430,45
ISTGNN_PeMSD7_speed,221,0.1571,0.1352;0.1413,0.1445,0.1430,46
ISTGNN_PeMSD7_speed,222,0.1574,0.1344;0.1399,0.1439,0.1430,47
ISTGNN_PeMSD7_speed,223,0.1579,0.1350;0.1391,0.1440,0.1430,48
ISTGNN_PeMSD7_speed,224,0.1572,0.1356;0.1442,0.1457,0.1430,49
ISTGNN_PeMSD7_speed,225,0.1598,0.1349;0.1384,0.1443,0.1430,50
ISTGNN_PeMSD7_occ,1,0.1847,0.1623;0.1754,0.1741,0.1741,0
ISTGNN_PeMSD7_occ,2,0.1805,0.1585;0.1703,0.1698,0.1698,0
ISTGNN_PeMSD7_occ,3,0.1840,0.1590;0.1691,0.1707,0.1698,1
ISTGNN_PeMSD7_occ,4,0.1780,0.1570;0.1700,0.1683,0.1683,0
ISTGNN_PeMSD7_occ,5,0.1771,0.1596;0.1682,0.1683,0.1683,1
ISTGNN_PeMSD7_occ,6,0.1792,0.1596;0.1699,0.1696,0.1683,2
ISTGNN_PeMSD7_occ,7,0.1790,0.1565;0.1660,0.1671,0.1671,0
ISTGNN_PeMSD7_occ,8,0.1770,0.1582;0.1848,0.1733,0.1671,1
ISTGNN_PeMSD7_occ,9,0.1759,0.1550;0.1738,0.1682,0.1671,2
ISTGNN_PeMSD7_occ,10,0.1787,0.1564;0.1672,0.1674,0.1671,3
ISTGNN_PeMSD7_occ,11,0.1761,0.1556;0.1687,0.1668,0.1668,0
ISTGNN_PeMSD7_occ,12,0.1767,0.1584;0.1679,0.1677,0.1668,1
ISTGNN_PeMSD7_occ,13,0.1827,0.1568;0.1674,0.1690,0.1668,2
ISTGNN_PeMSD7_occ,14,0.1778,0.1545;0.1671,0.1665,0.1665,0
ISTGNN_PeMSD7_occ,15,0.1771,0.1541;0.1671,0.1661,0.1661,0
ISTGNN_PeMSD7_occ,16,0.1761,0.1557;0.1666,0.1661,0.1661,1
ISTGNN_PeMSD7_occ,17,0.1798,0.1563;0.1671,0.1677,0.1661,2
ISTGNN_PeMSD7_occ,18,0.1755,0.1559;0.1665,0.1659,0.1659,0
ISTGNN_PeMSD7_occ,19,0.1778,0.1555;0.1683,0.1672,0.1659,1
ISTGNN_PeMSD7_occ,20,0.1781,0.1558;0.1656,0.1665,0.1659,2
ISTGNN_PeMSD7_occ,21,0.1804,0.1578;0.1674,0.1685,0.1659,3
ISTGNN_PeMSD7_occ,22,0.1743,0.1544;0.1663,0.1650,0.1650,0
ISTGNN_PeMSD7_occ,23,0.1741,0.1560;0.1650,0.1650,0.1650,1
ISTGNN_PeMSD7_occ,24,0.1745,0.1554;0.1652,0.1650,0.1650,2
ISTGNN_PeMSD7_occ,25,0.1788,0.1562;0.1670,0.1673,0.1650,3
ISTGNN_PeMSD7_occ,26,0.1743,0.1537;0.1671,0.1650,0.1650,4
ISTGNN_PeMSD7_occ,27,0.1756,0.1547;0.1660,0.1654,0.1650,5
ISTGNN_PeMSD7_occ,28,0.1742,0.1573;0.1654,0.1656,0.1650,6
ISTGNN_PeMSD7_occ,29,0.1765,0.1535;0.1667,0.1656,0.1650,7
ISTGNN_PeMSD7_occ,30,0.1736,0.1546;0.1704,0.1662,0.1650,8
ISTGNN_PeMSD7_occ,31,0.1747,0.1551;0.1690,0.1663,0.1650,9
ISTGNN_PeMSD7_occ,32,0.1760,0.1532;0.1681,0.1658,0.1650,10
ISTGNN_PeMSD7_occ,33,0.1747,0.1540;0.1658,0.1649,0.1649,0
ISTGNN_PeMSD7_occ,34,0.1751,0.1548;0.1667,0.1655,0.1649,1
ISTGNN_PeMSD7_occ,35,0.1798,0.1559;0.1655,0.1670,0.1649,2
ISTGNN_PeMSD7_occ,36,0.1733,0.1589;0.1659,0.1660,0.1649,3
ISTGNN_PeMSD7_occ,37,0.1750,0.1545;0.1646,0.1647,0.1647,0
ISTGNN_PeMSD7_occ,38,0.1748,0.1535;0.1642,0.1641,0.1641,0
ISTGNN_PeMSD7_occ,39,0.1728,0.1538;0.1664,0.1643,0.1641,1
ISTGNN_PeMSD7_occ,40,0.1758,0.1553;0.1652,0.1655,0.1641,2
ISTGNN_PeMSD7_occ,41,0.1763,0.1543;0.1657,0.1654,0.1641,3
ISTGNN_PeMSD7_occ,42,0.1739,0.1531;0.1687,0.1652,0.1641,4
ISTGNN_PeMSD7_occ,43,0.1738,0.1545;0.1662,0.1648,0.1641,5
ISTGNN_PeMSD7_occ,44,0.1751,0.1565;0.1663,0.1660,0.1641,6
ISTGNN_PeMSD7_occ,45,0.1730,0.1564;0.1651,0.1648,0.1641,7
ISTGNN_PeMSD7_occ,46,0.1740,0.1536;0.1656,0.1644,0.1641,8
ISTGNN_PeMSD7_occ,47,0.1729,0.1550;0.1642,0.1640,0.1640,0
ISTGNN_PeMSD7_occ,48,0.1740,0.1555;0.1645,0.1647,0.1640,1
ISTGNN_PeMSD7_occ,49,0.1756,0.1530;0.1671,0.1653,0.1640,2
ISTGNN_PeMSD7_occ,50,0.1740,0.1545;0.1656,0.1647,0.1640,3
ISTGNN_PeMSD7_occ,51,0.1736,0.1563;0.1683,0.1661,0.1640,4
ISTGNN_PeMSD7_occ,52,0.1730,0.1533;0.1669,0.1644,0.1640,5
ISTGNN_PeMSD7_occ,53,0.1764,0.1541;0.1653,0.1652,0.1640,6
ISTGNN_PeMSD7_occ,54,0.1753,0.1570;0.1655,0.1659,0.1640,7
ISTGNN_PeMSD7_occ,55,0.1748,0.1538;0.1659,0.1648,0.1640,8
ISTGNN_PeMSD7_occ,56,0.1739,0.1546;0.1659,0.1648,0.1640,9
ISTGNN_PeMSD7_occ,57,0.1779,0.1551;0.1644,0.1658,0.1640,10
ISTGNN_PeMSD7_occ,58,0.1744,0.1529;0.1652,0.1642,0.1640,11
ISTGNN_PeMSD7_occ,59,0.1738,0.1542;0.1637,0.1639,0.1639,0
ISTGNN_PeMSD7_occ,60,0.1749,0.1534;0.1657,0.1647,0.1639,1
ISTGNN_PeMSD7_occ,61,0.1771,0.1551;0.1646,0.1656,0.1639,2
ISTGNN_PeMSD7_occ,62,0.1747,0.1588;0.1649,0.1662,0.1639,3
ISTGNN_PeMSD7_occ,63,0.1732,0.1530;0.1665,0.1643,0.1639,4
ISTGNN_PeMSD7_occ,64,0.1727,0.1538;0.1652,0.1639,0.1639,5
ISTGNN_PeMSD7_occ,65,0.1745,0.1528;0.1635,0.1636,0.1636,0
ISTGNN_PeMSD7_occ,66,0.1737,0.1555;0.1667,0.1653,0.1636,1
ISTGNN_PeMSD7_occ,67,0.1738,0.1538;0.1643,0.1640,0.1636,2
ISTGNN_PeMSD7_occ,68,0.1720,0.1523;0.1654,0.1632,0.1632,0
ISTGNN_PeMSD7_occ,69,0.1744,0.1531;0.1639,0.1638,0.1632,1
ISTGNN_PeMSD7_occ,70,0.1732,0.1520;0.1638,0.1630,0.1630,0
ISTGNN_PeMSD7_occ,71,0.1741,0.1526;0.1642,0.1636,0.1630,1
ISTGNN_PeMSD7_occ,72,0.1752,0.1547;0.1639,0.1646,0.1630,2
ISTGNN_PeMSD7_occ,73,0.1721,0.1535;0.1644,0.1633,0.1630,3
ISTGNN_PeMSD7_occ,74,0.1752,0.1541;0.1648,0.1647,0.1630,4
ISTGNN_PeMSD7_occ,75,0.1729,0.1533;0.1654,0.1639,0.1630,5
ISTGNN_PeMSD7_occ,76,0.1729,0.1525;0.1639,0.1631,0.1630,6
ISTGNN_PeMSD7_occ,77,0.1724,0.1532;0.1663,0.1639,0.1630,7
ISTGNN_PeMSD7_occ,78,0.1739,0.1525;0.1644,0.1636,0.1630,8
ISTGNN_PeMSD7_occ,79,0.1752,0.1561;0.1658,0.1657,0.1630,9
ISTGNN_PeMSD7_occ,80,0.1770,0.1528;0.1745,0.1681,0.1630,10
ISTGNN_PeMSD7_occ,81,0.1728,0.1572;0.1670,0.1657,0.1630,11
ISTGNN_PeMSD7_occ,82,0.1727,0.1519;0.1642,0.1630,0.1630,12
ISTGNN_PeMSD7_occ,83,0.1722,0.1529;0.1645,0.1632,0.1630,13
ISTGNN_PeMSD7_occ,84,0.1738,0.1530;0.1647,0.1638,0.1630,14
ISTGNN_PeMSD7_occ,85,0.1724,0.1558;0.1645,0.1642,0.1630,15
ISTGNN_PeMSD7_occ,86,0.1729,0.1529;0.1670,0.1643,0.1630,16
ISTGNN_PeMSD7_occ,87,0.1736,0.1522;0.1650,0.1636,0.1630,17
ISTGNN_PeMSD7_occ,88,0.1746,0.1562;0.1657,0.1655,0.1630,18
ISTGNN_PeMSD7_occ,89,0.1729,0.1541;0.1662,0.1644,0.1630,19
ISTGNN_PeMSD7_occ,90,0.1762,0.1538;0.1637,0.1645,0.1630,20
ISTGNN_PeMSD7_occ,91,0.1723,0.1528;0.1644,0.1632,0.1630,21
ISTGNN_PeMSD7_occ,92,0.1729,0.1534;0.1668,0.1643,0.1630,22
ISTGNN_PeMSD7_occ,93,0.1723,0.1531;0.1681,0.1645,0.1630,23
ISTGNN_PeMSD7_occ,94,0.1746,0.1527;0.1657,0.1643,0.1630,24
ISTGNN_PeMSD7_occ,95,0.1726,0.1556;0.1649,0.1644,0.1630,25
ISTGNN_PeMSD7_occ,96,0.1761,0.1532;0.1638,0.1644,0.1630,26
ISTGNN_PeMSD7_occ,97,0.1735,0.1537;0.1636,0.1636,0.1630,27
ISTGNN_PeMSD7_occ,98,0.1722,0.1543;0.1646,0.1637,0.1630,28
ISTGNN_PeMSD7_occ,99,0.1720,0.1524;0.1669,0.1638,0.1630,29
ISTGNN_PeMSD7_occ,100,0.1727,0.1554;0.1653,0.1645,0.1630,30
ISTGNN_PeMSD7_occ,101,0.1741,0.1532;0.1647,0.1640,0.1630,31
ISTGNN_PeMSD7_occ,102,0.1723,0.1545;0.1652,0.1640,0.1630,32
ISTGNN_PeMSD7_occ,103,0.1719,0.1544;0.1640,0.1634,0.1630,33
ISTGNN_PeMSD7_occ,104,0.1790,0.1569;0.1670,0.1676,0.1630,34
ISTGNN_PeMSD7_occ,105,0.1724,0.1552;0.1694,0.1657,0.1630,35
ISTGNN_PeMSD7_occ,106,0.1754,0.1531;0.1640,0.1642,0.1630,36
ISTGNN_PeMSD7_occ,107,0.1740,0.1540;0.1640,0.1640,0.1630,37
ISTGNN_PeMSD7_occ,108,0.1729,0.1524;0.1663,0.1639,0.1630,38
ISTGNN_PeMSD7_occ,109,0.1765,0.1524;0.1643,0.1644,0.1630,39
ISTGNN_PeMSD7_occ,110,0.1728,0.1528;0.1645,0.1634,0.1630,40
ISTGNN_PeMSD7_occ,111,0.1719,0.1536;0.1643,0.1633,0.1630,41
ISTGNN_PeMSD7_occ,112,0.1746,0.1544;0.1662,0.1651,0.1630,42
ISTGNN_PeMSD7_occ,113,0.1725,0.1516;0.1635,0.1625,0.1625,0
ISTGNN_PeMSD7_occ,114,0.1730,0.1539;0.1659,0.1643,0.1625,1
ISTGNN_PeMSD7_occ,115,0.1766,0.1527;0.1634,0.1642,0.1625,2
ISTGNN_PeMSD7_occ,116,0.1717,0.1527;0.1669,0.1638,0.1625,3
ISTGNN_PeMSD7_occ,117,0.1733,0.1526;0.1681,0.1647,0.1625,4
ISTGNN_PeMSD7_occ,118,0.1722,0.1521;0.1631,0.1625,0.1625,5
ISTGNN_PeMSD7_occ,119,0.1715,0.1524;0.1651,0.1630,0.1625,6
ISTGNN_PeMSD7_occ,120,0.1719,0.1535;0.1634,0.1629,0.1625,7
ISTGNN_PeMSD7_occ,121,0.1722,0.1528;0.1640,0.1630,0.1625,8
ISTGNN_PeMSD7_occ,122,0.1733,0.1541;0.1649,0.1641,0.1625,9
ISTGNN_PeMSD7_occ,123,0.1738,0.1532;0.1697,0.1656,0.1625,10
ISTGNN_PeMSD7_occ,124,0.1723,0.1522;0.1638,0.1627,0.1625,11
ISTGNN_PeMSD7_occ,125,0.1724,0.1547;0.1642,0.1638,0.1625,12
ISTGNN_PeMSD7_occ,126,0.1720,0.1535;0.1648,0.1634,0.1625,13
ISTGNN_PeMSD7_occ,127,0.1729,0.1522;0.1646,0.1632,0.1625,14
ISTGNN_PeMSD7_occ,128,0.1744,0.1524;0.1653,0.1641,0.1625,15
ISTGNN_PeMSD7_occ,129,0.1730,0.1528;0.1654,0.1637,0.1625,16
ISTGNN_PeMSD7_occ,130,0.1724,0.1515;0.1642,0.1627,0.1625,17
ISTGNN_PeMSD7_occ,131,0.1710,0.1535;0.1641,0.1629,0.1625,18
ISTGNN_PeMSD7_occ,132,0.1739,0.1522;0.1640,0.1634,0.1625,19
ISTGNN_PeMSD7_occ,133,0.1726,0.1531;0.1654,0.1637,0.1625,20
ISTGNN_PeMSD7_occ,134,0.1716,0.1526;0.1635,0.1626,0.1625,21
ISTGNN_PeMSD7_occ,135,0.1727,0.1518;0.1634,0.1626,0.1625,22
ISTGNN_PeMSD7_occ,136,0.1726,0.1518;0.1663,0.1636,0.1625,23
ISTGNN_PeMSD7_occ,137,0.1739,0.1525;0.1638,0.1634,0.1625,24
ISTGNN_PeMSD7_occ,138,0.1727,0.1523;0.1679,0.1643,0.1625,25
ISTGNN_PeMSD7_occ,139,0.1732,0.1524;0.1657,0.1638,0.1625,26
ISTGNN_PeMSD7_occ,140,0.1748,0.1520;0.1649,0.1639,0.1625,27
ISTGNN_PeMSD7_occ,141,0.1721,0.1545;0.1651,0.1639,0.1625,28
ISTGNN_PeMSD7_occ,142,0.1726,0.1530;0.1632,0.1629,0.1625,29
ISTGNN_PeMSD7_occ,143,0.1754,0.1532;0.1655,0.1647,0.1625,30
ISTGNN_PeMSD7_occ,144,0.1725,0.1519;0.1646,0.1630,0.1625,31
ISTGNN_PeMSD7_occ,145,0.1726,0.1529;0.1662,0.1639,0.1625,32
ISTGNN_PeMSD7_occ,146,0.1734,0.1525;0.1641,0.1633,0.1625,33
ISTGNN_PeMSD7_occ,147,0.1730,0.1534;0.1633,0.1632,0.1625,34
ISTGNN_PeMSD7_occ,148,0.1723,0.1526;0.1637,0.1629,0.1625,35
ISTGNN_PeMSD7_occ,149,0.1722,0.1521;0.1664,0.1636,0.1625,36
ISTGNN_PeMSD7_occ,150,0.1731,0.1527;0.1653,0.1637,0.1625,37
ISTGNN_PeMSD7_occ,151,0.1723,0.1531;0.1661,0.1638,0.1625,38
ISTGNN_PeMSD7_occ,152,0.1722,0.1548;0.1649,0.1640,0.1625,39
ISTGNN_PeMSD7_occ,153,0.1716,0.1538;0.1648,0.1634,0.1625,40
ISTGNN_PeMSD7_occ,154,0.1726,0.1529;0.1645,0.1633,0.1625,41
ISTGNN_PeMSD7_occ,155,0.1709,0.1531;0.1685,0.1641,0.1625,42
ISTGNN_PeMSD7_occ,156,0.1714,0.1538;0.1653,0.1635,0.1625,43
ISTGNN_PeMSD7_occ,157,0.1747,0.1536;0.1703,0.1662,0.1625,44
ISTGNN_PeMSD7_occ,158,0.1720,0.1545;0.1662,0.1642,0.1625,45
ISTGNN_PeMSD7_occ,159,0.1717,0.1528;0.1640,0.1628,0.1625,46
ISTGNN_PeMSD7_occ,160,0.1726,0.1541;0.1654,0.1640,0.1625,47
ISTGNN_PeMSD7_occ,161,0.1729,0.1543;0.1642,0.1638,0.1625,48
ISTGNN_PeMSD7_occ,162,0.1723,0.1530;0.1641,0.1631,0.1625,49
ISTGNN_PeMSD7_occ,163,0.1738,0.1527;0.1644,0.1637,0.1625,50
ISTGNN_PeMS08_flow,1,0.1243,0.1069;0.1226,0.1179,0.1179,0
ISTGNN_PeMS08_flow,2,0.1258,0.1075;0.1188,0.1174,0.1174,0
ISTGNN_PeMS08_flow,3,0.1235,0.1117;0.1184,0.1178,0.1174,1
ISTGNN_PeMS08_flow,4,0.1206,0.1064;0.1200,0.1156,0.1156,0
ISTGNN_PeMS08_flow,5,0.1227,0.1082;0.1240,0.1183,0.1156,1
ISTGNN_PeMS08_flow,6,0.1210,0.1017;0.1181,0.1136,0.1136,0
ISTGNN_PeMS08_flow,7,0.1221,0.1014;0.1170,0.1135,0.1136,1
ISTGNN_PeMS08_flow,8,0.1235,0.1029;0.1162,0.1142,0.1136,2
ISTGNN_PeMS08_flow,9,0.1206,0.1036;0.1165,0.1136,0.1136,3
ISTGNN_PeMS08_flow,10,0.1199,0.1023;0.1161,0.1128,0.1128,0
ISTGNN_PeMS08_flow,11,0.1232,0.1030;0.1180,0.1147,0.1128,1
ISTGNN_PeMS08_flow,12,0.1211,0.1010;0.1207,0.1143,0.1128,2
ISTGNN_PeMS08_flow,13,0.1193,0.1009;0.1174,0.1125,0.1125,0
ISTGNN_PeMS08_flow,14,0.1194,0.1004;0.1165,0.1121,0.1121,0
ISTGNN_PeMS08_flow,15,0.1201,0.1015;0.1170,0.1129,0.1121,1
ISTGNN_PeMS08_flow,16,0.1219,0.1005;0.1158,0.1127,0.1121,2
ISTGNN_PeMS08_flow,17,0.1196,0.1012;0.1180,0.1130,0.1121,3
ISTGNN_PeMS08_flow,18,0.1191,0.1016;0.1162,0.1123,0.1121,4
ISTGNN_PeMS08_flow,19,0.1210,0.1006;0.1169,0.1128,0.1121,5
ISTGNN_PeMS08_flow,20,0.1257,0.1019;0.1168,0.1148,0.1121,6
ISTGNN_PeMS08_flow,21,0.1233,0.1036;0.1151,0.1140,0.1121,7
ISTGNN_PeMS08_flow,22,0.1199,0.1002;0.1148,0.1116,0.1116,0
ISTGNN_PeMS08_flow,23,0.1178,0.1030;0.1159,0.1122,0.1116,1
ISTGNN_PeMS08_flow,24,0.1183,0.1006;0.1154,0.1114,0.1114,0
ISTGNN_PeMS08_flow,25,0.1191,0.1017;0.1140,0.1116,0.1114,1
ISTGNN_PeMS08_flow,26,0.1177,0.1008;0.1141,0.1109,0.1109,0
ISTGNN_PeMS08_flow,27,0.1179,0.1006;0.1184,0.1123,0.1109,1
ISTGNN_PeMS08_flow,28,0.1182,0.0990;0.1171,0.1114,0.1109,2
ISTGNN_PeMS08_flow,29,0.1237,0.1002;0.1133,0.1124,0.1109,3
ISTGNN_PeMS08_flow,30,0.1177,0.0988;0.1144,0.1103,0.1103,0
ISTGNN_PeMS08_flow,31,0.1172,0.0991;0.1151,0.1105,0.1103,1
ISTGNN_PeMS08_flow,32,0.1179,0.0998;0.1134,0.1104,0.1103,2
ISTGNN_PeMS08_flow,33,0.1176,0.0986;0.1175,0.1112,0.1103,3
ISTGNN_PeMS08_flow,34,0.1186,0.0991;0.1129,0.1102,0.1103,4
ISTGNN_PeMS08_flow,35,0.1190,0.1016;0.1158,0.1121,0.1103,5
ISTGNN_PeMS08_flow,36,0.1187,0.0991;0.1132,0.1103,0.1103,6
ISTGNN_PeMS08_flow,37,0.1188,0.0989;0.1141,0.1106,0.1103,7
ISTGNN_PeMS08_flow,38,0.1180,0.0995;0.1140,0.1105,0.1103,8
ISTGNN_PeMS08_flow,39,0.1186,0.1013;0.1125,0.1108,0.1103,9
ISTGNN_PeMS08_flow,40,0.1169,0.0987;0.1135,0.1097,0.1097,0
ISTGNN_PeMS08_flow,41,0.1174,0.0987;0.1154,0.1105,0.1097,1
ISTGNN_PeMS08_flow,42,0.1160,0.0999;0.1130,0.1096,0.1097,2
ISTGNN_PeMS08_flow,43,0.1173,0.0995;0.1138,0.1102,0.1097,3
ISTGNN_PeMS08_flow,44,0.1239,0.1008;0.1171,0.1139,0.1097,4
ISTGNN_PeMS08_flow,45,0.1157,0.0987;0.1161,0.1102,0.1097,5
ISTGNN_PeMS08_flow,46,0.1173,0.1004;0.1133,0.1103,0.1097,6
ISTGNN_PeMS08_flow,47,0.1180,0.0991;0.1155,0.1109,0.1097,7
ISTGNN_PeMS08_flow,48,0.1167,0.0983;0.1125,0.1092,0.1092,0
ISTGNN_PeMS08_flow,49,0.1156,0.0992;0.1150,0.1100,0.1092,1
ISTGNN_PeMS08_flow,50,0.1164,0.1015;0.1175,0.1118,0.1092,2
ISTGNN_PeMS08_flow,51,0.1171,0.0982;0.1125,0.1093,0.1092,3
ISTGNN_PeMS08_flow,52,0.1175,0.1006;0.1118,0.1100,0.1092,4
ISTGNN_PeMS08_flow,53,0.1178,0.0996;0.1119,0.1098,0.1092,5
ISTGNN_PeMS08_flow,54,0.1167,0.0992;0.1126,0.1095,0.1092,6
ISTGNN_PeMS08_flow,55,0.1145,0.0998;0.1117,0.1086,0.1086,0
ISTGNN_PeMS08_flow,56,0.1197,0.0989;0.1119,0.1102,0.1086,1
ISTGNN_PeMS08_flow,57,0.1209,0.1034;0.1116,0.1119,0.1086,2
ISTGNN_PeMS08_flow,58,0.1162,0.0988;0.1112,0.1087,0.1086,3
ISTGNN_PeMS08_flow,59,0.1162,0.0989;0.1138,0.1096,0.1086,4
ISTGNN_PeMS08_flow,60,0.1151,0.0983;0.1115,0.1083,0.1083,0
ISTGNN_PeMS08_flow,61,0.1165,0.0990;0.1120,0.1092,0.1083,1
ISTGNN_PeMS08_flow,62,0.1145,0.0983;0.1113,0.1080,0.1080,0
ISTGNN_PeMS08_flow,63,0.1148,0.1001;0.1114,0.1088,0.1080,1
ISTGNN_PeMS08_flow,64,0.1151,0.0996;0.1112,0.1086,0.1080,2
ISTGNN_PeMS08_flow,65,0.1156,0.0982;0.1116,0.1085,0.1080,3
ISTGNN_PeMS08_flow,66,0.1159,0.0981;0.1113,0.1084,0.1080,4
ISTGNN_PeMS08_flow,67,0.1146,0.0993;0.1120,0.1086,0.1080,5
ISTGNN_PeMS08_flow,68,0.1138,0.0983;0.1111,0.1077,0.1077,0
ISTGNN_PeMS08_flow,69,0.1157,0.0982;0.1110,0.1083,0.1077,1
ISTGNN_PeMS08_flow,70,0.1136,0.0982;0.1140,0.1086,0.1077,2
ISTGNN_PeMS08_flow,71,0.1143,0.0988;0.1126,0.1086,0.1077,3
ISTGNN_PeMS08_flow,72,0.1136,0.0998;0.1125,0.1087,0.1077,4
ISTGNN_PeMS08_flow,73,0.1140,0.1012;0.1113,0.1089,0.1077,5
ISTGNN_PeMS08_flow,74,0.1139,0.1036;0.1115,0.1097,0.1077,6
ISTGNN_PeMS08_flow,75,0.1137,0.0979;0.1111,0.1076,0.1076,0
ISTGNN_PeMS08_flow,76,0.1151,0.0988;0.1129,0.1089,0.1076,1
ISTGNN_PeMS08_flow,77,0.1143,0.0978;0.1126,0.1082,0.1076,2
ISTGNN_PeMS08_flow,78,0.1143,0.0979;0.1114,0.1079,0.1076,3
ISTGNN_PeMS08_flow,79,0.1155,0.0980;0.1125,0.1087,0.1076,4
ISTGNN_PeMS08_flow,80,0.1166,0.0977;0.1114,0.1086,0.1076,5
ISTGNN_PeMS08_flow,81,0.1138,0.0996;0.1115,0.1083,0.1076,6
ISTGNN_PeMS08_flow,82,0.1140,0.0978;0.1109,0.1076,0.1076,7
ISTGNN_PeMS08_flow,83,0.1150,0.0976;0.1133,0.1086,0.1076,8
ISTGNN_PeMS08_flow,84,0.1133,0.0986;0.1109,0.1076,0.1076,9
ISTGNN_PeMS08_flow,85,0.1136,0.1030;0.1115,0.1093,0.1076,10
ISTGNN_PeMS08_flow,86,0.1134,0.0984;0.1113,0.1077,0.1076,11
ISTGNN_PeMS08_flow,87,0.1136,0.0990;0.1126,0.1084,0.1076,12
ISTGNN_PeMS08_flow,88,0.1141,0.1003;0.1117,0.1087,0.1076,13
ISTGNN_PeMS08_flow,89,0.1134,0.0979;0.1130,0.1081,0.1076,14
ISTGNN_PeMS08_flow,90,0.1131,0.0971;0.1109,0.1070,0.1070,0
ISTGNN_PeMS08_flow,91,0.1136,0.0988;0.1107,0.1077,0.1070,1
ISTGNN_PeMS08_flow,92,0.1138,0.0976;0.1104,0.1073,0.1070,2
ISTGNN_PeMS08_flow,93,0.1136,0.0968;0.1109,0.1071,0.1070,3
ISTGNN_PeMS08_flow,94,0.1134,0.1007;0.1111,0.1084,0.1070,4
ISTGNN_PeMS08_flow,95,0.1132,0.0985;0.1103,0.1073,0.1070,5
ISTGNN_PeMS08_flow,96,0.1218,0.0990;0.1102,0.1103,0.1070,6
ISTGNN_PeMS08_flow,97,0.1150,0.0983;0.1113,0.1082,0.1070,7
ISTGNN_PeMS08_flow,98,0.1137,0.0974;0.1106,0.1073,0.1070,8
ISTGNN_PeMS08_flow,99,0.1130,0.0997;0.1107,0.1078,0.1070,9
ISTGNN_PeMS08_flow,100,0.1140,0.0972;0.1113,0.1075,0.1070,10
ISTGNN_PeMS08_flow,101,0.1144,0.0995;0.1103,0.1080,0.1070,11
ISTGNN_PeMS08_flow,102,0.1129,0.0973;0.1168,0.1090,0.1070,12
ISTGNN_PeMS08_flow,103,0.1130,0.0994;0.1104,0.1076,0.1070,13
ISTGNN_PeMS08_flow,104,0.1151,0.0974;0.1106,0.1077,0.1070,14
ISTGNN_PeMS08_flow,105,0.1127,0.0972;0.1126,0.1075,0.1070,15
ISTGNN_PeMS08_flow,106,0.1129,0.0994;0.1109,0.1077,0.1070,16
ISTGNN_PeMS08_flow,107,0.1159,0.0988;0.1115,0.1087,0.1070,17
ISTGNN_PeMS08_flow,108,0.1125,0.0971;0.1106,0.1067,0.1067,0
ISTGNN_PeMS08_flow,109,0.1134,0.0970;0.1108,0.1071,0.1067,1
ISTGNN_PeMS08_flow,110,0.1138,0.0989;0.1108,0.1078,0.1067,2
ISTGNN_PeMS08_flow,111,0.1123,0.0973;0.1108,0.1068,0.1067,3
ISTGNN_PeMS08_flow,112,0.1161,0.0974;0.1101,0.1079,0.1067,4
ISTGNN_PeMS08_flow,113,0.1127,0.0974;0.1117,0.1073,0.1067,5
ISTGNN_PeMS08_flow,114,0.1150,0.0974;0.1103,0.1076,0.1067,6
ISTGNN_PeMS08_flow,115,0.1129,0.0973;0.1103,0.1069,0.1067,7
ISTGNN_PeMS08_flow,116,0.1131,0.0970;0.1113,0.1071,0.1067,8
ISTGNN_PeMS08_flow,117,0.1142,0.0973;0.1117,0.1077,0.1067,9
ISTGNN_PeMS08_flow,118,0.1124,0.0980;0.1099,0.1068,0.1067,10
ISTGNN_PeMS08_flow,119,0.1147,0.0979;0.1116,0.1080,0.1067,11
ISTGNN_PeMS08_flow,120,0.1128,0.0969;0.1115,0.1071,0.1067,12
ISTGNN_PeMS08_flow,121,0.1125,0.0984;0.1109,0.1073,0.1067,13
ISTGNN_PeMS08_flow,122,0.1127,0.0980;0.1122,0.1077,0.1067,14
ISTGNN_PeMS08_flow,123,0.1135,0.1004;0.1123,0.1087,0.1067,15
ISTGNN_PeMS08_flow,124,0.1123,0.0978;0.1101,0.1067,0.1067,16
ISTGNN_PeMS08_flow,125,0.1134,0.0968;0.1110,0.1071,0.1067,17
ISTGNN_PeMS08_flow,126,0.1129,0.0981;0.1102,0.1071,0.1067,18
ISTGNN_PeMS08_flow,127,0.1145,0.0978;0.1106,0.1076,0.1067,19
ISTGNN_PeMS08_flow,128,0.1117,0.0989;0.1101,0.1069,0.1067,20
ISTGNN_PeMS08_flow,129,0.1137,0.0984;0.1102,0.1074,0.1067,21
ISTGNN_PeMS08_flow,130,0.1124,0.0969;0.1099,0.1064,0.1064,0
ISTGNN_PeMS08_flow,131,0.1130,0.0977;0.1110,0.1072,0.1064,1
ISTGNN_PeMS08_flow,132,0.1140,0.0984;0.1102,0.1075,0.1064,2
ISTGNN_PeMS08_flow,133,0.1134,0.1000;0.1103,0.1079,0.1064,3
ISTGNN_PeMS08_flow,134,0.1124,0.0973;0.1103,0.1067,0.1064,4
ISTGNN_PeMS08_flow,135,0.1131,0.0967;0.1102,0.1067,0.1064,5
ISTGNN_PeMS08_flow,136,0.1123,0.0985;0.1105,0.1071,0.1064,6
ISTGNN_PeMS08_flow,137,0.1147,0.0968;0.1098,0.1071,0.1064,7
ISTGNN_PeMS08_flow,138,0.1133,0.0971;0.1100,0.1068,0.1064,8
ISTGNN_PeMS08_flow,139,0.1125,0.0978;0.1113,0.1072,0.1064,9
ISTGNN_PeMS08_flow,140,0.1124,0.0967;0.1108,0.1066,0.1064,10
ISTGNN_PeMS08_flow,141,0.1127,0.0974;0.1112,0.1071,0.1064,11
ISTGNN_PeMS08_flow,142,0.1121,0.0964;0.1104,0.1063,0.1063,0
ISTGNN_PeMS08_flow,143,0.1121,0.0975;0.1100,0.1065,0.1063,1
ISTGNN_PeMS08_flow,144,0.1127,0.0981;0.1114,0.1074,0.1063,2
ISTGNN_PeMS08_flow,145,0.1131,0.0977;0.1114,0.1074,0.1063,3
ISTGNN_PeMS08_flow,146,0.1125,0.0966;0.1103,0.1065,0.1063,4
ISTGNN_PeMS08_flow,147,0.1123,0.0964;0.1102,0.1063,0.1063,5
ISTGNN_PeMS08_flow,148,0.1138,0.0968;0.1104,0.1070,0.1063,6
ISTGNN_PeMS08_flow,149,0.1129,0.0984;0.1103,0.1072,0.1063,7
ISTGNN_PeMS08_flow,150,0.1120,0.0975;0.1097,0.1064,0.1063,8
ISTGNN_PeMS08_flow,151,0.1122,0.0969;0.1102,0.1064,0.1063,9
ISTGNN_PeMS08_flow,152,0.1122,0.0971;0.1101,0.1065,0.1063,10
ISTGNN_PeMS08_flow,153,0.1117,0.0975;0.1102,0.1065,0.1063,11
ISTGNN_PeMS08_flow,154,0.1121,0.0975;0.1127,0.1074,0.1063,12
ISTGNN_PeMS08_flow,155,0.1132,0.0988;0.1104,0.1075,0.1063,13
ISTGNN_PeMS08_flow,156,0.1125,0.0961;0.1103,0.1063,0.1063,14
ISTGNN_PeMS08_flow,157,0.1123,0.0967;0.1105,0.1065,0.1063,15
ISTGNN_PeMS08_flow,158,0.1118,0.0969;0.1099,0.1062,0.1062,0
ISTGNN_PeMS08_flow,159,0.1119,0.0992;0.1102,0.1071,0.1062,1
ISTGNN_PeMS08_flow,160,0.1124,0.0981;0.1095,0.1067,0.1062,2
ISTGNN_PeMS08_flow,161,0.1138,0.0966;0.1097,0.1067,0.1062,3
ISTGNN_PeMS08_flow,162,0.1124,0.0990;0.1097,0.1070,0.1062,4
ISTGNN_PeMS08_flow,163,0.1133,0.0971;0.1108,0.1071,0.1062,5
ISTGNN_PeMS08_flow,164,0.1121,0.0986;0.1099,0.1069,0.1062,6
ISTGNN_PeMS08_flow,165,0.1124,0.0965;0.1095,0.1061,0.1062,7
ISTGNN_PeMS08_flow,166,0.1117,0.0966;0.1098,0.1060,0.1060,0
ISTGNN_PeMS08_flow,167,0.1139,0.0968;0.1106,0.1071,0.1060,1
ISTGNN_PeMS08_flow,168,0.1113,0.0974;0.1114,0.1067,0.1060,2
ISTGNN_PeMS08_flow,169,0.1130,0.0976;0.1103,0.1070,0.1060,3
ISTGNN_PeMS08_flow,170,0.1117,0.0981;0.1098,0.1065,0.1060,4
ISTGNN_PeMS08_flow,171,0.1116,0.0965;0.1100,0.1060,0.1060,5
ISTGNN_PeMS08_flow,172,0.1118,0.0965;0.1113,0.1066,0.1060,6
ISTGNN_PeMS08_flow,173,0.1132,0.0983;0.1102,0.1072,0.1060,7
ISTGNN_PeMS08_flow,174,0.1116,0.0973;0.1133,0.1074,0.1060,8
ISTGNN_PeMS08_flow,175,0.1124,0.0963;0.1102,0.1063,0.1060,9
ISTGNN_PeMS08_flow,176,0.1114,0.0972;0.1115,0.1067,0.1060,10
ISTGNN_PeMS08_flow,177,0.1112,0.0983;0.1098,0.1064,0.1060,11
ISTGNN_PeMS08_flow,178,0.1121,0.0976;0.1119,0.1072,0.1060,12
ISTGNN_PeMS08_flow,179,0.1136,0.0974;0.1098,0.1069,0.1060,13
ISTGNN_PeMS08_flow,180,0.1119,0.0970;0.1101,0.1063,0.1060,14
ISTGNN_PeMS08_flow,181,0.1117,0.0969;0.1110,0.1065,0.1060,15
ISTGNN_PeMS08_flow,182,0.1111,0.0978;0.1097,0.1062,0.1060,16
ISTGNN_PeMS08_flow,183,0.1115,0.0986;0.1112,0.1071,0.1060,17
ISTGNN_PeMS08_flow,184,0.1126,0.0976;0.1111,0.1071,0.1060,18
ISTGNN_PeMS08_flow,185,0.1130,0.0963;0.1100,0.1064,0.1060,19
ISTGNN_PeMS08_flow,186,0.1121,0.0967;0.1094,0.1061,0.1060,20
ISTGNN_PeMS08_flow,187,0.1112,0.0965;0.1109,0.1062,0.1060,21
ISTGNN_PeMS08_flow,188,0.1119,0.0975;0.1096,0.1064,0.1060,22
ISTGNN_PeMS08_flow,189,0.1130,0.0969;0.1102,0.1067,0.1060,23
ISTGNN_PeMS08_flow,190,0.1133,0.0965;0.1099,0.1066,0.1060,24
ISTGNN_PeMS08_flow,191,0.1112,0.0965;0.1097,0.1058,0.1058,0
ISTGNN_PeMS08_flow,192,0.1112,0.0971;0.1105,0.1062,0.1058,1
ISTGNN_PeMS08_flow,193,0.1114,0.0972;0.1099,0.1062,0.1058,2
ISTGNN_PeMS08_flow,194,0.1111,0.0970;0.1100,0.1060,0.1058,3
ISTGNN_PeMS08_flow,195,0.1137,0.0982;0.1107,0.1075,0.1058,4
ISTGNN_PeMS08_flow,196,0.1130,0.0982;0.1102,0.1072,0.1058,5
ISTGNN_PeMS08_flow,197,0.1120,0.0965;0.1118,0.1068,0.1058,6
ISTGNN_PeMS08_flow,198,0.1125,0.0970;0.1099,0.1065,0.1058,7
ISTGNN_PeMS08_flow,199,0.1144,0.0983;0.1095,0.1074,0.1058,8
ISTGNN_PeMS08_flow,200,0.1112,0.0979;0.1094,0.1062,0.1058,9
ISTGNN_PeMS08_flow,201,0.1129,0.0977;0.1100,0.1069,0.1058,10
ISTGNN_PeMS08_flow,202,0.1117,0.0965;0.1141,0.1074,0.1058,11
ISTGNN_PeMS08_flow,203,0.1127,0.0966;0.1098,0.1063,0.1058,12
ISTGNN_PeMS08_flow,204,0.1118,0.0963;0.1100,0.1060,0.1058,13
ISTGNN_PeMS08_flow,205,0.1132,0.0971;0.1094,0.1066,0.1058,14
ISTGNN_PeMS08_flow,206,0.1116,0.0962;0.1101,0.1060,0.1058,15
ISTGNN_PeMS08_flow,207,0.1121,0.0965;0.1093,0.1060,0.1058,16
ISTGNN_PeMS08_flow,208,0.1116,0.1009;0.1100,0.1075,0.1058,17
ISTGNN_PeMS08_flow,209,0.1112,0.0966;0.1097,0.1058,0.1058,18
ISTGNN_PeMS08_flow,210,0.1112,0.0962;0.1094,0.1056,0.1056,0
ISTGNN_PeMS08_flow,211,0.1114,0.0977;0.1093,0.1061,0.1056,1
ISTGNN_PeMS08_flow,212,0.1116,0.0972;0.1103,0.1064,0.1056,2
ISTGNN_PeMS08_flow,213,0.1117,0.0966;0.1097,0.1060,0.1056,3
ISTGNN_PeMS08_flow,214,0.1110,0.0970;0.1096,0.1059,0.1056,4
ISTGNN_PeMS08_flow,215,0.1119,0.0965;0.1094,0.1059,0.1056,5
ISTGNN_PeMS08_flow,216,0.1118,0.0970;0.1095,0.1061,0.1056,6
ISTGNN_PeMS08_flow,217,0.1118,0.0985;0.1102,0.1068,0.1056,7
ISTGNN_PeMS08_flow,218,0.1114,0.0960;0.1097,0.1057,0.1056,8
ISTGNN_PeMS08_flow,219,0.1113,0.0980;0.1099,0.1064,0.1056,9
ISTGNN_PeMS08_flow,220,0.1116,0.0974;0.1125,0.1071,0.1056,10
ISTGNN_PeMS08_flow,221,0.1114,0.0964;0.1106,0.1061,0.1056,11
ISTGNN_PeMS08_flow,222,0.1112,0.0965;0.1103,0.1060,0.1056,12
ISTGNN_PeMS08_flow,223,0.1125,0.0965;0.1105,0.1065,0.1056,13
ISTGNN_PeMS08_flow,224,0.1112,0.0965;0.1097,0.1058,0.1056,14
ISTGNN_PeMS08_flow,225,0.1113,0.0971;0.1108,0.1064,0.1056,15
ISTGNN_PeMS08_flow,226,0.1116,0.0965;0.1103,0.1061,0.1056,16
ISTGNN_PeMS08_flow,227,0.1127,0.0974;0.1100,0.1067,0.1056,17
ISTGNN_PeMS08_flow,228,0.1126,0.0977;0.1099,0.1067,0.1056,18
ISTGNN_PeMS08_flow,229,0.1110,0.0964;0.1095,0.1056,0.1056,19
ISTGNN_PeMS08_flow,230,0.1112,0.0987;0.1107,0.1069,0.1056,20
ISTGNN_PeMS08_flow,231,0.1116,0.0984;0.1094,0.1065,0.1056,21
ISTGNN_PeMS08_flow,232,0.1118,0.0988;0.1098,0.1068,0.1056,22
ISTGNN_PeMS08_flow,233,0.1113,0.0971;0.1102,0.1062,0.1056,23
ISTGNN_PeMS08_flow,234,0.1113,0.0962;0.1099,0.1058,0.1056,24
ISTGNN_PeMS08_flow,235,0.1115,0.0965;0.1102,0.1061,0.1056,25
ISTGNN_PeMS08_flow,236,0.1118,0.0966;0.1103,0.1062,0.1056,26
ISTGNN_PeMS08_flow,237,0.1130,0.0966;0.1095,0.1064,0.1056,27
ISTGNN_PeMS08_flow,238,0.1110,0.0973;0.1111,0.1065,0.1056,28
ISTGNN_PeMS08_flow,239,0.1114,0.0962;0.1094,0.1057,0.1056,29
ISTGNN_PeMS08_flow,240,0.1118,0.0967;0.1102,0.1063,0.1056,30
ISTGNN_PeMS08_flow,241,0.1123,0.0981;0.1101,0.1068,0.1056,31
ISTGNN_PeMS08_flow,242,0.1111,0.0963;0.1103,0.1059,0.1056,32
ISTGNN_PeMS08_flow,243,0.1114,0.0968;0.1093,0.1059,0.1056,33
ISTGNN_PeMS08_flow,244,0.1124,0.0964;0.1119,0.1069,0.1056,34
ISTGNN_PeMS08_flow,245,0.1116,0.0965;0.1106,0.1062,0.1056,35
ISTGNN_PeMS08_flow,246,0.1111,0.0967;0.1100,0.1059,0.1056,36
ISTGNN_PeMS08_flow,247,0.1120,0.0973;0.1109,0.1067,0.1056,37
ISTGNN_PeMS08_flow,248,0.1110,0.0974;0.1096,0.1060,0.1056,38
ISTGNN_PeMS08_flow,249,0.1114,0.0961;0.1098,0.1058,0.1056,39
ISTGNN_PeMS08_flow,250,0.1125,0.0964;0.1097,0.1062,0.1056,40
ISTGNN_PeMS08_flow,251,0.1126,0.0960;0.1091,0.1059,0.1056,41
ISTGNN_PeMS08_flow,252,0.1114,0.0970;0.1096,0.1060,0.1056,42
ISTGNN_PeMS08_flow,253,0.1126,0.0986;0.1109,0.1073,0.1056,43
ISTGNN_PeMS08_flow,254,0.1132,0.0971;0.1095,0.1066,0.1056,44
ISTGNN_PeMS08_flow,255,0.1111,0.0977;0.1110,0.1066,0.1056,45
ISTGNN_PeMS08_flow,256,0.1164,0.0968;0.1100,0.1077,0.1056,46
ISTGNN_PeMS08_flow,257,0.1114,0.0973;0.1093,0.1060,0.1056,47
ISTGNN_PeMS08_flow,258,0.1111,0.0965;0.1091,0.1056,0.1056,48
ISTGNN_PeMS08_flow,259,0.1110,0.0974;0.1114,0.1066,0.1056,49
ISTGNN_PeMS08_flow,260,0.1107,0.0972;0.1101,0.1060,0.1056,50
ISTGNN_PeMS08_speed,1,0.1700,0.1809;0.1760,0.1757,0.1757,0
ISTGNN_PeMS08_speed,2,0.1596,0.1449;0.1801,0.1615,0.1615,0
ISTGNN_PeMS08_speed,3,0.1561,0.1436;0.1797,0.1598,0.1598,0
ISTGNN_PeMS08_speed,4,0.1549,0.1432;0.1761,0.1581,0.1581,0
ISTGNN_PeMS08_speed,5,0.1539,0.1431;0.1780,0.1583,0.1581,1
ISTGNN_PeMS08_speed,6,0.1607,0.1413;0.1752,0.1591,0.1581,2
ISTGNN_PeMS08_speed,7,0.1548,0.1425;0.1758,0.1577,0.1577,0
ISTGNN_PeMS08_speed,8,0.1549,0.1461;0.1798,0.1602,0.1577,1
ISTGNN_PeMS08_speed,9,0.1564,0.1471;0.1748,0.1594,0.1577,2
ISTGNN_PeMS08_speed,10,0.1582,0.1410;0.1753,0.1582,0.1577,3
ISTGNN_PeMS08_speed,11,0.1566,0.1412;0.1750,0.1576,0.1576,0
ISTGNN_PeMS08_speed,12,0.1595,0.1425;0.1763,0.1594,0.1576,1
ISTGNN_PeMS08_speed,13,0.1546,0.1425;0.1756,0.1576,0.1576,2
ISTGNN_PeMS08_speed,14,0.1584,0.1490;0.1748,0.1607,0.1576,3
ISTGNN_PeMS08_speed,15,0.1551,0.1403;0.1768,0.1574,0.1574,0
ISTGNN_PeMS08_speed,16,0.1661,0.1458;0.1752,0.1624,0.1574,1
ISTGNN_PeMS08_speed,17,0.1527,0.1410;0.1747,0.1561,0.1561,0
ISTGNN_PeMS08_speed,18,0.1522,0.1424;0.1741,0.1562,0.1561,1
ISTGNN_PeMS08_speed,19,0.1556,0.1433;0.1751,0.1580,0.1561,2
ISTGNN_PeMS08_speed,20,0.1516,0.1401;0.1750,0.1556,0.1556,0
ISTGNN_PeMS08_speed,21,0.1561,0.1413;0.1734,0.1569,0.1556,1
ISTGNN_PeMS08_speed,22,0.1566,0.1416;0.1747,0.1576,0.1556,2
ISTGNN_PeMS08_speed,23,0.1531,0.1392;0.1777,0.1566,0.1556,3
ISTGNN_PeMS08_speed,24,0.1546,0.1393;0.1728,0.1556,0.1556,4
ISTGNN_PeMS08_speed,25,0.1521,0.1442;0.1753,0.1572,0.1556,5
ISTGNN_PeMS08_speed,26,0.1526,0.1392;0.1764,0.1560,0.1556,6
ISTGNN_PeMS08_speed,27,0.1549,0.1386;0.1728,0.1554,0.1554,0
ISTGNN_PeMS08_speed,28,0.1519,0.1406;0.1745,0.1557,0.1554,1
ISTGNN_PeMS08_speed,29,0.1537,0.1386;0.1722,0.1548,0.1548,0
ISTGNN_PeMS08_speed,30,0.1555,0.1437;0.1747,0.1580,0.1548,1
ISTGNN_PeMS08_speed,31,0.1536,0.1404;0.1727,0.1556,0.1548,2
ISTGNN_PeMS08_speed,32,0.1537,0.1392;0.1740,0.1556,0.1548,3
ISTGNN_PeMS08_speed,33,0.1512,0.1397;0.1728,0.1546,0.1546,0
ISTGNN_PeMS08_speed,34,0.1558,0.1425;0.1737,0.1573,0.1546,1
ISTGNN_PeMS08_speed,35,0.1522,0.1413;0.1727,0.1554,0.1546,2
ISTGNN_PeMS08_speed,36,0.1559,0.1392;0.1722,0.1558,0.1546,3
ISTGNN_PeMS08_speed,37,0.1521,0.1401;0.1728,0.1550,0.1546,4
ISTGNN_PeMS08_speed,38,0.1519,0.1391;0.1715,0.1541,0.1541,0
ISTGNN_PeMS08_speed,39,0.1513,0.1416;0.1800,0.1576,0.1541,1
ISTGNN_PeMS08_speed,40,0.1550,0.1433;0.1773,0.1585,0.1541,2
ISTGNN_PeMS08_speed,41,0.1514,0.1459;0.1732,0.1568,0.1541,3
ISTGNN_PeMS08_speed,42,0.1524,0.1393;0.1733,0.1550,0.1541,4
ISTGNN_PeMS08_speed,43,0.1555,0.1413;0.1716,0.1562,0.1541,5
ISTGNN_PeMS08_speed,44,0.1531,0.1404;0.1812,0.1582,0.1541,6
ISTGNN_PeMS08_speed,45,0.1568,0.1433;0.1736,0.1579,0.1541,7
ISTGNN_PeMS08_speed,46,0.1536,0.1409;0.1750,0.1565,0.1541,8
ISTGNN_PeMS08_speed,47,0.1538,0.1387;0.1733,0.1552,0.1541,9
ISTGNN_PeMS08_speed,48,0.1524,0.1446;0.1789,0.1586,0.1541,10
ISTGNN_PeMS08_speed,49,0.1522,0.1387;0.1764,0.1558,0.1541,11
ISTGNN_PeMS08_speed,50,0.1532,0.1399;0.1728,0.1553,0.1541,12
ISTGNN_PeMS08_speed,51,0.1526,0.1396;0.1726,0.1549,0.1541,13
ISTGNN_PeMS08_speed,52,0.1535,0.1387;0.1753,0.1558,0.1541,14
ISTGNN_PeMS08_speed,53,0.1515,0.1438;0.1731,0.1561,0.1541,15
ISTGNN_PeMS08_speed,54,0.1517,0.1410;0.1733,0.1553,0.1541,16
ISTGNN_PeMS08_speed,55,0.1509,0.1406;0.1740,0.1551,0.1541,17
ISTGNN_PeMS08_speed,56,0.1533,0.1385;0.1723,0.1547,0.1541,18
ISTGNN_PeMS08_speed,57,0.1528,0.1405;0.1721,0.1551,0.1541,19
ISTGNN_PeMS08_speed,58,0.1543,0.1409;0.1728,0.1560,0.1541,20
ISTGNN_PeMS08_speed,59,0.1518,0.1407;0.1768,0.1564,0.1541,21
ISTGNN_PeMS08_speed,60,0.1503,0.1386;0.1729,0.1539,0.1539,0
ISTGNN_PeMS08_speed,61,0.1526,0.1406;0.1738,0.1557,0.1539,1
ISTGNN_PeMS08_speed,62,0.1507,0.1392;0.1717,0.1539,0.1539,2
ISTGNN_PeMS08_speed,63,0.1515,0.1412;0.1742,0.1556,0.1539,3
ISTGNN_PeMS08_speed,64,0.1527,0.1404;0.1727,0.1552,0.1539,4
ISTGNN_PeMS08_speed,65,0.1509,0.1388;0.1724,0.1540,0.1539,5
ISTGNN_PeMS08_speed,66,0.1538,0.1390;0.1722,0.1550,0.1539,6
ISTGNN_PeMS08_speed,67,0.1532,0.1390;0.1724,0.1549,0.1539,7
ISTGNN_PeMS08_speed,68,0.1529,0.1420;0.1739,0.1563,0.1539,8
ISTGNN_PeMS08_speed,69,0.1534,0.1414;0.1723,0.1557,0.1539,9
ISTGNN_PeMS08_speed,70,0.1522,0.1441;0.1716,0.1560,0.1539,10
ISTGNN_PeMS08_speed,71,0.1497,0.1394;0.1732,0.1541,0.1539,11
ISTGNN_PeMS08_speed,72,0.1518,0.1418;0.1729,0.1555,0.1539,12
ISTGNN_PeMS08_speed,73,0.1539,0.1386;0.1727,0.1551,0.1539,13
ISTGNN_PeMS08_speed,74,0.1524,0.1417;0.1714,0.1552,0.1539,14
ISTGNN_PeMS08_speed,75,0.1510,0.1386;0.1757,0.1551,0.1539,15
ISTGNN_PeMS08_speed,76,0.1503,0.1399;0.1723,0.1542,0.1539,16
ISTGNN_PeMS08_speed,77,0.1508,0.1389;0.1724,0.1540,0.1539,17
ISTGNN_PeMS08_speed,78,0.1512,0.1392;0.1726,0.1543,0.1539,18
ISTGNN_PeMS08_speed,79,0.1530,0.1387;0.1747,0.1554,0.1539,19
ISTGNN_PeMS08_speed,80,0.1512,0.1392;0.1732,0.1545,0.1539,20
ISTGNN_PeMS08_speed,81,0.1518,0.1399;0.1731,0.1549,0.1539,21
ISTGNN_PeMS08_speed,82,0.1507,0.1381;0.1726,0.1538,0.1538,0
ISTGNN_PeMS08_speed,83,0.1509,0.1389;0.1720,0.1539,0.1538,1
ISTGNN_PeMS08_speed,84,0.1526,0.1388;0.1723,0.1546,0.1538,2
ISTGNN_PeMS08_speed,85,0.1535,0.1378;0.1724,0.1546,0.1538,3
ISTGNN_PeMS08_speed,86,0.1531,0.1408;0.1723,0.1554,0.1538,4
ISTGNN_PeMS08_speed,87,0.1503,0.1396;0.1721,0.1540,0.1538,5
ISTGNN_PeMS08_speed,88,0.1552,0.1395;0.1730,0.1559,0.1538,6
ISTGNN_PeMS08_speed,89,0.1507,0.1383;0.1725,0.1538,0.1538,7
ISTGNN_PeMS08_speed,90,0.1524,0.1401;0.1732,0.1552,0.1538,8
ISTGNN_PeMS08_speed,91,0.1515,0.1385;0.1761,0.1554,0.1538,9
ISTGNN_PeMS08_speed,92,0.1527,0.1407;0.1732,0.1555,0.1538,10
ISTGNN_PeMS08_speed,93,0.1514,0.1392;0.1729,0.1545,0.1538,11
ISTGNN_PeMS08_speed,94,0.1509,0.1382;0.1737,0.1543,0.1538,12
ISTGNN_PeMS08_speed,95,0.1533,0.1397;0.1754,0.1562,0.1538,13
ISTGNN_PeMS08_speed,96,0.1520,0.1441;0.1731,0.1564,0.1538,14
ISTGNN_PeMS08_speed,97,0.1507,0.1411;0.1737,0.1552,0.1538,15
ISTGNN_PeMS08_speed,98,0.1510,0.1388;0.1735,0.1544,0.1538,16
ISTGNN_PeMS08_speed,99,0.1522,0.1399;0.1737,0.1553,0.1538,17
ISTGNN_PeMS08_speed,100,0.1511,0.1399;0.1724,0.1545,0.1538,18
ISTGNN_PeMS08_speed,101,0.1515,0.1386;0.1738,0.1546,0.1538,19
ISTGNN_PeMS08_speed,102,0.1524,0.1381;0.1724,0.1543,0.1538,20
ISTGNN_PeMS08_speed,103,0.1521,0.1413;0.1721,0.1552,0.1538,21
ISTGNN_PeMS08_speed,104,0.1508,0.1381;0.1741,0.1543,0.1538,22
ISTGNN_PeMS08_speed,105,0.1506,0.1415;0.1716,0.1546,0.1538,23
ISTGNN_PeMS08_speed,106,0.1530,0.1403;0.1717,0.1550,0.1538,24
ISTGNN_PeMS08_speed,107,0.1509,0.1404;0.1752,0.1555,0.1538,25
ISTGNN_PeMS08_speed,108,0.1499,0.1397;0.1729,0.1542,0.1538,26
ISTGNN_PeMS08_speed,109,0.1539,0.1420;0.1720,0.1559,0.1538,27
ISTGNN_PeMS08_speed,110,0.1506,0.1393;0.1741,0.1547,0.1538,28
ISTGNN_PeMS08_speed,111,0.1508,0.1387;0.1753,0.1549,0.1538,29
ISTGNN_PeMS08_speed,112,0.1510,0.1402;0.1736,0.1550,0.1538,30
ISTGNN_PeMS08_speed,113,0.1503,0.1391;0.1729,0.1541,0.1538,31
ISTGNN_PeMS08_speed,114,0.1520,0.1386;0.1732,0.1546,0.1538,32
ISTGNN_PeMS08_speed,115,0.1509,0.1420;0.1723,0.1551,0.1538,33
ISTGNN_PeMS08_speed,116,0.1499,0.1390;0.1721,0.1536,0.1536,0
ISTGNN_PeMS08_speed,117,0.1513,0.1388;0.1718,0.1540,0.1536,1
ISTGNN_PeMS08_speed,118,0.1534,0.1424;0.1733,0.1564,0.1536,2
ISTGNN_PeMS08_speed,119,0.1534,0.1387;0.1729,0.1550,0.1536,3
ISTGNN_PeMS08_speed,120,0.1525,0.1387;0.1726,0.1546,0.1536,4
ISTGNN_PeMS08_speed,121,0.1517,0.1380;0.1727,0.1541,0.1536,5
ISTGNN_PeMS08_speed,122,0.1521,0.1394;0.1733,0.1550,0.1536,6
ISTGNN_PeMS08_speed,123,0.1503,0.1427;0.1726,0.1552,0.1536,7
ISTGNN_PeMS08_speed,124,0.1519,0.1387;0.1724,0.1544,0.1536,8
ISTGNN_PeMS08_speed,125,0.1536,0.1381;0.1719,0.1545,0.1536,9
ISTGNN_PeMS08_speed,126,0.1515,0.1386;0.1725,0.1542,0.1536,10
ISTGNN_PeMS08_speed,127,0.1537,0.1400;0.1730,0.1556,0.1536,11
ISTGNN_PeMS08_speed,128,0.1502,0.1399;0.1744,0.1548,0.1536,12
ISTGNN_PeMS08_speed,129,0.1512,0.1393;0.1721,0.1542,0.1536,13
ISTGNN_PeMS08_speed,130,0.1517,0.1421;0.1734,0.1557,0.1536,14
ISTGNN_PeMS08_speed,131,0.1522,0.1396;0.1742,0.1553,0.1536,15
ISTGNN_PeMS08_speed,132,0.1504,0.1399;0.1753,0.1552,0.1536,16
ISTGNN_PeMS08_speed,133,0.1521,0.1419;0.1746,0.1562,0.1536,17
ISTGNN_PeMS08_speed,134,0.1513,0.1385;0.1735,0.1544,0.1536,18
ISTGNN_PeMS08_speed,135,0.1511,0.1408;0.1739,0.1553,0.1536,19
ISTGNN_PeMS08_speed,136,0.1516,0.1405;0.1731,0.1551,0.1536,20
ISTGNN_PeMS08_speed,137,0.1511,0.1408;0.1736,0.1552,0.1536,21
ISTGNN_PeMS08_speed,138,0.1547,0.1402;0.1738,0.1563,0.1536,22
ISTGNN_PeMS08_speed,139,0.1507,0.1398;0.1733,0.1546,0.1536,23
ISTGNN_PeMS08_speed,140,0.1527,0.1442;0.1726,0.1565,0.1536,24
ISTGNN_PeMS08_speed,141,0.1506,0.1404;0.1744,0.1551,0.1536,25
ISTGNN_PeMS08_speed,142,0.1517,0.1387;0.1740,0.1548,0.1536,26
ISTGNN_PeMS08_speed,143,0.1507,0.1385;0.1723,0.1539,0.1536,27
ISTGNN_PeMS08_speed,144,0.1509,0.1405;0.1748,0.1554,0.1536,28
ISTGNN_PeMS08_speed,145,0.1498,0.1391;0.1750,0.1546,0.1536,29
ISTGNN_PeMS08_speed,146,0.1510,0.1390;0.1774,0.1558,0.1536,30
ISTGNN_PeMS08_speed,147,0.1522,0.1401;0.1740,0.1554,0.1536,31
ISTGNN_PeMS08_speed,148,0.1553,0.1392;0.1746,0.1564,0.1536,32
ISTGNN_PeMS08_speed,149,0.1502,0.1415;0.1746,0.1554,0.1536,33
ISTGNN_PeMS08_speed,150,0.1526,0.1389;0.1733,0.1549,0.1536,34
ISTGNN_PeMS08_speed,151,0.1518,0.1390;0.1739,0.1549,0.1536,35
ISTGNN_PeMS08_speed,152,0.1514,0.1402;0.1736,0.1551,0.1536,36
ISTGNN_PeMS08_speed,153,0.1513,0.1379;0.1741,0.1544,0.1536,37
ISTGNN_PeMS08_speed,154,0.1506,0.1389;0.1723,0.1540,0.1536,38
ISTGNN_PeMS08_speed,155,0.1519,0.1384;0.1741,0.1548,0.1536,39
ISTGNN_PeMS08_speed,156,0.1522,0.1380;0.1730,0.1544,0.1536,40
ISTGNN_PeMS08_speed,157,0.1519,0.1402;0.1738,0.1553,0.1536,41
ISTGNN_PeMS08_speed,158,0.1521,0.1393;0.1746,0.1554,0.1536,42
ISTGNN_PeMS08_speed,159,0.1499,0.1379;0.1768,0.1549,0.1536,43
ISTGNN_PeMS08_speed,160,0.1524,0.1391;0.1737,0.1551,0.1536,44
ISTGNN_PeMS08_speed,161,0.1520,0.1400;0.1755,0.1558,0.1536,45
ISTGNN_PeMS08_speed,162,0.1506,0.1426;0.1746,0.1559,0.1536,46
ISTGNN_PeMS08_speed,163,0.1513,0.1394;0.1725,0.1544,0.1536,47
ISTGNN_PeMS08_speed,164,0.1506,0.1424;0.1733,0.1554,0.1536,48
ISTGNN_PeMS08_speed,165,0.1499,0.1399;0.1723,0.1540,0.1536,49
ISTGNN_PeMS08_speed,166,0.1511,0.1392;0.1761,0.1555,0.1536,50
ISTGNN_PeMS08_occ,1,0.1417,0.1468;0.1584,0.1489,0.1489,0
ISTGNN_PeMS08_occ,2,0.1443,0.1401;0.1593,0.1479,0.1479,0
ISTGNN_PeMS08_occ,3,0.1373,0.1443;0.1557,0.1458,0.1458,0
ISTGNN_PeMS08_occ,4,0.1384,0.1370;0.1551,0.1435,0.1435,0
ISTGNN_PeMS08_occ,5,0.1359,0.1382;0.1586,0.1442,0.1435,1
ISTGNN_PeMS08_occ,6,0.1406,0.1371;0.1546,0.1441,0.1435,2
ISTGNN_PeMS08_occ,7,0.1394,0.1423;0.1544,0.1454,0.1435,3
ISTGNN_PeMS08_occ,8,0.1367,0.1410;0.1549,0.1442,0.1435,4
ISTGNN_PeMS08_occ,9,0.1348,0.1367;0.1534,0.1416,0.1416,0
ISTGNN_PeMS08_occ,10,0.1395,0.1377;0.1556,0.1443,0.1416,1
ISTGNN_PeMS08_occ,11,0.1351,0.1355;0.1548,0.1418,0.1416,2
ISTGNN_PeMS08_occ,12,0.1359,0.1358;0.1548,0.1422,0.1416,3
ISTGNN_PeMS08_occ,13,0.1344,0.1362;0.1547,0.1418,0.1416,4
ISTGNN_PeMS08_occ,14,0.1353,0.1377;0.1545,0.1425,0.1416,5
ISTGNN_PeMS08_occ,15,0.1344,0.1356;0.1539,0.1413,0.1413,0
ISTGNN_PeMS08_occ,16,0.1355,0.1364;0.1535,0.1418,0.1413,1
ISTGNN_PeMS08_occ,17,0.1353,0.1373;0.1534,0.1420,0.1413,2
ISTGNN_PeMS08_occ,18,0.1340,0.1349;0.1555,0.1415,0.1413,3
ISTGNN_PeMS08_occ,19,0.1329,0.1365;0.1557,0.1417,0.1413,4
ISTGNN_PeMS08_occ,20,0.1335,0.1371;0.1605,0.1437,0.1413,5
ISTGNN_PeMS08_occ,21,0.1329,0.1385;0.1530,0.1415,0.1413,6
ISTGNN_PeMS08_occ,22,0.1339,0.1386;0.1568,0.1431,0.1413,7
ISTGNN_PeMS08_occ,23,0.1362,0.1385;0.1530,0.1426,0.1413,8
ISTGNN_PeMS08_occ,24,0.1352,0.1413;0.1519,0.1428,0.1413,9
ISTGNN_PeMS08_occ,25,0.1327,0.1346;0.1542,0.1405,0.1405,0
ISTGNN_PeMS08_occ,26,0.1490,0.1358;0.1533,0.1461,0.1405,1
ISTGNN_PeMS08_occ,27,0.1406,0.1345;0.1539,0.1430,0.1405,2
ISTGNN_PeMS08_occ,28,0.1338,0.1486;0.1533,0.1452,0.1405,3
ISTGNN_PeMS08_occ,29,0.1376,0.1363;0.1588,0.1442,0.1405,4
ISTGNN_PeMS08_occ,30,0.1360,0.1397;0.1543,0.1434,0.1405,5
ISTGNN_PeMS08_occ,31,0.1323,0.1359;0.1540,0.1407,0.1405,6
ISTGNN_PeMS08_occ,32,0.1343,0.1352;0.1540,0.1412,0.1405,7
ISTGNN_PeMS08_occ,33,0.1349,0.1355;0.1534,0.1413,0.1405,8
ISTGNN_PeMS08_occ,34,0.1343,0.1342;0.1530,0.1405,0.1405,9
ISTGNN_PeMS08_occ,35,0.1330,0.1349;0.1545,0.1408,0.1405,10
ISTGNN_PeMS08_occ,36,0.1362,0.1362;0.1519,0.1415,0.1405,11
ISTGNN_PeMS08_occ,37,0.1336,0.1358;0.1555,0.1416,0.1405,12
ISTGNN_PeMS08_occ,38,0.1326,0.1353;0.1533,0.1404,0.1404,0
ISTGNN_PeMS08_occ,39,0.1337,0.1369;0.1541,0.1415,0.1404,1
ISTGNN_PeMS08_occ,40,0.1325,0.1423;0.1535,0.1428,0.1404,2
ISTGNN_PeMS08_occ,41,0.1323,0.1362;0.1515,0.1400,0.1400,0
ISTGNN_PeMS08_occ,42,0.1325,0.1342;0.1516,0.1394,0.1394,0
ISTGNN_PeMS08_occ,43,0.1329,0.1352;0.1535,0.1405,0.1394,1
ISTGNN_PeMS08_occ,44,0.1337,0.1350;0.1570,0.1419,0.1394,2
ISTGNN_PeMS08_occ,45,0.1347,0.1336;0.1522,0.1402,0.1394,3
ISTGNN_PeMS08_occ,46,0.1409,0.1352;0.1521,0.1427,0.1394,4
ISTGNN_PeMS08_occ,47,0.1350,0.1359;0.1521,0.1410,0.1394,5
ISTGNN_PeMS08_occ,48,0.1327,0.1357;0.1550,0.1411,0.1394,6
ISTGNN_PeMS08_occ,49,0.1386,0.1438;0.1515,0.1446,0.1394,7
ISTGNN_PeMS08_occ,50,0.1367,0.1370;0.1544,0.1427,0.1394,8
ISTGNN_PeMS08_occ,51,0.1346,0.1351;0.1535,0.1411,0.1394,9
ISTGNN_PeMS08_occ,52,0.1320,0.1378;0.1537,0.1412,0.1394,10
ISTGNN_PeMS08_occ,53,0.1352,0.1413;0.1531,0.1432,0.1394,11
ISTGNN_PeMS08_occ,54,0.1331,0.1365;0.1534,0.1410,0.1394,12
ISTGNN_PeMS08_occ,55,0.1321,0.1385;0.1523,0.1410,0.1394,13
ISTGNN_PeMS08_occ,56,0.1320,0.1330;0.1605,0.1418,0.1394,14
ISTGNN_PeMS08_occ,57,0.1329,0.1363;0.1524,0.1405,0.1394,15
ISTGNN_PeMS08_occ,58,0.1336,0.1344;0.1539,0.1407,0.1394,16
ISTGNN_PeMS08_occ,59,0.1354,0.1363;0.1520,0.1412,0.1394,17
ISTGNN_PeMS08_occ,60,0.1321,0.1361;0.1523,0.1401,0.1394,18
ISTGNN_PeMS08_occ,61,0.1323,0.1333;0.1525,0.1394,0.1394,19
ISTGNN_PeMS08_occ,62,0.1329,0.1374;0.1539,0.1414,0.1394,20
ISTGNN_PeMS08_occ,63,0.1370,0.1333;0.1528,0.1410,0.1394,21
ISTGNN_PeMS08_occ,64,0.1349,0.1367;0.1520,0.1412,0.1394,22
ISTGNN_PeMS08_occ,65,0.1312,0.1342;0.1526,0.1393,0.1393,0
ISTGNN_PeMS08_occ,66,0.1313,0.1361;0.1511,0.1395,0.1393,1
ISTGNN_PeMS08_occ,67,0.1329,0.1411;0.1563,0.1434,0.1393,2
ISTGNN_PeMS08_occ,68,0.1321,0.1332;0.1533,0.1395,0.1393,3
ISTGNN_PeMS08_occ,69,0.1320,0.1339;0.1523,0.1394,0.1393,4
ISTGNN_PeMS08_occ,70,0.1333,0.1363;0.1512,0.1403,0.1393,5
ISTGNN_PeMS08_occ,71,0.1313,0.1392;0.1545,0.1417,0.1393,6
ISTGNN_PeMS08_occ,72,0.1318,0.1375;0.1521,0.1405,0.1393,7
ISTGNN_PeMS08_occ,73,0.1327,0.1334;0.1514,0.1391,0.1391,0
ISTGNN_PeMS08_occ,74,0.1319,0.1370;0.1532,0.1407,0.1391,1
ISTGNN_PeMS08_occ,75,0.1328,0.1333;0.1527,0.1396,0.1391,2
ISTGNN_PeMS08_occ,76,0.1323,0.1364;0.1514,0.1400,0.1391,3
ISTGNN_PeMS08_occ,77,0.1318,0.1351;0.1543,0.1404,0.1391,4
ISTGNN_PeMS08_occ,78,0.1301,0.1367;0.1509,0.1392,0.1391,5
ISTGNN_PeMS08_occ,79,0.1343,0.1358;0.1518,0.1406,0.1391,6
ISTGNN_PeMS08_occ,80,0.1323,0.1382;0.1517,0.1407,0.1391,7
ISTGNN_PeMS08_occ,81,0.1303,0.1369;0.1512,0.1395,0.1391,8
ISTGNN_PeMS08_occ,82,0.1325,0.1344;0.1508,0.1392,0.1391,9
ISTGNN_PeMS08_occ,83,0.1365,0.1351;0.1510,0.1409,0.1391,10
ISTGNN_PeMS08_occ,84,0.1362,0.1351;0.1519,0.1411,0.1391,11
ISTGNN_PeMS08_occ,85,0.1329,0.1336;0.1515,0.1393,0.1391,12
ISTGNN_PeMS08_occ,86,0.1318,0.1343;0.1507,0.1389,0.1389,0
ISTGNN_PeMS08_occ,87,0.1322,0.1335;0.1516,0.1391,0.1389,1
ISTGNN_PeMS08_occ,88,0.1335,0.1353;0.1514,0.1401,0.1389,2
ISTGNN_PeMS08_occ,89,0.1313,0.1350;0.1517,0.1393,0.1389,3
ISTGNN_PeMS08_occ,90,0.1344,0.1356;0.1511,0.1404,0.1389,4
ISTGNN_PeMS08_occ,91,0.1331,0.1340;0.1550,0.1407,0.1389,5
ISTGNN_PeMS08_occ,92,0.1339,0.1342;0.1511,0.1397,0.1389,6
ISTGNN_PeMS08_occ,93,0.1380,0.1362;0.1530,0.1424,0.1389,7
ISTGNN_PeMS08_occ,94,0.1332,0.1337;0.1509,0.1393,0.1389,8
ISTGNN_PeMS08_occ,95,0.1328,0.1346;0.1515,0.1396,0.1389,9
ISTGNN_PeMS08_occ,96,0.1319,0.1351;0.1514,0.1394,0.1389,10
ISTGNN_PeMS08_occ,97,0.1308,0.1347;0.1535,0.1397,0.1389,11
ISTGNN_PeMS08_occ,98,0.1319,0.1346;0.1518,0.1394,0.1389,12
ISTGNN_PeMS08_occ,99,0.1330,0.1346;0.1511,0.1396,0.1389,13
ISTGNN_PeMS08_occ,100,0.1341,0.1343;0.1533,0.1406,0.1389,14
ISTGNN_PeMS08_occ,101,0.1329,0.1361;0.1510,0.1400,0.1389,15
ISTGNN_PeMS08_occ,102,0.1309,0.1364;0.1576,0.1416,0.1389,16
ISTGNN_PeMS08_occ,103,0.1334,0.1354;0.1515,0.1401,0.1389,17
ISTGNN_PeMS08_occ,104,0.1327,0.1346;0.1508,0.1394,0.1389,18
ISTGNN_PeMS08_occ,105,0.1331,0.1358;0.1522,0.1404,0.1389,19
ISTGNN_PeMS08_occ,106,0.1309,0.1344;0.1563,0.1406,0.1389,20
ISTGNN_PeMS08_occ,107,0.1309,0.1345;0.1522,0.1392,0.1389,21
ISTGNN_PeMS08_occ,108,0.1330,0.1358;0.1535,0.1408,0.1389,22
ISTGNN_PeMS08_occ,109,0.1331,0.1367;0.1529,0.1409,0.1389,23
ISTGNN_PeMS08_occ,110,0.1321,0.1351;0.1546,0.1406,0.1389,24
ISTGNN_PeMS08_occ,111,0.1353,0.1384;0.1555,0.1431,0.1389,25
ISTGNN_PeMS08_occ,112,0.1316,0.1338;0.1519,0.1391,0.1389,26
ISTGNN_PeMS08_occ,113,0.1357,0.1353;0.1551,0.1420,0.1389,27
ISTGNN_PeMS08_occ,114,0.1319,0.1377;0.1540,0.1412,0.1389,28
ISTGNN_PeMS08_occ,115,0.1325,0.1354;0.1515,0.1398,0.1389,29
ISTGNN_PeMS08_occ,116,0.1311,0.1340;0.1551,0.1401,0.1389,30
ISTGNN_PeMS08_occ,117,0.1321,0.1377;0.1547,0.1415,0.1389,31
ISTGNN_PeMS08_occ,118,0.1324,0.1346;0.1521,0.1397,0.1389,32
ISTGNN_PeMS08_occ,119,0.1299,0.1334;0.1511,0.1381,0.1381,0
ISTGNN_PeMS08_occ,120,0.1341,0.1337;0.1512,0.1397,0.1381,1
ISTGNN_PeMS08_occ,121,0.1332,0.1340;0.1542,0.1405,0.1381,2
ISTGNN_PeMS08_occ,122,0.1314,0.1347;0.1511,0.1390,0.1381,3
ISTGNN_PeMS08_occ,123,0.1310,0.1370;0.1523,0.1401,0.1381,4
ISTGNN_PeMS08_occ,124,0.1310,0.1375;0.1524,0.1403,0.1381,5
ISTGNN_PeMS08_occ,125,0.1315,0.1338;0.1524,0.1392,0.1381,6
ISTGNN_PeMS08_occ,126,0.1317,0.1347;0.1533,0.1399,0.1381,7
ISTGNN_PeMS08_occ,127,0.1333,0.1356;0.1545,0.1411,0.1381,8
ISTGNN_PeMS08_occ,128,0.1315,0.1346;0.1519,0.1393,0.1381,9
ISTGNN_PeMS08_occ,129,0.1324,0.1356;0.1510,0.1397,0.1381,10
ISTGNN_PeMS08_occ,130,0.1310,0.1365;0.1542,0.1406,0.1381,11
ISTGNN_PeMS08_occ,131,0.1321,0.1346;0.1533,0.1400,0.1381,12
ISTGNN_PeMS08_occ,132,0.1352,0.1348;0.1516,0.1406,0.1381,13
ISTGNN_PeMS08_occ,133,0.1332,0.1404;0.1535,0.1424,0.1381,14
ISTGNN_PeMS08_occ,134,0.1342,0.1348;0.1527,0.1406,0.1381,15
ISTGNN_PeMS08_occ,135,0.1323,0.1347;0.1520,0.1397,0.1381,16
ISTGNN_PeMS08_occ,136,0.1331,0.1367;0.1520,0.1406,0.1381,17
ISTGNN_PeMS08_occ,137,0.1329,0.1367;0.1547,0.1415,0.1381,18
ISTGNN_PeMS08_occ,138,0.1313,0.1343;0.1554,0.1403,0.1381,19
ISTGNN_PeMS08_occ,139,0.1330,0.1347;0.1581,0.1419,0.1381,20
ISTGNN_PeMS08_occ,140,0.1319,0.1353;0.1531,0.1401,0.1381,21
ISTGNN_PeMS08_occ,141,0.1309,0.1354;0.1512,0.1392,0.1381,22
ISTGNN_PeMS08_occ,142,0.1346,0.1358;0.1516,0.1407,0.1381,23
ISTGNN_PeMS08_occ,143,0.1334,0.1354;0.1522,0.1403,0.1381,24
ISTGNN_PeMS08_occ,144,0.1329,0.1355;0.1520,0.1401,0.1381,25
ISTGNN_PeMS08_occ,145,0.1334,0.1377;0.1535,0.1415,0.1381,26
ISTGNN_PeMS08_occ,146,0.1343,0.1347;0.1533,0.1408,0.1381,27
ISTGNN_PeMS08_occ,147,0.1331,0.1354;0.1508,0.1398,0.1381,28
ISTGNN_PeMS08_occ,148,0.1319,0.1350;0.1550,0.1406,0.1381,29
ISTGNN_PeMS08_occ,149,0.1337,0.1363;0.1518,0.1406,0.1381,30
ISTGNN_PeMS08_occ,150,0.1325,0.1345;0.1514,0.1395,0.1381,31
ISTGNN_PeMS08_occ,151,0.1323,0.1392;0.1513,0.1409,0.1381,32
ISTGNN_PeMS08_occ,152,0.1339,0.1343;0.1515,0.1399,0.1381,33
ISTGNN_PeMS08_occ,153,0.1363,0.1352;0.1513,0.1409,0.1381,34
ISTGNN_PeMS08_occ,154,0.1334,0.1344;0.1553,0.1410,0.1381,35
ISTGNN_PeMS08_occ,155,0.1324,0.1360;0.1534,0.1406,0.1381,36
ISTGNN_PeMS08_occ,156,0.1351,0.1364;0.1518,0.1411,0.1381,37
ISTGNN_PeMS08_occ,157,0.1342,0.1352;0.1520,0.1405,0.1381,38
ISTGNN_PeMS08_occ,158,0.1329,0.1371;0.1532,0.1410,0.1381,39
ISTGNN_PeMS08_occ,159,0.1346,0.1352;0.1551,0.1416,0.1381,40
ISTGNN_PeMS08_occ,160,0.1333,0.1360;0.1512,0.1402,0.1381,41
ISTGNN_PeMS08_occ,161,0.1316,0.1366;0.1525,0.1402,0.1381,42
ISTGNN_PeMS08_occ,162,0.1342,0.1360;0.1539,0.1414,0.1381,43
ISTGNN_PeMS08_occ,163,0.1352,0.1401;0.1537,0.1430,0.1381,44
ISTGNN_PeMS08_occ,164,0.1322,0.1378;0.1519,0.1406,0.1381,45
ISTGNN_PeMS08_occ,165,0.1338,0.1348;0.1523,0.1403,0.1381,46
ISTGNN_PeMS08_occ,166,0.1323,0.1356;0.1529,0.1403,0.1381,47
ISTGNN_PeMS08_occ,167,0.1321,0.1346;0.1517,0.1395,0.1381,48
ISTGNN_PeMS08_occ,168,0.1330,0.1354;0.1523,0.1402,0.1381,49
ISTGNN_PeMS08_occ,169,0.1322,0.1374;0.1516,0.1404,0.1381,50
